customer_id,customer_full_name,customer_email,customer_phone,country,region,gender,date_of_birth,created_at,updated_at
CUST-00001,Lucas Varga,lucas.varga_1@libero.it,+38 328 242 2679,Spain,EU,M,1987-07-02,2022-01-31,2022-01-31
CUST-00002,Charlie Hughes,charlie.hughes_2@outlook.com,+44 7674 303 9928,United Kingdom,UK,F,1978-10-09,2022-01-07,2022-01-07
CUST-00003,Niklas Wojcik,niklas.wojcik_3@web.de,+41 384 259 4527,Denmark,EU,M,1955-07-04,2023-01-03,2023-01-03
CUST-00004,Sophie Jansen,sophie.jansen_4@gmail.com,+45 649 227 7201,Germany,EU,M,2003-11-20,2023-01-06,2023-01-06
CUST-00005,Marco Dubois,marco.dubois_5@yahoo.fr,+38 891 396 2307,Germany,EU,M,1974-05-15,2023-10-13,2023-10-13
CUST-00006,Niklas Hansen,niklas.hansen_6@libero.it,+37 786 373 2169,Italy,EU,F,1984-12-08,2022-06-17,2022-06-17
CUST-00007,Muhammad Wood,muhammad.wood_7@yahoo.co.uk,+44 7801 432 1916,United Kingdom,UK,M,2001-06-13,2022-10-02,2022-10-02
CUST-00008,Harper Clark,harper.clark_8@outlook.com,+44 7317 771 9179,United Kingdom,UK,F,1959-05-05,2022-09-10,2022-09-10
CUST-00009,Julia Jansen,julia.jansen_9@yahoo.fr,+44 697 508 6930,Austria,EU,F,1982-08-03,2024-02-13,2024-02-13
CUST-00010,Harry Brown,harry.brown_10@gmail.com,+44 7911 796 7916,United Kingdom,UK,F,1974-10-15,2023-06-26,2023-06-26
CUST-00011,Amelia Smith,amelia.smith_11@hotmail.co.uk,+44 7798 649 5371,United Kingdom,UK,M,1968-07-06,2023-04-10,2023-04-10
CUST-00012,Richard Lewis,richard.lewis_12@gmail.com,+44 7612 880 3927,United Kingdom,UK,M,2003-11-17,2023-09-16,2023-09-16
CUST-00013,Emma Davies,emma.davies_13@gmail.com,+44 7713 431 9005,United Kingdom,UK,M,1973-05-08,2022-03-01,2022-03-01
CUST-00014,Harper Williams,harper.williams_14@yahoo.co.uk,+44 7849 597 2133,United Kingdom,UK,F,1992-08-18,2022-06-19,2022-06-19
CUST-00015,Evelyn Robinson,evelyn.robinson_15@hotmail.co.uk,+44 7652 873 4295,United Kingdom,UK,F,1992-11-12,2023-03-25,2023-03-25
CUST-00016,Mia Martin,mia.martin_16@libero.it,+38 165 446 1344,Belgium,EU,F,1987-04-01,2022-03-14,2022-03-14
CUST-00017,Liam Bianchi,liam.bianchi_17@libero.it,+32 980 438 2160,France,EU,F,1967-11-16,2022-08-08,2022-08-08
CUST-00018,Richard Green,richard.green_18@outlook.com,+44 7348 903 8749,Ireland,UK,F,1956-02-22,2023-03-18,2023-03-18
CUST-00019,Isabella Thompson,isabella.thompson_19@gmail.com,+44 7789 769 2612,United Kingdom,UK,F,1996-06-26,2022-04-22,2022-04-22
CUST-00020,Noah Edwards,noah.edwards_20@hotmail.co.uk,+44 7243 532 4006,Ireland,UK,F,1965-02-15,2023-07-18,2023-07-18
CUST-00021,Daniel Edwards,daniel.edwards_21@yahoo.co.uk,+44 7195 871 4872,United Kingdom,UK,F,1981-08-07,2023-02-15,2023-02-15
CUST-00022,Niklas Nygard,niklas.nygard_22@web.de,+43 371 902 8454,Germany,EU,F,1994-12-26,2023-07-24,2023-07-24
CUST-00023,Elena Bernard,elena.bernard_23@gmail.com,+40 322 159 9883,Belgium,EU,M,1953-01-19,2023-05-04,2023-05-04
CUST-00024,Emily Davies,emily.davies_24@gmail.com,+44 7620 182 4044,United Kingdom,UK,M,1993-04-13,2022-05-03,2022-05-03
CUST-00025,Camille Bianchi,camille.bianchi_25@libero.it,+32 734 183 7868,Austria,EU,M,1966-04-22,2024-01-04,2024-01-04
CUST-00026,Muhammad Wright,muhammad.wright_26@outlook.com,+44 7787 760 5915,United Kingdom,UK,M,1998-02-01,2023-04-15,2023-04-15
CUST-00027,Camille Martin,camille.martin_27@yahoo.fr,+48 318 618 5345,France,EU,M,1954-04-12,2022-10-19,2022-10-19
CUST-00028,Amelia Clark,amelia.clark_28@gmail.com,+44 7726 926 9666,United Kingdom,UK,M,1992-02-05,2022-09-28,2022-09-28
CUST-00029,Harry Lewis,harry.lewis_29@hotmail.co.uk,+44 7378 388 4450,United Kingdom,UK,F,1993-11-28,2022-09-28,2022-09-28
CUST-00030,Muhammad Jones,muhammad.jones_30@gmail.com,+44 7749 533 5533,United Kingdom,UK,M,1971-03-21,2022-09-26,2022-09-26
CUST-00031,Ava Edwards,ava.edwards_31@gmail.com,+44 7674 109 2832,Ireland,UK,F,1984-01-27,2023-01-14,2023-01-14
CUST-00032,Finn Garcia,finn.garcia_32@web.de,+32 415 473 1653,Netherlands,EU,F,1993-04-22,2022-04-16,2022-04-16
CUST-00033,Amelia Robinson,amelia.robinson_33@yahoo.co.uk,+44 7342 985 3662,United Kingdom,UK,F,1951-03-24,2022-12-07,2022-12-07
CUST-00034,Lea Nowak,lea.nowak_34@hotmail.com,+39 263 906 2771,Belgium,EU,M,2004-08-08,2022-07-24,2022-07-24
CUST-00035,Mia Hansen,mia.hansen_35@hotmail.com,+38 328 124 4164,Spain,EU,M,1967-02-25,2022-10-13,2022-10-13
CUST-00036,Emily Wright,emily.wright_36@yahoo.co.uk,+44 7128 218 5279,United Kingdom,UK,M,1952-02-20,2023-03-21,2023-03-21
CUST-00037,Olivia Robinson,olivia.robinson_37@hotmail.co.uk,+44 7494 690 4114,United Kingdom,UK,M,1995-07-01,2023-06-17,2023-06-17
CUST-00038,Julia Nowak,julia.nowak_38@libero.it,+42 541 171 6409,Belgium,EU,M,1992-02-24,2022-11-04,2022-11-04
CUST-00039,Michael Robinson,michael.robinson_39@yahoo.co.uk,+44 7512 813 5844,United Kingdom,UK,F,1976-11-13,2023-11-25,2023-11-25
CUST-00040,Niklas Murphy,niklas.murphy_40@web.de,+40 515 661 1006,Austria,EU,M,1963-07-26,2023-08-17,2023-08-17
CUST-00041,Emma Lopez,emma.lopez_41@hotmail.com,+45 791 318 9375,Sweden,EU,F,1992-02-10,2023-06-12,2023-06-12
CUST-00042,Sophie Andersen,sophie.andersen_42@yahoo.fr,+38 788 417 4680,France,EU,F,1951-01-08,2023-05-02,2023-05-02
CUST-00043,Noah Lopez,noah.lopez_43@hotmail.com,+49 299 835 7291,Denmark,EU,F,1965-03-21,2023-12-06,2023-12-06
CUST-00044,Harry Robinson,harry.robinson_44@outlook.com,+44 7280 923 9486,United Kingdom,UK,M,1985-04-28,2022-05-05,2022-05-05
CUST-00045,Ava Harris,ava.harris_45@outlook.com,+44 7873 553 9270,United Kingdom,UK,F,1960-12-28,2023-05-02,2023-05-02
CUST-00046,Charlie Wood,charlie.wood_46@outlook.com,+44 7884 896 9540,United Kingdom,UK,F,1967-08-03,2024-01-01,2024-01-01
CUST-00047,Muhammad Johnson,muhammad.johnson_47@yahoo.co.uk,+44 7653 182 3267,United Kingdom,UK,F,1974-12-05,2023-12-25,2023-12-25
CUST-00048,Isabella Robinson,isabella.robinson_48@gmail.com,+44 7655 577 7812,United Kingdom,UK,F,2003-07-13,2024-02-28,2024-02-28
CUST-00049,Marco Müller,marco.muller_49@web.de,+43 588 106 6763,Austria,EU,F,2004-07-18,2024-02-05,2024-02-05
CUST-00050,Sophie Bianchi,sophie.bianchi_50@gmail.com,+38 379 546 8956,Sweden,EU,F,1971-11-22,2023-02-19,2023-02-19
CUST-00051,Mia Bernard,mia.bernard_51@gmail.com,+48 127 503 1444,Austria,EU,F,1958-08-06,2022-02-21,2022-02-21
CUST-00052,Olivia Evans,olivia.evans_52@hotmail.co.uk,+44 7434 445 7211,Ireland,UK,F,1966-02-16,2022-01-20,2022-01-20
CUST-00053,Liam Hansen,liam.hansen_53@gmail.com,+33 899 767 1659,Belgium,EU,F,1962-01-20,2022-06-06,2022-06-06
CUST-00054,Mia Harris,mia.harris_54@hotmail.co.uk,+44 7677 323 8619,United Kingdom,UK,M,1960-10-20,2024-02-05,2024-02-05
CUST-00055,Niklas de Vries,niklas.de.vries_55@hotmail.com,+49 126 419 7149,France,EU,F,1954-10-23,2023-10-05,2023-10-05
CUST-00056,David Roberts,david.roberts_56@hotmail.co.uk,+44 7915 679 1672,United Kingdom,UK,F,1992-06-03,2023-06-03,2023-06-03
CUST-00057,Lucas Garcia,lucas.garcia_57@yahoo.fr,+34 543 470 8532,Sweden,EU,F,1961-12-17,2023-10-29,2023-10-29
CUST-00058,Amelia White,amelia.white_58@hotmail.co.uk,+44 7546 945 5397,Ireland,UK,F,2003-02-09,2023-04-07,2023-04-07
CUST-00059,Ava Green,ava.green_59@hotmail.co.uk,+44 7444 129 9098,Ireland,UK,F,1981-04-12,2022-09-22,2022-09-22
CUST-00060,Evelyn Clark,evelyn.clark_60@yahoo.co.uk,+44 7669 110 9464,United Kingdom,UK,M,1965-12-14,2023-05-16,2023-05-16
CUST-00061,Louis Wojcik,louis.wojcik_61@gmail.com,+46 558 911 1282,Sweden,EU,M,1964-07-23,2022-09-07,2022-09-07
CUST-00062,Harper Walker,harper.walker_62@outlook.com,+44 7666 643 6632,Ireland,UK,M,1972-12-15,2022-10-05,2022-10-05
CUST-00063,Charlie Taylor,charlie.taylor_63@yahoo.co.uk,+44 7423 222 9779,United Kingdom,UK,F,1963-12-16,2022-10-11,2022-10-11
CUST-00064,Clara Murphy,clara.murphy_64@yahoo.fr,+34 952 298 5853,Spain,EU,M,1961-05-01,2023-12-27,2023-12-27
CUST-00065,Muhammad Jones,muhammad.jones_65@outlook.com,+44 7666 399 3068,United Kingdom,UK,M,2005-01-19,2022-10-19,2022-10-19
CUST-00066,Ava Johnson,ava.johnson_66@gmail.com,+44 7152 358 8827,United Kingdom,UK,M,1975-08-03,2023-08-14,2023-08-14
CUST-00067,Liam Bernard,liam.bernard_67@gmail.com,+49 411 187 5066,Netherlands,EU,F,1988-10-26,2023-09-26,2023-09-26
CUST-00068,Emily Wright,emily.wright_68@hotmail.co.uk,+44 7553 404 8025,Ireland,UK,M,1989-12-04,2024-02-21,2024-02-21
CUST-00069,Noah Thomas,noah.thomas_69@gmail.com,+44 7260 345 3847,United Kingdom,UK,F,1950-07-15,2023-12-07,2023-12-07
CUST-00070,Hugo Schmidt,hugo.schmidt_70@gmail.com,+40 823 389 8438,Belgium,EU,F,1966-11-19,2023-11-09,2023-11-09
CUST-00071,Pierre Garcia,pierre.garcia_71@web.de,+48 330 763 3441,France,EU,F,1954-01-06,2022-11-11,2022-11-11
CUST-00072,Camille de Vries,camille.de.vries_72@hotmail.com,+34 579 805 5982,Sweden,EU,M,1982-09-16,2023-03-25,2023-03-25
CUST-00073,Oliver Robinson,oliver.robinson_73@gmail.com,+44 7718 356 1423,United Kingdom,UK,F,1993-10-19,2022-01-22,2022-01-22
CUST-00074,Sven Jansen,sven.jansen_74@hotmail.com,+32 881 874 3870,Austria,EU,F,1967-03-19,2023-03-23,2023-03-23
CUST-00075,Elena Dubois,elena.dubois_75@gmail.com,+42 518 441 6260,Sweden,EU,F,1971-07-23,2023-05-23,2023-05-23
CUST-00076,Sophia Edwards,sophia.edwards_76@hotmail.co.uk,+44 7565 190 6153,United Kingdom,UK,M,1957-07-28,2023-06-11,2023-06-11
CUST-00077,Lucas Nowak,lucas.nowak_77@libero.it,+45 523 155 4073,Poland,EU,M,1989-08-21,2023-03-29,2023-03-29
CUST-00078,Pierre Jansen,pierre.jansen_78@gmail.com,+35 394 548 8941,Poland,EU,M,1990-10-26,2022-09-03,2022-09-03
CUST-00079,Hugo Kovac,hugo.kovac_79@gmail.com,+48 517 195 4681,Germany,EU,F,1957-11-27,2022-06-07,2022-06-07
CUST-00080,David Roberts,david.roberts_80@outlook.com,+44 7525 954 8905,United Kingdom,UK,F,1979-09-05,2023-01-28,2023-01-28
CUST-00081,Evelyn Hughes,evelyn.hughes_81@outlook.com,+44 7984 171 5526,United Kingdom,UK,M,2000-09-09,2022-01-03,2022-01-03
CUST-00082,Thomas Green,thomas.green_82@outlook.com,+44 7986 252 8316,Ireland,UK,M,1971-09-25,2023-07-11,2023-07-11
CUST-00083,Olivia Evans,olivia.evans_83@outlook.com,+44 7685 492 4826,United Kingdom,UK,M,1970-12-16,2023-12-24,2023-12-24
CUST-00084,Anna Nygard,anna.nygard_84@libero.it,+46 137 229 9229,Netherlands,EU,M,2005-02-28,2023-03-27,2023-03-27
CUST-00085,Ava Smith,ava.smith_85@gmail.com,+44 7519 991 3529,United Kingdom,UK,F,2000-05-11,2023-10-01,2023-10-01
CUST-00086,Lars Dubois,lars.dubois_86@libero.it,+48 489 424 8994,Italy,EU,M,1989-02-08,2023-10-09,2023-10-09
CUST-00087,Hugo Bianchi,hugo.bianchi_87@hotmail.com,+44 200 878 2646,France,EU,F,1994-05-01,2022-02-17,2022-02-17
CUST-00088,Oliver Roberts,oliver.roberts_88@yahoo.co.uk,+44 7483 541 3385,United Kingdom,UK,F,1986-11-26,2022-07-04,2022-07-04
CUST-00089,George Hall,george.hall_89@outlook.com,+44 7734 799 4945,Ireland,UK,F,1964-08-21,2022-09-18,2022-09-18
CUST-00090,Michael Smith,michael.smith_90@yahoo.co.uk,+44 7394 793 9955,Ireland,UK,M,1978-06-19,2022-11-03,2022-11-03
CUST-00091,Lea Wojcik,lea.wojcik_91@hotmail.com,+45 965 409 4263,Spain,EU,F,1956-04-13,2023-08-09,2023-08-09
CUST-00092,Thomas Clark,thomas.clark_92@hotmail.co.uk,+44 7122 949 7484,United Kingdom,UK,M,1986-11-25,2024-02-02,2024-02-02
CUST-00093,Sophie Varga,sophie.varga_93@libero.it,+40 894 918 4770,Sweden,EU,M,1964-11-07,2023-09-28,2023-09-28
CUST-00094,Richard Harris,richard.harris_94@hotmail.co.uk,+44 7743 199 1645,United Kingdom,UK,F,1952-10-12,2024-01-20,2024-01-20
CUST-00095,Thomas Johnson,thomas.johnson_95@hotmail.co.uk,+44 7279 305 3165,Ireland,UK,M,2003-03-09,2023-05-09,2023-05-09
CUST-00096,Hugo Varga,hugo.varga_96@yahoo.fr,+34 579 177 3306,Italy,EU,F,2004-09-12,2022-04-03,2022-04-03
CUST-00097,Lucas Jansen,lucas.jansen_97@libero.it,+34 565 477 5295,Poland,EU,F,2002-11-12,2022-04-21,2022-04-21
CUST-00098,Elena Müller,elena.muller_98@gmail.com,+48 435 724 4626,Austria,EU,F,1994-05-21,2023-02-23,2023-02-23
CUST-00099,Oliver Jones,oliver.jones_99@yahoo.co.uk,+44 7604 218 2592,United Kingdom,UK,F,1974-08-12,2023-11-18,2023-11-18
CUST-00100,Marco Kovac,marco.kovac_100@hotmail.com,+49 860 844 3531,Denmark,EU,M,2003-08-20,2023-02-22,2023-02-22
CUST-00101,Mateo Schmidt,mateo.schmidt_101@web.de,+37 554 555 4868,Italy,EU,M,1993-06-18,2023-10-23,2023-10-23
CUST-00102,Sophia Thomas,sophia.thomas_102@gmail.com,+44 7225 968 8450,United Kingdom,UK,F,1991-11-20,2022-01-22,2022-01-22
CUST-00103,Olivia Wilson,olivia.wilson_103@gmail.com,+44 7905 678 4362,United Kingdom,UK,F,1987-04-27,2022-08-27,2022-08-27
CUST-00104,Jack Hall,jack.hall_104@yahoo.co.uk,+44 7383 979 3370,United Kingdom,UK,M,2001-03-04,2023-11-08,2023-11-08
CUST-00105,Finn Müller,finn.muller_105@yahoo.fr,+38 702 431 1258,Italy,EU,M,1953-03-24,2023-03-08,2023-03-08
CUST-00106,Richard Williams,richard.williams_106@gmail.com,+44 7559 896 6931,Ireland,UK,F,1982-04-20,2022-02-14,2022-02-14
CUST-00107,Sven Novak,sven.novak_107@hotmail.com,+45 758 131 1996,Spain,EU,F,1977-11-04,2023-05-18,2023-05-18
CUST-00108,Mia Dubois,mia.dubois_108@yahoo.fr,+41 722 251 2076,France,EU,M,1989-11-19,2023-07-16,2023-07-16
CUST-00109,Anna Murphy,anna.murphy_109@gmail.com,+40 564 617 8048,Poland,EU,M,2004-11-21,2024-02-27,2024-02-27
CUST-00110,Pierre Garcia,pierre.garcia_110@hotmail.com,+38 523 447 8430,Sweden,EU,F,1996-02-11,2023-03-14,2023-03-14
CUST-00111,Muhammad Walker,muhammad.walker_111@gmail.com,+44 7803 585 2099,United Kingdom,UK,M,1955-07-04,2024-02-02,2024-02-02
CUST-00112,Finn Kovac,finn.kovac_112@gmail.com,+49 675 675 6400,Germany,EU,F,1972-11-25,2023-03-10,2023-03-10
CUST-00113,Giulia Schmidt,giulia.schmidt_113@yahoo.fr,+40 460 206 9313,Spain,EU,F,1992-08-08,2022-04-21,2022-04-21
CUST-00114,Amelia Walker,amelia.walker_114@outlook.com,+44 7880 385 4705,United Kingdom,UK,M,1988-11-27,2023-12-12,2023-12-12
CUST-00115,Jacob Thomas,jacob.thomas_115@yahoo.co.uk,+44 7447 459 1100,United Kingdom,UK,F,1986-11-13,2022-03-13,2022-03-13
CUST-00116,Daniel Smith,daniel.smith_116@outlook.com,+44 7864 643 4524,United Kingdom,UK,F,1979-06-06,2023-01-14,2023-01-14
CUST-00117,Olivia Green,olivia.green_117@gmail.com,+44 7153 259 3579,United Kingdom,UK,M,1967-08-22,2023-03-11,2023-03-11
CUST-00118,Ava Robinson,ava.robinson_118@gmail.com,+44 7320 873 9394,United Kingdom,UK,M,1977-02-10,2023-11-26,2023-11-26
CUST-00119,Elena Novak,elena.novak_119@gmail.com,+32 325 504 1897,Spain,EU,F,1969-04-25,2022-05-21,2022-05-21
CUST-00120,Hugo Andersen,hugo.andersen_120@yahoo.fr,+31 609 864 8055,France,EU,F,1974-09-23,2022-08-24,2022-08-24
CUST-00121,Michael Walker,michael.walker_121@outlook.com,+44 7506 982 1693,United Kingdom,UK,M,1979-02-28,2022-11-17,2022-11-17
CUST-00122,Camille Nygard,camille.nygard_122@web.de,+40 217 514 1341,Denmark,EU,F,2001-10-15,2023-12-08,2023-12-08
CUST-00123,Noah Garcia,noah.garcia_123@libero.it,+38 546 703 7560,France,EU,M,1975-05-24,2022-12-14,2022-12-14
CUST-00124,Jacob Williams,jacob.williams_124@hotmail.co.uk,+44 7643 622 4176,United Kingdom,UK,M,1996-11-27,2022-06-01,2022-06-01
CUST-00125,Jack Thomas,jack.thomas_125@gmail.com,+44 7277 716 3504,United Kingdom,UK,F,1999-11-16,2023-04-21,2023-04-21
CUST-00126,Camille Lopez,camille.lopez_126@yahoo.fr,+41 984 742 6179,Austria,EU,F,1954-08-15,2023-10-09,2023-10-09
CUST-00127,Muhammad Green,muhammad.green_127@hotmail.co.uk,+44 7460 619 2215,United Kingdom,UK,F,1978-01-02,2023-01-13,2023-01-13
CUST-00128,Noah Kowalski,noah.kowalski_128@hotmail.com,+47 493 573 1672,France,EU,F,1970-10-16,2023-05-29,2023-05-29
CUST-00129,Oliver Thompson,oliver.thompson_129@gmail.com,+44 7930 957 6626,United Kingdom,UK,F,1952-04-23,2023-03-25,2023-03-25
CUST-00130,Clara Novak,clara.novak_130@hotmail.com,+36 472 481 5634,Austria,EU,F,1999-06-22,2023-09-05,2023-09-05
CUST-00131,Daniel Wood,daniel.wood_131@outlook.com,+44 7167 437 2548,United Kingdom,UK,M,1966-12-28,2023-11-04,2023-11-04
CUST-00132,Sophie Bernard,sophie.bernard_132@web.de,+33 696 779 3317,Italy,EU,M,1991-12-22,2023-02-06,2023-02-06
CUST-00133,David Williams,david.williams_133@yahoo.co.uk,+44 7672 485 6381,United Kingdom,UK,M,1991-11-14,2023-06-05,2023-06-05
CUST-00134,Emma Roberts,emma.roberts_134@yahoo.co.uk,+44 7319 449 8967,United Kingdom,UK,F,1958-03-03,2022-10-30,2022-10-30
CUST-00135,Leon Novak,leon.novak_135@libero.it,+47 138 777 6517,Poland,EU,F,1988-07-05,2022-06-16,2022-06-16
CUST-00136,David Hall,david.hall_136@outlook.com,+44 7838 548 1715,United Kingdom,UK,M,1993-12-08,2023-03-31,2023-03-31
CUST-00137,Giulia Lopez,giulia.lopez_137@yahoo.fr,+48 344 416 8684,Belgium,EU,M,1993-10-15,2023-04-18,2023-04-18
CUST-00138,Anna Novak,anna.novak_138@libero.it,+44 265 936 4271,Poland,EU,F,2005-05-02,2023-10-19,2023-10-19
CUST-00139,Emma Edwards,emma.edwards_139@gmail.com,+44 7828 966 9452,United Kingdom,UK,M,1955-03-09,2023-04-06,2023-04-06
CUST-00140,Finn Garcia,finn.garcia_140@gmail.com,+38 936 561 6727,France,EU,F,1953-07-17,2023-01-18,2023-01-18
CUST-00141,George Walker,george.walker_141@hotmail.co.uk,+44 7128 426 2623,United Kingdom,UK,F,1958-01-10,2023-04-29,2023-04-29
CUST-00142,Finn Wojcik,finn.wojcik_142@gmail.com,+45 730 105 2298,Sweden,EU,M,1963-03-18,2024-01-15,2024-01-15
CUST-00143,Lea Martin,lea.martin_143@yahoo.fr,+38 408 224 1782,Spain,EU,F,1990-10-15,2022-03-06,2022-03-06
CUST-00144,Mia Hall,mia.hall_144@yahoo.co.uk,+44 7747 627 4963,United Kingdom,UK,M,1977-01-20,2022-12-28,2022-12-28
CUST-00145,Isabella Davies,isabella.davies_145@gmail.com,+44 7636 469 2108,United Kingdom,UK,F,2005-08-02,2023-10-13,2023-10-13
CUST-00146,Emma Thomas,emma.thomas_146@hotmail.co.uk,+44 7465 907 2106,United Kingdom,UK,F,1996-11-21,2022-04-17,2022-04-17
CUST-00147,Giulia Andersen,giulia.andersen_147@yahoo.fr,+32 460 659 6546,Netherlands,EU,F,1994-08-21,2022-07-06,2022-07-06
CUST-00148,Noah Wojcik,noah.wojcik_148@yahoo.fr,+32 400 306 1717,Sweden,EU,M,1970-05-17,2023-02-12,2023-02-12
CUST-00149,Julia Sato,julia.sato_149@web.de,+32 871 762 4131,Spain,EU,M,2005-01-28,2023-11-03,2023-11-03
CUST-00150,Harry Walker,harry.walker_150@outlook.com,+44 7509 861 8204,Ireland,UK,M,1961-08-23,2023-05-25,2023-05-25
CUST-00151,Emily Thomas,emily.thomas_151@outlook.com,+44 7844 534 2293,United Kingdom,UK,F,1984-05-11,2022-04-16,2022-04-16
CUST-00152,Michael Roberts,michael.roberts_152@yahoo.co.uk,+44 7556 717 7981,United Kingdom,UK,F,1972-08-02,2024-01-15,2024-01-15
CUST-00153,Sofia Murphy,sofia.murphy_153@gmail.com,+39 754 910 1939,Denmark,EU,F,1973-09-26,2024-02-07,2024-02-07
CUST-00154,Lucas Bernard,lucas.bernard_154@yahoo.fr,+45 135 229 2101,Austria,EU,M,1973-07-19,2022-02-03,2022-02-03
CUST-00155,Sven Lopez,sven.lopez_155@libero.it,+42 554 881 2259,Italy,EU,F,1983-06-13,2022-11-18,2022-11-18
CUST-00156,Louis Martin,louis.martin_156@libero.it,+36 611 630 7340,Germany,EU,M,1966-05-23,2023-04-02,2023-04-02
CUST-00157,Evelyn Roberts,evelyn.roberts_157@gmail.com,+44 7304 225 3223,Ireland,UK,F,1961-12-15,2022-03-31,2022-03-31
CUST-00158,Emma Nowak,emma.nowak_158@web.de,+33 663 655 5757,Italy,EU,F,1995-12-23,2023-10-16,2023-10-16
CUST-00159,Emma Hughes,emma.hughes_159@yahoo.co.uk,+44 7224 305 3275,United Kingdom,UK,F,1951-06-18,2023-08-10,2023-08-10
CUST-00160,Amelia Brown,amelia.brown_160@outlook.com,+44 7167 416 7523,United Kingdom,UK,F,1999-07-27,2023-08-12,2023-08-12
CUST-00161,Olivia Wood,olivia.wood_161@hotmail.co.uk,+44 7560 577 9476,United Kingdom,UK,F,2003-09-21,2023-08-25,2023-08-25
CUST-00162,Jack Robinson,jack.robinson_162@yahoo.co.uk,+44 7951 227 9488,United Kingdom,UK,M,1960-03-11,2023-12-28,2023-12-28
CUST-00163,Emily Roberts,emily.roberts_163@yahoo.co.uk,+44 7356 301 5496,United Kingdom,UK,M,1989-09-03,2023-05-30,2023-05-30
CUST-00164,Camille Petrov,camille.petrov_164@libero.it,+36 774 739 6531,Netherlands,EU,M,2002-01-03,2022-02-16,2022-02-16
CUST-00165,Camille Jansen,camille.jansen_165@hotmail.com,+49 526 732 1496,Belgium,EU,M,1991-05-16,2022-09-08,2022-09-08
CUST-00166,Sven Nygard,sven.nygard_166@yahoo.fr,+45 174 805 1981,Spain,EU,F,1976-08-15,2022-07-28,2022-07-28
CUST-00167,Jack Johnson,jack.johnson_167@outlook.com,+44 7851 981 6658,United Kingdom,UK,F,1998-06-17,2023-07-30,2023-07-30
CUST-00168,Charlie Thompson,charlie.thompson_168@yahoo.co.uk,+44 7373 560 5061,United Kingdom,UK,M,1953-05-13,2023-09-23,2023-09-23
CUST-00169,Jacob Johnson,jacob.johnson_169@outlook.com,+44 7294 881 3610,United Kingdom,UK,F,1981-05-16,2022-01-24,2022-01-24
CUST-00170,Sophia Hughes,sophia.hughes_170@gmail.com,+44 7346 320 6781,Ireland,UK,M,1968-08-20,2023-11-01,2023-11-01
CUST-00171,Hugo Kovac,hugo.kovac_171@web.de,+34 541 237 5333,Germany,EU,F,1973-01-13,2022-02-22,2022-02-22
CUST-00172,Pierre Hansen,pierre.hansen_172@hotmail.com,+40 175 495 9261,Poland,EU,M,2002-10-22,2023-09-18,2023-09-18
CUST-00173,Harry Wright,harry.wright_173@yahoo.co.uk,+44 7913 447 6990,United Kingdom,UK,F,1988-09-13,2023-05-28,2023-05-28
CUST-00174,Oliver Brown,oliver.brown_174@outlook.com,+44 7923 585 9508,United Kingdom,UK,F,1988-09-05,2022-12-02,2022-12-02
CUST-00175,Emma Rossi,emma.rossi_175@libero.it,+40 707 444 9311,Denmark,EU,F,1995-10-10,2023-05-02,2023-05-02
CUST-00176,Sofia Andersen,sofia.andersen_176@libero.it,+44 697 415 1436,France,EU,F,1966-11-26,2024-03-05,2024-03-05
CUST-00177,Louis Varga,louis.varga_177@libero.it,+49 591 274 9589,Germany,EU,F,1959-11-08,2022-02-02,2022-02-02
CUST-00178,Marco Martin,marco.martin_178@yahoo.fr,+31 551 421 7861,Belgium,EU,F,1994-04-14,2023-05-29,2023-05-29
CUST-00179,Elena Varga,elena.varga_179@hotmail.com,+35 631 312 6325,Germany,EU,F,1970-03-15,2023-06-30,2023-06-30
CUST-00180,Emma Harris,emma.harris_180@yahoo.co.uk,+44 7724 595 4150,United Kingdom,UK,M,1985-05-08,2022-11-01,2022-11-01
CUST-00181,Marco Ferrari,marco.ferrari_181@web.de,+41 591 457 5480,Sweden,EU,M,1986-11-18,2023-01-24,2023-01-24
CUST-00182,Anna Hansen,anna.hansen_182@web.de,+40 143 394 2294,Netherlands,EU,F,1991-05-24,2023-05-06,2023-05-06
CUST-00183,Amelia Thomas,amelia.thomas_183@yahoo.co.uk,+44 7240 211 4920,United Kingdom,UK,M,1992-09-08,2023-10-16,2023-10-16
CUST-00184,Harry Robinson,harry.robinson_184@yahoo.co.uk,+44 7834 583 2647,United Kingdom,UK,M,1985-03-14,2023-10-31,2023-10-31
CUST-00185,Elena Sato,elena.sato_185@gmail.com,+40 428 392 1969,Belgium,EU,F,1984-12-24,2022-02-08,2022-02-08
CUST-00186,Niklas Garcia,niklas.garcia_186@yahoo.fr,+32 956 506 9116,Netherlands,EU,M,1952-01-10,2023-08-05,2023-08-05
CUST-00187,Emma de Vries,emma.de.vries_187@libero.it,+48 636 605 3198,Sweden,EU,F,1967-04-26,2022-04-26,2022-04-26
CUST-00188,Richard Thompson,richard.thompson_188@hotmail.co.uk,+44 7835 290 1230,United Kingdom,UK,M,1986-11-25,2022-07-17,2022-07-17
CUST-00189,Daniel Wright,daniel.wright_189@outlook.com,+44 7627 435 2421,Ireland,UK,M,1961-03-16,2022-11-28,2022-11-28
CUST-00190,Lucas Jansen,lucas.jansen_190@web.de,+38 557 871 5374,Denmark,EU,M,1987-12-19,2022-01-12,2022-01-12
CUST-00191,Emma Clark,emma.clark_191@outlook.com,+44 7163 783 2936,United Kingdom,UK,M,1960-07-22,2023-05-30,2023-05-30
CUST-00192,Marco de Vries,marco.de.vries_192@yahoo.fr,+40 476 729 4618,France,EU,F,1980-03-15,2024-02-05,2024-02-05
CUST-00193,Sofia Garcia,sofia.garcia_193@yahoo.fr,+46 875 650 4578,Poland,EU,M,1983-08-17,2023-12-22,2023-12-22
CUST-00194,Harper Taylor,harper.taylor_194@yahoo.co.uk,+44 7948 660 9281,United Kingdom,UK,F,1960-06-28,2023-06-17,2023-06-17
CUST-00195,Michael Evans,michael.evans_195@gmail.com,+44 7193 622 8298,Ireland,UK,F,1958-09-14,2023-04-13,2023-04-13
CUST-00196,Julia Lopez,julia.lopez_196@yahoo.fr,+31 505 360 1049,Spain,EU,M,1952-07-12,2023-12-19,2023-12-19
CUST-00197,Oliver Williams,oliver.williams_197@yahoo.co.uk,+44 7132 393 7698,Ireland,UK,F,1999-11-24,2023-10-24,2023-10-24
CUST-00198,Sofia Nygard,sofia.nygard_198@yahoo.fr,+43 484 182 9835,Sweden,EU,M,1957-03-18,2023-02-07,2023-02-07
CUST-00199,Richard Wilson,richard.wilson_199@outlook.com,+44 7874 123 5888,United Kingdom,UK,F,1984-07-27,2022-08-24,2022-08-24
CUST-00200,Emma Brown,emma.brown_200@gmail.com,+44 7293 996 2848,United Kingdom,UK,F,1989-01-08,2022-07-31,2022-07-31
CUST-00201,Evelyn Jones,evelyn.jones_201@yahoo.co.uk,+44 7712 788 1797,Ireland,UK,M,1975-08-08,2023-07-07,2023-07-07
CUST-00202,Oliver Brown,oliver.brown_202@hotmail.co.uk,+44 7339 935 6224,United Kingdom,UK,F,1969-03-22,2023-06-18,2023-06-18
CUST-00203,Thomas Thomas,thomas.thomas_203@outlook.com,+44 7670 705 3869,United Kingdom,UK,F,1953-06-21,2023-11-19,2023-11-19
CUST-00204,Emily Johnson,emily.johnson_204@outlook.com,+44 7518 252 5913,Ireland,UK,F,1998-09-16,2022-09-04,2022-09-04
CUST-00205,Hugo Wojcik,hugo.wojcik_205@hotmail.com,+45 159 675 7761,Netherlands,EU,F,1974-04-09,2022-07-28,2022-07-28
CUST-00206,George Thompson,george.thompson_206@gmail.com,+44 7194 648 4120,United Kingdom,UK,M,1974-11-20,2023-09-10,2023-09-10
CUST-00207,George Evans,george.evans_207@hotmail.co.uk,+44 7590 313 6455,United Kingdom,UK,M,1963-04-24,2022-05-01,2022-05-01
CUST-00208,Elena Bianchi,elena.bianchi_208@web.de,+37 506 345 6269,Austria,EU,F,1979-09-21,2023-01-03,2023-01-03
CUST-00209,Emma Hughes,emma.hughes_209@hotmail.co.uk,+44 7577 200 8692,Ireland,UK,F,1973-06-14,2022-02-16,2022-02-16
CUST-00210,Louis Varga,louis.varga_210@web.de,+31 367 666 7841,Netherlands,EU,F,1962-06-08,2023-01-24,2023-01-24
CUST-00211,Louis Sato,louis.sato_211@hotmail.com,+41 363 881 9005,Poland,EU,F,1960-12-26,2022-12-27,2022-12-27
CUST-00212,Richard Edwards,richard.edwards_212@gmail.com,+44 7288 655 1962,Ireland,UK,M,2002-11-02,2024-02-22,2024-02-22
CUST-00213,Jack Wood,jack.wood_213@gmail.com,+44 7169 824 3474,United Kingdom,UK,F,1982-08-12,2022-03-03,2022-03-03
CUST-00214,Sven Murphy,sven.murphy_214@libero.it,+46 116 106 9719,Sweden,EU,F,1950-01-17,2024-01-10,2024-01-10
CUST-00215,Thomas Smith,thomas.smith_215@gmail.com,+44 7925 283 2753,Ireland,UK,F,1965-04-20,2023-06-24,2023-06-24
CUST-00216,Emma Thomas,emma.thomas_216@outlook.com,+44 7180 482 7652,Ireland,UK,F,1994-04-10,2023-12-02,2023-12-02
CUST-00217,Noah Kowalski,noah.kowalski_217@libero.it,+33 515 488 7179,Germany,EU,F,1953-11-01,2023-12-21,2023-12-21
CUST-00218,Mia Robinson,mia.robinson_218@gmail.com,+44 7679 978 2562,United Kingdom,UK,F,1963-12-19,2023-05-02,2023-05-02
CUST-00219,George Harris,george.harris_219@yahoo.co.uk,+44 7656 677 1539,United Kingdom,UK,M,1951-04-19,2022-05-28,2022-05-28
CUST-00220,Marco Nygard,marco.nygard_220@libero.it,+40 266 677 4939,France,EU,F,1993-09-11,2023-01-29,2023-01-29
CUST-00221,Finn Wojcik,finn.wojcik_221@gmail.com,+47 863 454 1879,France,EU,F,1964-02-11,2023-09-12,2023-09-12
CUST-00222,Sophie Nygard,sophie.nygard_222@hotmail.com,+31 749 379 8381,Italy,EU,F,1972-09-13,2023-03-19,2023-03-19
CUST-00223,Harper Harris,harper.harris_223@yahoo.co.uk,+44 7187 890 5839,Ireland,UK,M,1955-05-05,2023-01-25,2023-01-25
CUST-00224,Lars Bernard,lars.bernard_224@gmail.com,+41 469 209 2499,Denmark,EU,M,1978-06-25,2022-10-04,2022-10-04
CUST-00225,George Davies,george.davies_225@outlook.com,+44 7559 670 9395,Ireland,UK,M,1951-02-12,2023-07-22,2023-07-22
CUST-00226,Evelyn Johnson,evelyn.johnson_226@outlook.com,+44 7112 398 7779,Ireland,UK,M,1996-09-08,2023-08-09,2023-08-09
CUST-00227,Michael Wright,michael.wright_227@hotmail.co.uk,+44 7242 375 5933,United Kingdom,UK,F,1959-02-06,2023-03-22,2023-03-22
CUST-00228,Thomas White,thomas.white_228@outlook.com,+44 7469 357 5040,United Kingdom,UK,F,1979-02-05,2022-11-08,2022-11-08
CUST-00229,Sophia Johnson,sophia.johnson_229@outlook.com,+44 7923 982 6399,Ireland,UK,M,1977-11-20,2022-05-20,2022-05-20
CUST-00230,Evelyn Clark,evelyn.clark_230@outlook.com,+44 7590 421 3910,United Kingdom,UK,M,1968-12-23,2023-10-11,2023-10-11
CUST-00231,Harper Wilson,harper.wilson_231@hotmail.co.uk,+44 7485 387 7437,United Kingdom,UK,M,1986-04-19,2023-07-13,2023-07-13
CUST-00232,Amelia Smith,amelia.smith_232@hotmail.co.uk,+44 7825 314 8183,Ireland,UK,M,2002-07-22,2023-05-27,2023-05-27
CUST-00233,Thomas Wilson,thomas.wilson_233@outlook.com,+44 7774 257 7932,United Kingdom,UK,M,1978-10-16,2023-08-20,2023-08-20
CUST-00234,Emily Clark,emily.clark_234@gmail.com,+44 7656 137 6890,Ireland,UK,M,1999-04-22,2023-11-12,2023-11-12
CUST-00235,Daniel Hall,daniel.hall_235@hotmail.co.uk,+44 7676 760 7547,United Kingdom,UK,F,1956-01-04,2022-09-22,2022-09-22
CUST-00236,Richard Hughes,richard.hughes_236@outlook.com,+44 7556 483 7408,United Kingdom,UK,F,1972-01-16,2022-04-18,2022-04-18
CUST-00237,George Taylor,george.taylor_237@outlook.com,+44 7456 419 6620,United Kingdom,UK,F,1983-08-12,2023-05-03,2023-05-03
CUST-00238,Richard Clark,richard.clark_238@gmail.com,+44 7426 168 5919,Ireland,UK,M,1951-06-21,2022-04-22,2022-04-22
CUST-00239,Niklas Varga,niklas.varga_239@web.de,+47 278 665 3623,Belgium,EU,F,1979-04-26,2023-02-19,2023-02-19
CUST-00240,Niklas Kowalski,niklas.kowalski_240@hotmail.com,+43 129 855 4232,Denmark,EU,F,1974-01-23,2022-08-08,2022-08-08
CUST-00241,David Williams,david.williams_241@yahoo.co.uk,+44 7918 992 9796,United Kingdom,UK,M,1970-04-15,2022-04-27,2022-04-27
CUST-00242,Mia Hughes,mia.hughes_242@gmail.com,+44 7711 497 7431,United Kingdom,UK,M,1972-08-20,2022-06-26,2022-06-26
CUST-00243,Marco de Vries,marco.de.vries_243@web.de,+49 186 788 3194,Austria,EU,M,1965-05-04,2022-07-07,2022-07-07
CUST-00244,Jack Hughes,jack.hughes_244@outlook.com,+44 7528 710 3258,Ireland,UK,F,1961-08-21,2023-07-05,2023-07-05
CUST-00245,Lars Rossi,lars.rossi_245@yahoo.fr,+36 601 395 3298,Poland,EU,M,2003-08-20,2022-02-24,2022-02-24
CUST-00246,Lucas Sato,lucas.sato_246@hotmail.com,+37 934 493 9281,Netherlands,EU,F,1993-08-14,2023-12-29,2023-12-29
CUST-00247,Elena Rossi,elena.rossi_247@web.de,+49 131 914 4613,France,EU,M,1967-04-18,2022-10-23,2022-10-23
CUST-00248,Ava Green,ava.green_248@gmail.com,+44 7662 623 2854,Ireland,UK,M,1999-09-27,2023-01-11,2023-01-11
CUST-00249,Oliver Lewis,oliver.lewis_249@gmail.com,+44 7659 323 7965,Ireland,UK,F,1969-01-15,2022-09-27,2022-09-27
CUST-00250,George Thompson,george.thompson_250@yahoo.co.uk,+44 7894 931 4882,United Kingdom,UK,M,2005-12-20,2023-10-10,2023-10-10
CUST-00251,Evelyn Brown,evelyn.brown_251@hotmail.co.uk,+44 7933 311 1972,United Kingdom,UK,M,1988-09-06,2022-11-28,2022-11-28
CUST-00252,Hugo de Vries,hugo.de.vries_252@yahoo.fr,+39 978 626 2560,Austria,EU,F,1953-05-28,2023-11-03,2023-11-03
CUST-00253,Jack Wilson,jack.wilson_253@outlook.com,+44 7828 429 5055,United Kingdom,UK,F,1959-10-21,2022-10-03,2022-10-03
CUST-00254,Anna Lopez,anna.lopez_254@web.de,+33 512 627 5558,France,EU,F,1981-06-19,2022-01-03,2022-01-03
CUST-00255,Giulia Dubois,giulia.dubois_255@hotmail.com,+42 970 164 9756,Sweden,EU,F,1977-04-16,2022-10-02,2022-10-02
CUST-00256,Thomas Johnson,thomas.johnson_256@hotmail.co.uk,+44 7679 972 8951,United Kingdom,UK,M,1952-02-21,2023-04-16,2023-04-16
CUST-00257,Jacob Thompson,jacob.thompson_257@yahoo.co.uk,+44 7100 538 4314,Ireland,UK,M,1960-05-03,2023-11-02,2023-11-02
CUST-00258,George Walker,george.walker_258@yahoo.co.uk,+44 7153 505 6005,United Kingdom,UK,F,1991-02-23,2022-04-08,2022-04-08
CUST-00259,Mia Williams,mia.williams_259@outlook.com,+44 7707 331 9510,United Kingdom,UK,M,1950-12-11,2022-05-04,2022-05-04
CUST-00260,Lea Wojcik,lea.wojcik_260@gmail.com,+46 172 334 7276,Netherlands,EU,M,1956-06-12,2022-11-03,2022-11-03
CUST-00261,Jack Wood,jack.wood_261@yahoo.co.uk,+44 7170 643 1138,United Kingdom,UK,F,1972-12-07,2023-10-06,2023-10-06
CUST-00262,Lea Murphy,lea.murphy_262@gmail.com,+37 188 202 3293,Sweden,EU,F,1972-07-11,2022-05-24,2022-05-24
CUST-00263,Daniel Williams,daniel.williams_263@gmail.com,+44 7666 715 5668,United Kingdom,UK,M,1963-09-20,2023-06-06,2023-06-06
CUST-00264,Sophia Roberts,sophia.roberts_264@outlook.com,+44 7902 912 4921,United Kingdom,UK,F,1957-04-16,2023-10-16,2023-10-16
CUST-00265,Clara Müller,clara.muller_265@web.de,+41 235 496 7895,Italy,EU,F,1998-08-25,2022-03-16,2022-03-16
CUST-00266,George Smith,george.smith_266@outlook.com,+44 7320 140 1990,United Kingdom,UK,M,1990-12-17,2024-02-25,2024-02-25
CUST-00267,David Wright,david.wright_267@yahoo.co.uk,+44 7755 649 9808,United Kingdom,UK,M,1955-05-03,2023-06-08,2023-06-08
CUST-00268,Finn Kovac,finn.kovac_268@web.de,+43 700 749 2083,Italy,EU,F,1996-04-02,2022-09-08,2022-09-08
CUST-00269,Isabella Taylor,isabella.taylor_269@hotmail.co.uk,+44 7726 723 1901,Ireland,UK,F,1957-01-23,2022-05-21,2022-05-21
CUST-00270,Niklas Sato,niklas.sato_270@yahoo.fr,+47 629 901 5247,Italy,EU,M,1958-12-25,2022-10-03,2022-10-03
CUST-00271,Leon Müller,leon.muller_271@web.de,+44 378 636 2046,Italy,EU,M,1981-08-17,2023-01-04,2023-01-04
CUST-00272,Harper Davies,harper.davies_272@gmail.com,+44 7261 361 2685,United Kingdom,UK,F,1997-09-01,2022-02-15,2022-02-15
CUST-00273,Lucas Bianchi,lucas.bianchi_273@yahoo.fr,+46 472 492 3458,Germany,EU,M,1985-12-24,2023-11-03,2023-11-03
CUST-00274,Olivia Wilson,olivia.wilson_274@gmail.com,+44 7837 427 5444,Ireland,UK,M,1957-09-22,2022-02-23,2022-02-23
CUST-00275,Emily Jones,emily.jones_275@hotmail.co.uk,+44 7170 998 8620,Ireland,UK,M,1970-02-18,2023-04-13,2023-04-13
CUST-00276,Noah Roberts,noah.roberts_276@outlook.com,+44 7857 737 4974,United Kingdom,UK,M,1987-08-25,2024-03-05,2024-03-05
CUST-00277,Amelia Wilson,amelia.wilson_277@yahoo.co.uk,+44 7106 519 1391,United Kingdom,UK,M,1990-12-01,2022-12-10,2022-12-10
CUST-00278,Michael Wright,michael.wright_278@yahoo.co.uk,+44 7206 310 9680,United Kingdom,UK,F,1981-01-05,2023-12-30,2023-12-30
CUST-00279,Oliver Wilson,oliver.wilson_279@gmail.com,+44 7817 481 8511,Ireland,UK,M,1982-03-21,2023-02-08,2023-02-08
CUST-00280,Harper Jones,harper.jones_280@hotmail.co.uk,+44 7778 233 4879,Ireland,UK,M,2004-06-26,2023-02-07,2023-02-07
CUST-00281,Giulia Andersen,giulia.andersen_281@yahoo.fr,+45 378 339 2223,Italy,EU,F,1999-10-04,2022-06-09,2022-06-09
CUST-00282,Ava Thompson,ava.thompson_282@hotmail.co.uk,+44 7516 223 9780,United Kingdom,UK,F,1978-05-15,2022-09-29,2022-09-29
CUST-00283,Noah Rossi,noah.rossi_283@yahoo.fr,+32 320 955 6370,Spain,EU,M,1995-04-12,2023-02-10,2023-02-10
CUST-00284,Michael Roberts,michael.roberts_284@outlook.com,+44 7939 278 1509,United Kingdom,UK,F,1985-12-18,2022-09-13,2022-09-13
CUST-00285,Harry Brown,harry.brown_285@yahoo.co.uk,+44 7112 163 4641,United Kingdom,UK,F,2002-07-12,2023-12-04,2023-12-04
CUST-00286,Lars Dubois,lars.dubois_286@gmail.com,+49 365 932 2228,Austria,EU,M,1962-11-15,2022-05-12,2022-05-12
CUST-00287,Olivia Taylor,olivia.taylor_287@outlook.com,+44 7572 151 3752,United Kingdom,UK,F,1981-01-13,2023-12-01,2023-12-01
CUST-00288,Emma Evans,emma.evans_288@yahoo.co.uk,+44 7381 386 8307,United Kingdom,UK,M,1989-10-20,2022-09-09,2022-09-09
CUST-00289,Elena Garcia,elena.garcia_289@hotmail.com,+46 162 189 5583,Poland,EU,F,1976-04-21,2023-06-23,2023-06-23
CUST-00290,Amelia Smith,amelia.smith_290@outlook.com,+44 7900 830 6883,Ireland,UK,F,1972-10-17,2022-11-26,2022-11-26
CUST-00291,Jacob Smith,jacob.smith_291@hotmail.co.uk,+44 7711 324 1480,United Kingdom,UK,M,2001-08-17,2023-01-02,2023-01-02
CUST-00292,Louis Rossi,louis.rossi_292@libero.it,+38 772 346 5366,France,EU,M,1998-04-19,2023-02-02,2023-02-02
CUST-00293,Jacob Davies,jacob.davies_293@gmail.com,+44 7706 425 6878,United Kingdom,UK,M,1986-10-05,2023-07-31,2023-07-31
CUST-00294,Elena Kovac,elena.kovac_294@gmail.com,+36 602 138 2478,Spain,EU,F,1988-04-01,2023-06-24,2023-06-24
CUST-00295,Olivia Hall,olivia.hall_295@yahoo.co.uk,+44 7925 233 6582,United Kingdom,UK,M,1953-01-05,2023-08-24,2023-08-24
CUST-00296,Finn Martin,finn.martin_296@libero.it,+42 174 482 7481,Poland,EU,M,1971-05-11,2022-05-20,2022-05-20
CUST-00297,Giulia Garcia,giulia.garcia_297@yahoo.fr,+41 278 824 6846,Sweden,EU,F,1974-05-24,2023-12-07,2023-12-07
CUST-00298,Jacob Lewis,jacob.lewis_298@gmail.com,+44 7818 686 7415,United Kingdom,UK,F,1988-06-26,2023-09-19,2023-09-19
CUST-00299,Harper Taylor,harper.taylor_299@yahoo.co.uk,+44 7244 439 2274,Ireland,UK,M,1970-03-21,2022-04-01,2022-04-01
CUST-00300,Sven Kowalski,sven.kowalski_300@yahoo.fr,+45 111 371 4435,Italy,EU,M,1972-05-26,2022-04-21,2022-04-21
CUST-00301,Liam Nygard,liam.nygard_301@hotmail.com,+44 270 523 9078,Sweden,EU,M,1984-07-04,2023-05-06,2023-05-06
CUST-00302,Camille Kowalski,camille.kowalski_302@web.de,+36 562 175 1547,Belgium,EU,M,1970-05-04,2022-03-17,2022-03-17
CUST-00303,Sophia Davies,sophia.davies_303@outlook.com,+44 7660 195 6536,United Kingdom,UK,M,1977-11-06,2023-09-14,2023-09-14
CUST-00304,Niklas Schmidt,niklas.schmidt_304@libero.it,+41 310 294 7705,France,EU,M,1992-05-10,2022-09-01,2022-09-01
CUST-00305,Sophia Green,sophia.green_305@gmail.com,+44 7257 155 6911,Ireland,UK,F,1955-05-27,2023-11-09,2023-11-09
CUST-00306,Elena Ferrari,elena.ferrari_306@gmail.com,+31 311 274 5781,France,EU,F,2004-02-10,2023-02-12,2023-02-12
CUST-00307,Michael Thomas,michael.thomas_307@yahoo.co.uk,+44 7757 657 7349,United Kingdom,UK,M,1974-06-06,2023-04-02,2023-04-02
CUST-00308,Ava Thompson,ava.thompson_308@gmail.com,+44 7331 957 5400,United Kingdom,UK,F,1998-12-22,2022-04-10,2022-04-10
CUST-00309,Emma Edwards,emma.edwards_309@gmail.com,+44 7874 703 4727,Ireland,UK,F,2002-09-14,2023-07-03,2023-07-03
CUST-00310,Elena Petrov,elena.petrov_310@gmail.com,+46 406 180 7468,Belgium,EU,F,1957-08-06,2022-06-21,2022-06-21
CUST-00311,Pierre Bernard,pierre.bernard_311@yahoo.fr,+44 180 799 8133,Germany,EU,F,2003-10-09,2022-11-24,2022-11-24
CUST-00312,Noah Dubois,noah.dubois_312@web.de,+48 506 665 6343,Denmark,EU,F,2005-01-26,2023-12-19,2023-12-19
CUST-00313,Clara Garcia,clara.garcia_313@gmail.com,+44 253 251 2641,France,EU,M,2000-05-28,2023-07-03,2023-07-03
CUST-00314,Lea Jansen,lea.jansen_314@gmail.com,+46 685 723 8750,Denmark,EU,F,1967-07-05,2023-09-26,2023-09-26
CUST-00315,Marco Nygard,marco.nygard_315@gmail.com,+43 439 807 4892,Germany,EU,F,1967-06-01,2022-12-12,2022-12-12
CUST-00316,Hugo de Vries,hugo.de.vries_316@yahoo.fr,+46 978 812 2609,Spain,EU,F,1969-12-15,2024-03-03,2024-03-03
CUST-00317,Mateo Varga,mateo.varga_317@hotmail.com,+33 292 552 4463,Denmark,EU,F,1998-09-28,2023-01-18,2023-01-18
CUST-00318,Clara Rossi,clara.rossi_318@yahoo.fr,+40 826 618 7609,France,EU,M,1961-04-27,2022-07-25,2022-07-25
CUST-00319,Louis Schmidt,louis.schmidt_319@web.de,+32 469 821 4262,Sweden,EU,M,2002-08-17,2023-02-11,2023-02-11
CUST-00320,Leon Nowak,leon.nowak_320@yahoo.fr,+38 481 600 8308,Germany,EU,F,1987-09-12,2022-12-19,2022-12-19
CUST-00321,Muhammad Lewis,muhammad.lewis_321@gmail.com,+44 7391 128 7333,United Kingdom,UK,F,2004-10-25,2022-08-08,2022-08-08
CUST-00322,Lars Bianchi,lars.bianchi_322@gmail.com,+39 767 519 9409,Belgium,EU,M,1980-03-21,2022-06-27,2022-06-27
CUST-00323,Lucas Bianchi,lucas.bianchi_323@hotmail.com,+40 829 826 5511,Spain,EU,F,2004-06-15,2022-09-16,2022-09-16
CUST-00324,Thomas Harris,thomas.harris_324@hotmail.co.uk,+44 7698 204 1120,Ireland,UK,M,1969-11-04,2023-05-09,2023-05-09
CUST-00325,Muhammad Wood,muhammad.wood_325@hotmail.co.uk,+44 7982 383 5278,United Kingdom,UK,F,1959-09-25,2022-09-04,2022-09-04
CUST-00326,Sophie Nygard,sophie.nygard_326@web.de,+35 838 126 9148,Italy,EU,M,1976-07-13,2024-01-25,2024-01-25
CUST-00327,David Green,david.green_327@outlook.com,+44 7451 843 4643,United Kingdom,UK,M,1982-05-28,2022-06-24,2022-06-24
CUST-00328,Julia Rossi,julia.rossi_328@libero.it,+34 582 231 5237,Spain,EU,F,1993-06-21,2022-04-02,2022-04-02
CUST-00329,Charlie Lewis,charlie.lewis_329@hotmail.co.uk,+44 7530 907 6428,United Kingdom,UK,M,1987-05-15,2022-05-01,2022-05-01
CUST-00330,Daniel Green,daniel.green_330@gmail.com,+44 7583 299 9199,United Kingdom,UK,F,1983-05-14,2022-02-25,2022-02-25
CUST-00331,Finn Bernard,finn.bernard_331@yahoo.fr,+41 519 683 8496,Belgium,EU,M,2005-12-06,2024-03-08,2024-03-08
CUST-00332,Olivia Wood,olivia.wood_332@gmail.com,+44 7420 749 1950,United Kingdom,UK,F,1967-04-25,2024-03-03,2024-03-03
CUST-00333,Jacob White,jacob.white_333@outlook.com,+44 7232 729 8105,United Kingdom,UK,F,1977-08-13,2022-01-05,2022-01-05
CUST-00334,Noah Lewis,noah.lewis_334@yahoo.co.uk,+44 7114 429 9700,United Kingdom,UK,M,1993-01-21,2024-01-22,2024-01-22
CUST-00335,David Walker,david.walker_335@hotmail.co.uk,+44 7232 205 7284,United Kingdom,UK,F,1954-01-10,2022-10-25,2022-10-25
CUST-00336,Emily Hall,emily.hall_336@hotmail.co.uk,+44 7544 803 3192,United Kingdom,UK,F,1972-04-06,2023-02-18,2023-02-18
CUST-00337,Charlie Lewis,charlie.lewis_337@yahoo.co.uk,+44 7316 851 1359,United Kingdom,UK,M,1973-12-21,2022-02-08,2022-02-08
CUST-00338,Daniel Thomas,daniel.thomas_338@gmail.com,+44 7708 149 2771,United Kingdom,UK,M,1994-02-14,2023-03-31,2023-03-31
CUST-00339,Amelia Thomas,amelia.thomas_339@gmail.com,+44 7818 256 4366,Ireland,UK,M,1976-11-04,2023-11-10,2023-11-10
CUST-00340,Evelyn Hall,evelyn.hall_340@gmail.com,+44 7528 950 2718,United Kingdom,UK,M,1957-02-16,2022-07-23,2022-07-23
CUST-00341,Mateo Novak,mateo.novak_341@yahoo.fr,+42 820 519 5839,Belgium,EU,M,1985-08-07,2023-12-06,2023-12-06
CUST-00342,Emma Bianchi,emma.bianchi_342@libero.it,+31 787 191 2809,Germany,EU,F,1959-02-25,2023-06-08,2023-06-08
CUST-00343,Richard Taylor,richard.taylor_343@hotmail.co.uk,+44 7759 336 8483,United Kingdom,UK,M,1979-01-04,2022-06-28,2022-06-28
CUST-00344,Hugo Hansen,hugo.hansen_344@gmail.com,+44 856 218 2556,Italy,EU,M,2004-03-22,2023-10-25,2023-10-25
CUST-00345,Emma Thompson,emma.thompson_345@hotmail.co.uk,+44 7999 850 2522,United Kingdom,UK,M,1961-02-13,2023-02-14,2023-02-14
CUST-00346,Mateo Nygard,mateo.nygard_346@gmail.com,+44 764 916 3732,Sweden,EU,F,1994-12-02,2022-06-13,2022-06-13
CUST-00347,Harper White,harper.white_347@hotmail.co.uk,+44 7285 725 7221,Ireland,UK,M,2005-11-27,2024-01-15,2024-01-15
CUST-00348,Finn Sato,finn.sato_348@gmail.com,+34 521 551 1753,Sweden,EU,M,1991-06-01,2023-12-23,2023-12-23
CUST-00349,Clara Varga,clara.varga_349@libero.it,+49 329 785 6542,Austria,EU,M,1977-11-24,2022-09-12,2022-09-12
CUST-00350,Michael Harris,michael.harris_350@gmail.com,+44 7252 959 1894,Ireland,UK,F,1982-08-28,2023-05-23,2023-05-23
CUST-00351,Noah Sato,noah.sato_351@libero.it,+38 438 384 1824,Italy,EU,F,1985-11-13,2023-02-17,2023-02-17
CUST-00352,Noah Lopez,noah.lopez_352@hotmail.com,+49 558 190 9166,Sweden,EU,M,1957-08-24,2023-11-01,2023-11-01
CUST-00353,Sophia Robinson,sophia.robinson_353@gmail.com,+44 7670 662 1002,United Kingdom,UK,M,1982-09-07,2023-11-02,2023-11-02
CUST-00354,Emma Hansen,emma.hansen_354@libero.it,+38 964 565 6439,Germany,EU,F,1995-11-12,2024-01-04,2024-01-04
CUST-00355,Harry Harris,harry.harris_355@hotmail.co.uk,+44 7102 449 6818,United Kingdom,UK,M,1994-02-02,2022-06-18,2022-06-18
CUST-00356,David Lewis,david.lewis_356@yahoo.co.uk,+44 7209 360 4209,Ireland,UK,M,2004-07-07,2023-04-14,2023-04-14
CUST-00357,Pierre Wojcik,pierre.wojcik_357@libero.it,+34 875 524 1761,Italy,EU,M,1999-08-15,2023-11-06,2023-11-06
CUST-00358,Clara Bernard,clara.bernard_358@libero.it,+31 643 853 1795,Sweden,EU,F,2003-10-16,2023-06-05,2023-06-05
CUST-00359,Niklas Wojcik,niklas.wojcik_359@gmail.com,+36 848 934 3103,Austria,EU,F,1992-10-20,2022-11-26,2022-11-26
CUST-00360,Sophia Robinson,sophia.robinson_360@hotmail.co.uk,+44 7380 507 6617,United Kingdom,UK,F,2001-03-05,2023-02-27,2023-02-27
CUST-00361,Giulia Novak,giulia.novak_361@yahoo.fr,+48 981 421 4560,Spain,EU,F,1989-12-10,2023-12-05,2023-12-05
CUST-00362,Michael Brown,michael.brown_362@gmail.com,+44 7615 655 6281,United Kingdom,UK,M,1985-08-19,2023-08-08,2023-08-08
CUST-00363,Marco Garcia,marco.garcia_363@gmail.com,+40 998 967 7920,Poland,EU,M,1951-07-05,2022-02-24,2022-02-24
CUST-00364,Pierre Jansen,pierre.jansen_364@gmail.com,+40 799 356 3399,Netherlands,EU,M,1963-09-02,2023-01-03,2023-01-03
CUST-00365,Leon Murphy,leon.murphy_365@yahoo.fr,+38 860 762 7371,Poland,EU,M,1994-11-02,2023-01-26,2023-01-26
CUST-00366,Michael Johnson,michael.johnson_366@yahoo.co.uk,+44 7113 861 5117,United Kingdom,UK,F,2003-04-21,2023-12-23,2023-12-23
CUST-00367,Sofia Petrov,sofia.petrov_367@web.de,+37 894 842 4170,Poland,EU,F,1961-11-03,2022-07-11,2022-07-11
CUST-00368,Giulia Novak,giulia.novak_368@libero.it,+43 141 538 5572,France,EU,M,1958-03-19,2022-09-19,2022-09-19
CUST-00369,Ava Clark,ava.clark_369@gmail.com,+44 7140 257 6285,United Kingdom,UK,M,1981-10-18,2023-01-02,2023-01-02
CUST-00370,David Johnson,david.johnson_370@yahoo.co.uk,+44 7288 633 2117,United Kingdom,UK,F,1984-09-13,2022-04-05,2022-04-05
CUST-00371,Noah Harris,noah.harris_371@yahoo.co.uk,+44 7439 469 5809,United Kingdom,UK,F,1985-11-01,2022-04-28,2022-04-28
CUST-00372,Mia Bianchi,mia.bianchi_372@hotmail.com,+38 140 798 6258,Austria,EU,M,1974-05-18,2024-01-12,2024-01-12
CUST-00373,Emily Walker,emily.walker_373@yahoo.co.uk,+44 7598 144 5856,Ireland,UK,M,1982-02-04,2022-06-21,2022-06-21
CUST-00374,Julia Kovac,julia.kovac_374@hotmail.com,+33 315 786 4492,Germany,EU,M,1963-09-27,2023-12-21,2023-12-21
CUST-00375,Giulia Garcia,giulia.garcia_375@gmail.com,+35 124 570 6434,France,EU,M,1954-01-06,2022-09-15,2022-09-15
CUST-00376,Camille Bianchi,camille.bianchi_376@hotmail.com,+44 497 561 7626,Spain,EU,M,1951-07-22,2022-05-02,2022-05-02
CUST-00377,Daniel Lewis,daniel.lewis_377@gmail.com,+44 7874 863 1745,United Kingdom,UK,M,1982-02-10,2023-12-04,2023-12-04
CUST-00378,George Roberts,george.roberts_378@outlook.com,+44 7490 504 1504,Ireland,UK,F,1984-04-05,2024-02-04,2024-02-04
CUST-00379,Amelia Roberts,amelia.roberts_379@gmail.com,+44 7405 793 7113,United Kingdom,UK,F,1957-01-01,2023-08-10,2023-08-10
CUST-00380,Julia Kovac,julia.kovac_380@yahoo.fr,+40 315 866 6633,France,EU,F,1991-09-05,2022-06-14,2022-06-14
CUST-00381,Evelyn Thomas,evelyn.thomas_381@outlook.com,+44 7217 285 1891,United Kingdom,UK,M,1968-11-03,2022-09-14,2022-09-14
CUST-00382,Richard Green,richard.green_382@yahoo.co.uk,+44 7438 465 3100,Ireland,UK,M,1968-10-03,2022-07-18,2022-07-18
CUST-00383,Ava Johnson,ava.johnson_383@hotmail.co.uk,+44 7810 698 3496,United Kingdom,UK,M,1977-03-01,2022-11-17,2022-11-17
CUST-00384,Charlie Clark,charlie.clark_384@yahoo.co.uk,+44 7383 960 6889,Ireland,UK,M,1980-08-15,2023-01-03,2023-01-03
CUST-00385,Elena Kovac,elena.kovac_385@web.de,+36 761 721 2343,France,EU,F,1984-04-09,2024-01-22,2024-01-22
CUST-00386,Noah Varga,noah.varga_386@libero.it,+31 969 619 1511,France,EU,F,1999-10-07,2022-02-07,2022-02-07
CUST-00387,Julia Kovac,julia.kovac_387@libero.it,+35 474 501 4658,Sweden,EU,M,1958-08-17,2023-06-07,2023-06-07
CUST-00388,Emma Hughes,emma.hughes_388@yahoo.co.uk,+44 7778 344 3717,United Kingdom,UK,F,1960-03-19,2023-08-03,2023-08-03
CUST-00389,Finn Varga,finn.varga_389@yahoo.fr,+42 141 324 8989,Sweden,EU,M,1966-06-08,2022-02-13,2022-02-13
CUST-00390,Clara Hansen,clara.hansen_390@web.de,+46 565 147 1653,Denmark,EU,M,1995-09-21,2022-10-08,2022-10-08
CUST-00391,Mateo Petrov,mateo.petrov_391@web.de,+49 278 485 7201,Poland,EU,M,1983-05-13,2022-08-17,2022-08-17
CUST-00392,Emma Walker,emma.walker_392@yahoo.co.uk,+44 7911 593 1108,Ireland,UK,F,1960-04-03,2023-06-11,2023-06-11
CUST-00393,Pierre Bernard,pierre.bernard_393@yahoo.fr,+36 470 716 2938,Netherlands,EU,F,2001-06-24,2022-04-27,2022-04-27
CUST-00394,Mia White,mia.white_394@gmail.com,+44 7704 265 7732,United Kingdom,UK,F,1952-03-19,2023-08-30,2023-08-30
CUST-00395,Daniel Hughes,daniel.hughes_395@yahoo.co.uk,+44 7686 250 1916,United Kingdom,UK,M,1961-09-13,2023-09-06,2023-09-06
CUST-00396,Lars Müller,lars.muller_396@hotmail.com,+33 321 559 8723,Spain,EU,F,1964-07-20,2022-05-27,2022-05-27
CUST-00397,Niklas Murphy,niklas.murphy_397@hotmail.com,+39 271 841 6614,Poland,EU,M,1964-07-13,2022-05-16,2022-05-16
CUST-00398,Noah Hughes,noah.hughes_398@yahoo.co.uk,+44 7946 253 2577,Ireland,UK,F,1989-10-02,2023-06-29,2023-06-29
CUST-00399,Harry Williams,harry.williams_399@gmail.com,+44 7775 233 9835,Ireland,UK,F,1983-07-12,2022-02-14,2022-02-14
CUST-00400,Lea Bianchi,lea.bianchi_400@hotmail.com,+43 458 703 2600,Sweden,EU,F,1966-08-25,2022-08-27,2022-08-27
CUST-00401,Noah de Vries,noah.de.vries_401@gmail.com,+48 518 363 4096,Austria,EU,M,1986-09-04,2023-06-17,2023-06-17
CUST-00402,Daniel Evans,daniel.evans_402@yahoo.co.uk,+44 7518 470 2746,United Kingdom,UK,F,1991-10-09,2022-09-25,2022-09-25
CUST-00403,Lea Petrov,lea.petrov_403@hotmail.com,+39 796 506 4337,Italy,EU,F,1961-06-18,2023-07-23,2023-07-23
CUST-00404,Thomas Green,thomas.green_404@yahoo.co.uk,+44 7892 822 7522,United Kingdom,UK,M,1997-04-15,2023-12-18,2023-12-18
CUST-00405,Leon Ferrari,leon.ferrari_405@yahoo.fr,+43 904 446 1852,Poland,EU,F,1990-01-26,2022-04-04,2022-04-04
CUST-00406,Elena Murphy,elena.murphy_406@web.de,+33 165 369 4633,Denmark,EU,M,1988-01-24,2023-01-29,2023-01-29
CUST-00407,Anna Murphy,anna.murphy_407@yahoo.fr,+40 828 711 1941,Poland,EU,F,1978-01-07,2023-11-04,2023-11-04
CUST-00408,Clara de Vries,clara.de.vries_408@libero.it,+32 902 713 9364,Belgium,EU,F,1989-03-22,2022-02-06,2022-02-06
CUST-00409,Daniel Smith,daniel.smith_409@hotmail.co.uk,+44 7188 382 7544,United Kingdom,UK,F,1975-10-07,2023-06-15,2023-06-15
CUST-00410,David Williams,david.williams_410@hotmail.co.uk,+44 7662 391 6703,United Kingdom,UK,M,1964-10-07,2023-04-11,2023-04-11
CUST-00411,Camille Müller,camille.muller_411@libero.it,+36 516 618 2744,Spain,EU,M,1982-05-11,2022-04-30,2022-04-30
CUST-00412,Mateo Kovac,mateo.kovac_412@libero.it,+39 810 553 7178,Austria,EU,F,1999-04-25,2022-12-14,2022-12-14
CUST-00413,Mia Nowak,mia.nowak_413@gmail.com,+49 982 128 8896,Sweden,EU,M,1954-07-21,2022-08-14,2022-08-14
CUST-00414,Louis Andersen,louis.andersen_414@web.de,+42 628 648 1159,Denmark,EU,F,1968-02-13,2023-11-21,2023-11-21
CUST-00415,Emma Dubois,emma.dubois_415@yahoo.fr,+36 587 421 6792,Poland,EU,M,1961-12-22,2022-07-14,2022-07-14
CUST-00416,Noah Wilson,noah.wilson_416@yahoo.co.uk,+44 7993 371 4387,United Kingdom,UK,F,2003-04-27,2023-09-26,2023-09-26
CUST-00417,Harry Taylor,harry.taylor_417@gmail.com,+44 7792 779 9071,United Kingdom,UK,M,2004-08-12,2023-09-28,2023-09-28
CUST-00418,Harper Thomas,harper.thomas_418@hotmail.co.uk,+44 7287 882 9374,Ireland,UK,F,1964-10-05,2022-02-25,2022-02-25
CUST-00419,Isabella White,isabella.white_419@yahoo.co.uk,+44 7614 455 7450,United Kingdom,UK,F,1957-12-17,2023-04-17,2023-04-17
CUST-00420,James Smith,james.smith_420@hotmail.co.uk,+44 7488 694 2650,United Kingdom,UK,M,1989-05-06,2023-07-16,2023-07-16
CUST-00421,Muhammad White,muhammad.white_421@outlook.com,+44 7474 288 9171,United Kingdom,UK,F,1976-12-25,2023-01-17,2023-01-17
CUST-00422,Sophia Thomas,sophia.thomas_422@yahoo.co.uk,+44 7284 685 3148,Ireland,UK,M,1996-05-26,2022-08-30,2022-08-30
CUST-00423,Anna Ferrari,anna.ferrari_423@yahoo.fr,+35 584 925 1159,Netherlands,EU,F,1981-03-28,2023-10-08,2023-10-08
CUST-00424,Richard Johnson,richard.johnson_424@outlook.com,+44 7407 356 1781,Ireland,UK,M,1994-03-02,2022-08-09,2022-08-09
CUST-00425,Elena Kowalski,elena.kowalski_425@web.de,+45 862 442 5256,France,EU,M,1985-09-26,2022-09-21,2022-09-21
CUST-00426,Isabella Taylor,isabella.taylor_426@yahoo.co.uk,+44 7988 795 4259,United Kingdom,UK,M,1972-06-22,2023-06-07,2023-06-07
CUST-00427,Richard Thompson,richard.thompson_427@outlook.com,+44 7490 728 5694,United Kingdom,UK,F,2005-03-21,2022-12-12,2022-12-12
CUST-00428,Evelyn Green,evelyn.green_428@yahoo.co.uk,+44 7969 173 2296,Ireland,UK,M,1964-06-11,2023-10-31,2023-10-31
CUST-00429,Muhammad Hall,muhammad.hall_429@outlook.com,+44 7377 555 6950,Ireland,UK,F,1960-03-28,2022-01-24,2022-01-24
CUST-00430,Charlie Harris,charlie.harris_430@yahoo.co.uk,+44 7861 817 2311,United Kingdom,UK,F,1975-02-04,2022-03-07,2022-03-07
CUST-00431,Elena Kovac,elena.kovac_431@gmail.com,+31 889 506 9584,Germany,EU,M,1966-10-05,2022-03-28,2022-03-28
CUST-00432,Anna de Vries,anna.de.vries_432@yahoo.fr,+38 855 390 8260,Belgium,EU,F,1983-03-01,2022-02-05,2022-02-05
CUST-00433,Emma Sato,emma.sato_433@yahoo.fr,+48 378 661 8288,Sweden,EU,F,1987-10-15,2023-10-09,2023-10-09
CUST-00434,Camille Garcia,camille.garcia_434@libero.it,+48 417 455 8891,Poland,EU,F,2001-02-15,2022-11-12,2022-11-12
CUST-00435,Muhammad Brown,muhammad.brown_435@yahoo.co.uk,+44 7110 100 9574,United Kingdom,UK,M,1968-08-18,2022-01-09,2022-01-09
CUST-00436,Elena Sato,elena.sato_436@libero.it,+31 884 540 5799,Spain,EU,F,2000-01-18,2023-01-18,2023-01-18
CUST-00437,Amelia Robinson,amelia.robinson_437@outlook.com,+44 7355 267 7385,Ireland,UK,F,1966-02-14,2023-10-03,2023-10-03
CUST-00438,Evelyn Clark,evelyn.clark_438@hotmail.co.uk,+44 7391 764 9715,United Kingdom,UK,F,1962-02-06,2022-05-20,2022-05-20
CUST-00439,Daniel Thompson,daniel.thompson_439@yahoo.co.uk,+44 7378 817 9060,Ireland,UK,M,1951-03-02,2023-07-02,2023-07-02
CUST-00440,Harry Roberts,harry.roberts_440@gmail.com,+44 7228 832 8183,United Kingdom,UK,F,1955-03-01,2023-05-21,2023-05-21
CUST-00441,Isabella Roberts,isabella.roberts_441@hotmail.co.uk,+44 7480 574 1519,Ireland,UK,M,2003-03-02,2022-09-30,2022-09-30
CUST-00442,Noah Kovac,noah.kovac_442@hotmail.com,+36 296 961 5097,Sweden,EU,M,1957-12-08,2023-01-30,2023-01-30
CUST-00443,Mia Bianchi,mia.bianchi_443@libero.it,+37 571 852 2539,Germany,EU,F,1980-07-22,2022-11-16,2022-11-16
CUST-00444,Niklas Kowalski,niklas.kowalski_444@hotmail.com,+48 633 225 5150,Germany,EU,M,1962-06-02,2023-11-14,2023-11-14
CUST-00445,Harry Wilson,harry.wilson_445@hotmail.co.uk,+44 7432 115 3742,Ireland,UK,M,1975-04-01,2022-02-13,2022-02-13
CUST-00446,Marco Sato,marco.sato_446@yahoo.fr,+35 480 889 2466,Austria,EU,F,1981-02-22,2023-09-26,2023-09-26
CUST-00447,Daniel Jones,daniel.jones_447@gmail.com,+44 7464 760 3521,United Kingdom,UK,F,1981-04-11,2023-07-26,2023-07-26
CUST-00448,Sofia Lopez,sofia.lopez_448@yahoo.fr,+31 805 486 6868,Belgium,EU,M,1952-08-23,2023-03-25,2023-03-25
CUST-00449,Julia Wojcik,julia.wojcik_449@web.de,+37 680 291 9906,Sweden,EU,M,1996-08-09,2023-09-06,2023-09-06
CUST-00450,Julia Rossi,julia.rossi_450@web.de,+47 258 560 5844,France,EU,M,1979-01-25,2023-10-16,2023-10-16
CUST-00451,Richard Davies,richard.davies_451@yahoo.co.uk,+44 7734 977 6965,United Kingdom,UK,M,1996-02-22,2023-07-06,2023-07-06
CUST-00452,Pierre Novak,pierre.novak_452@web.de,+48 257 727 5638,Sweden,EU,F,1991-06-04,2022-04-09,2022-04-09
CUST-00453,George Jones,george.jones_453@yahoo.co.uk,+44 7282 994 1512,United Kingdom,UK,M,1981-04-04,2022-02-02,2022-02-02
CUST-00454,Anna Nowak,anna.nowak_454@gmail.com,+47 738 818 5193,Sweden,EU,M,1964-10-23,2022-03-14,2022-03-14
CUST-00455,Noah Wood,noah.wood_455@gmail.com,+44 7952 181 8668,Ireland,UK,M,1985-12-14,2023-01-13,2023-01-13
CUST-00456,Liam Murphy,liam.murphy_456@web.de,+47 141 851 2153,Spain,EU,M,1963-09-04,2022-04-14,2022-04-14
CUST-00457,Julia Nygard,julia.nygard_457@libero.it,+37 638 772 5075,Belgium,EU,F,1985-12-18,2023-03-02,2023-03-02
CUST-00458,Lars Petrov,lars.petrov_458@gmail.com,+45 819 781 7997,Italy,EU,F,2000-03-18,2023-02-16,2023-02-16
CUST-00459,Michael Davies,michael.davies_459@hotmail.co.uk,+44 7460 422 6319,Ireland,UK,F,1998-11-14,2024-01-14,2024-01-14
CUST-00460,Charlie Green,charlie.green_460@hotmail.co.uk,+44 7484 884 5162,United Kingdom,UK,F,1978-07-01,2024-01-14,2024-01-14
CUST-00461,Thomas Hall,thomas.hall_461@gmail.com,+44 7630 238 5945,United Kingdom,UK,M,1964-04-28,2022-11-19,2022-11-19
CUST-00462,David Thomas,david.thomas_462@hotmail.co.uk,+44 7196 138 8542,United Kingdom,UK,F,1958-05-12,2023-08-20,2023-08-20
CUST-00463,Muhammad Roberts,muhammad.roberts_463@gmail.com,+44 7684 509 4562,United Kingdom,UK,M,2000-08-06,2023-05-15,2023-05-15
CUST-00464,Marco Wojcik,marco.wojcik_464@gmail.com,+34 709 757 5921,Austria,EU,F,1955-01-25,2022-12-09,2022-12-09
CUST-00465,Isabella Robinson,isabella.robinson_465@gmail.com,+44 7990 888 4714,United Kingdom,UK,F,1953-05-17,2022-02-12,2022-02-12
CUST-00466,Harper Brown,harper.brown_466@yahoo.co.uk,+44 7614 814 4617,United Kingdom,UK,M,1993-12-13,2023-04-02,2023-04-02
CUST-00467,Camille Novak,camille.novak_467@yahoo.fr,+38 542 396 7460,France,EU,F,1971-02-16,2023-08-09,2023-08-09
CUST-00468,Julia Nygard,julia.nygard_468@yahoo.fr,+33 508 613 8118,Spain,EU,F,1980-09-07,2023-05-15,2023-05-15
CUST-00469,Harper Evans,harper.evans_469@outlook.com,+44 7348 173 5362,United Kingdom,UK,M,1993-10-03,2022-04-26,2022-04-26
CUST-00470,Lea Hansen,lea.hansen_470@web.de,+37 428 452 1396,Italy,EU,F,1972-10-27,2023-03-29,2023-03-29
CUST-00471,Mia Schmidt,mia.schmidt_471@gmail.com,+37 801 482 3555,Belgium,EU,M,1997-01-08,2023-09-28,2023-09-28
CUST-00472,Hugo Müller,hugo.muller_472@gmail.com,+34 412 560 8719,Italy,EU,M,1963-12-18,2022-08-05,2022-08-05
CUST-00473,Emily Thomas,emily.thomas_473@gmail.com,+44 7737 847 3315,Ireland,UK,F,1987-11-17,2022-02-14,2022-02-14
CUST-00474,Oliver Roberts,oliver.roberts_474@gmail.com,+44 7908 813 5444,United Kingdom,UK,F,1991-01-03,2023-02-02,2023-02-02
CUST-00475,Sven Nowak,sven.nowak_475@yahoo.fr,+34 119 399 7332,Italy,EU,F,1982-12-04,2022-11-20,2022-11-20
CUST-00476,Evelyn Edwards,evelyn.edwards_476@outlook.com,+44 7290 303 9202,United Kingdom,UK,M,1952-04-17,2022-11-09,2022-11-09
CUST-00477,Sophia Lewis,sophia.lewis_477@hotmail.co.uk,+44 7118 455 6765,United Kingdom,UK,M,1965-09-09,2022-03-05,2022-03-05
CUST-00478,Anna Müller,anna.muller_478@hotmail.com,+39 330 255 6599,Poland,EU,F,1955-12-13,2023-06-18,2023-06-18
CUST-00479,Sophie Kowalski,sophie.kowalski_479@hotmail.com,+44 346 686 3502,Belgium,EU,M,1988-06-15,2023-07-10,2023-07-10
CUST-00480,Daniel Brown,daniel.brown_480@yahoo.co.uk,+44 7983 241 6062,United Kingdom,UK,F,1999-03-21,2023-08-02,2023-08-02
CUST-00481,Emma Dubois,emma.dubois_481@web.de,+48 836 221 4016,Poland,EU,F,1996-01-25,2022-11-23,2022-11-23
CUST-00482,Lea Garcia,lea.garcia_482@yahoo.fr,+45 863 941 5485,Spain,EU,F,1956-03-06,2022-01-27,2022-01-27
CUST-00483,Sophie Murphy,sophie.murphy_483@yahoo.fr,+49 727 336 4804,Spain,EU,M,1972-02-23,2024-03-09,2024-03-09
CUST-00484,Emily Hall,emily.hall_484@yahoo.co.uk,+44 7829 765 7126,Ireland,UK,F,1981-08-05,2022-06-17,2022-06-17
CUST-00485,Oliver Robinson,oliver.robinson_485@yahoo.co.uk,+44 7376 522 4646,United Kingdom,UK,F,1954-03-15,2023-09-24,2023-09-24
CUST-00486,Olivia Thompson,olivia.thompson_486@outlook.com,+44 7537 514 1685,United Kingdom,UK,M,1975-10-24,2023-08-09,2023-08-09
CUST-00487,Clara Kowalski,clara.kowalski_487@gmail.com,+47 211 562 8485,Germany,EU,F,1983-09-13,2024-01-23,2024-01-23
CUST-00488,Sophia Hughes,sophia.hughes_488@outlook.com,+44 7294 398 8201,United Kingdom,UK,M,1999-05-15,2022-06-20,2022-06-20
CUST-00489,Evelyn Jones,evelyn.jones_489@gmail.com,+44 7574 949 8400,United Kingdom,UK,M,1961-10-23,2023-07-14,2023-07-14
CUST-00490,Isabella Johnson,isabella.johnson_490@yahoo.co.uk,+44 7125 283 8433,Ireland,UK,F,1955-05-11,2023-12-10,2023-12-10
CUST-00491,Marco Rossi,marco.rossi_491@web.de,+33 216 823 8362,France,EU,M,1983-12-13,2024-01-15,2024-01-15
CUST-00492,Clara Murphy,clara.murphy_492@yahoo.fr,+43 663 489 1719,Netherlands,EU,M,1986-11-28,2022-06-03,2022-06-03
CUST-00493,Jack Davies,jack.davies_493@outlook.com,+44 7529 415 6071,United Kingdom,UK,M,1990-03-04,2022-05-15,2022-05-15
CUST-00494,Lucas Murphy,lucas.murphy_494@libero.it,+31 569 609 9169,Spain,EU,M,1988-08-08,2022-08-11,2022-08-11
CUST-00495,Elena Lopez,elena.lopez_495@yahoo.fr,+45 181 715 1107,Denmark,EU,M,1989-11-18,2022-08-01,2022-08-01
CUST-00496,Jack Jones,jack.jones_496@hotmail.co.uk,+44 7137 248 1531,United Kingdom,UK,M,1955-01-04,2023-03-03,2023-03-03
CUST-00497,Niklas Nowak,niklas.nowak_497@hotmail.com,+49 906 675 3906,Spain,EU,M,1952-02-25,2022-11-03,2022-11-03
CUST-00498,Sophia Williams,sophia.williams_498@hotmail.co.uk,+44 7963 663 2063,Ireland,UK,F,1958-02-23,2022-10-09,2022-10-09
CUST-00499,Isabella Hughes,isabella.hughes_499@gmail.com,+44 7812 314 1953,United Kingdom,UK,M,1980-12-23,2023-09-12,2023-09-12
CUST-00500,Marco de Vries,marco.de.vries_500@yahoo.fr,+41 365 638 6797,Denmark,EU,F,1983-12-21,2023-05-25,2023-05-25
CUST-00501,Jacob Hall,jacob.hall_501@gmail.com,+44 7825 397 4171,United Kingdom,UK,M,1951-08-21,2022-05-01,2022-05-01
CUST-00502,Pierre Murphy,pierre.murphy_502@libero.it,+44 146 441 6728,Denmark,EU,F,1950-11-07,2023-12-08,2023-12-08
CUST-00503,George Roberts,george.roberts_503@gmail.com,+44 7618 663 6307,United Kingdom,UK,M,1993-06-11,2023-02-10,2023-02-10
CUST-00504,Sophie Müller,sophie.muller_504@hotmail.com,+37 438 953 6536,Netherlands,EU,F,2001-01-21,2022-05-20,2022-05-20
CUST-00505,Daniel Thompson,daniel.thompson_505@gmail.com,+44 7573 902 7782,United Kingdom,UK,M,1986-12-22,2022-11-20,2022-11-20
CUST-00506,Lucas Ferrari,lucas.ferrari_506@gmail.com,+41 918 914 6793,Austria,EU,F,1967-01-11,2023-01-20,2023-01-20
CUST-00507,Niklas Petrov,niklas.petrov_507@web.de,+43 291 709 2914,Austria,EU,M,1995-01-09,2023-02-28,2023-02-28
CUST-00508,Charlie Walker,charlie.walker_508@hotmail.co.uk,+44 7949 409 4541,Ireland,UK,F,1957-06-26,2022-02-08,2022-02-08
CUST-00509,Noah Lopez,noah.lopez_509@yahoo.fr,+31 918 594 9192,Poland,EU,F,1971-08-24,2023-06-21,2023-06-21
CUST-00510,Olivia Brown,olivia.brown_510@yahoo.co.uk,+44 7941 628 3174,United Kingdom,UK,M,1979-07-23,2023-06-19,2023-06-19
CUST-00511,Thomas Jones,thomas.jones_511@gmail.com,+44 7441 578 1755,United Kingdom,UK,M,1951-10-25,2022-11-16,2022-11-16
CUST-00512,Pierre Andersen,pierre.andersen_512@web.de,+37 393 383 9720,Belgium,EU,F,1992-02-09,2022-06-02,2022-06-02
CUST-00513,Harry Smith,harry.smith_513@hotmail.co.uk,+44 7311 655 6739,United Kingdom,UK,M,1959-12-26,2022-10-18,2022-10-18
CUST-00514,Niklas Dubois,niklas.dubois_514@yahoo.fr,+41 653 554 1831,Spain,EU,M,1980-11-02,2022-04-19,2022-04-19
CUST-00515,George Robinson,george.robinson_515@hotmail.co.uk,+44 7283 821 8304,Ireland,UK,M,1971-04-23,2024-02-16,2024-02-16
CUST-00516,Julia Dubois,julia.dubois_516@gmail.com,+49 234 195 8672,Sweden,EU,F,1969-11-21,2023-12-29,2023-12-29
CUST-00517,Elena Bianchi,elena.bianchi_517@web.de,+35 981 731 5227,Belgium,EU,F,1961-12-22,2022-12-05,2022-12-05
CUST-00518,Emma Lopez,emma.lopez_518@web.de,+31 166 586 2849,Sweden,EU,F,1979-03-10,2024-02-26,2024-02-26
CUST-00519,Harper Brown,harper.brown_519@hotmail.co.uk,+44 7515 937 2752,United Kingdom,UK,M,2000-05-18,2023-04-18,2023-04-18
CUST-00520,Isabella Wilson,isabella.wilson_520@outlook.com,+44 7661 262 8903,United Kingdom,UK,M,1971-04-27,2023-12-12,2023-12-12
CUST-00521,Lea Petrov,lea.petrov_521@gmail.com,+48 810 341 3835,Italy,EU,F,1957-10-20,2023-04-20,2023-04-20
CUST-00522,Harry Thompson,harry.thompson_522@gmail.com,+44 7415 515 2140,United Kingdom,UK,F,1970-08-21,2023-11-08,2023-11-08
CUST-00523,Noah Brown,noah.brown_523@outlook.com,+44 7875 250 3444,United Kingdom,UK,M,1974-10-19,2023-04-03,2023-04-03
CUST-00524,Michael Johnson,michael.johnson_524@outlook.com,+44 7683 913 5989,United Kingdom,UK,M,1955-10-01,2023-09-19,2023-09-19
CUST-00525,Anna Bernard,anna.bernard_525@gmail.com,+32 478 662 1870,Spain,EU,M,1957-05-28,2022-02-01,2022-02-01
CUST-00526,David Green,david.green_526@outlook.com,+44 7740 425 7271,Ireland,UK,F,1977-09-07,2023-11-10,2023-11-10
CUST-00527,Jack Evans,jack.evans_527@yahoo.co.uk,+44 7963 468 7835,Ireland,UK,M,2005-11-05,2022-05-18,2022-05-18
CUST-00528,Daniel Smith,daniel.smith_528@yahoo.co.uk,+44 7838 598 8155,United Kingdom,UK,M,1958-11-26,2023-03-02,2023-03-02
CUST-00529,Marco Murphy,marco.murphy_529@libero.it,+36 565 621 7948,Denmark,EU,F,1974-06-08,2022-07-10,2022-07-10
CUST-00530,James Green,james.green_530@hotmail.co.uk,+44 7967 848 4878,Ireland,UK,F,1984-10-12,2022-02-04,2022-02-04
CUST-00531,Camille Sato,camille.sato_531@yahoo.fr,+34 694 593 2311,Italy,EU,M,1979-09-03,2023-06-20,2023-06-20
CUST-00532,Noah Bianchi,noah.bianchi_532@libero.it,+33 800 748 9834,Sweden,EU,M,1989-01-11,2023-07-02,2023-07-02
CUST-00533,Elena Lopez,elena.lopez_533@hotmail.com,+46 687 851 6431,Poland,EU,M,2001-05-10,2022-06-21,2022-06-21
CUST-00534,Evelyn Lewis,evelyn.lewis_534@gmail.com,+44 7844 903 5267,United Kingdom,UK,F,1987-03-19,2022-02-22,2022-02-22
CUST-00535,Hugo Varga,hugo.varga_535@yahoo.fr,+31 393 596 2351,Austria,EU,M,2004-05-09,2022-05-16,2022-05-16
CUST-00536,Mateo Jansen,mateo.jansen_536@hotmail.com,+34 718 278 3476,Germany,EU,M,2001-03-09,2023-12-19,2023-12-19
CUST-00537,Jacob Hughes,jacob.hughes_537@yahoo.co.uk,+44 7451 186 3376,United Kingdom,UK,F,1998-07-25,2023-01-28,2023-01-28
CUST-00538,Ava Lewis,ava.lewis_538@gmail.com,+44 7315 691 6653,United Kingdom,UK,M,1998-02-02,2022-06-21,2022-06-21
CUST-00539,Mia Roberts,mia.roberts_539@yahoo.co.uk,+44 7864 870 9724,Ireland,UK,F,1993-12-13,2023-05-01,2023-05-01
CUST-00540,Emily Robinson,emily.robinson_540@outlook.com,+44 7395 916 8353,United Kingdom,UK,M,1983-11-02,2022-04-10,2022-04-10
CUST-00541,Lars Hansen,lars.hansen_541@gmail.com,+39 443 376 5375,Denmark,EU,M,1991-10-13,2023-04-18,2023-04-18
CUST-00542,Giulia Bianchi,giulia.bianchi_542@web.de,+37 632 445 3947,Austria,EU,M,1993-01-27,2022-03-11,2022-03-11
CUST-00543,Harry Hughes,harry.hughes_543@yahoo.co.uk,+44 7801 556 6759,United Kingdom,UK,M,1966-04-02,2022-01-25,2022-01-25
CUST-00544,Liam Murphy,liam.murphy_544@libero.it,+34 825 222 2415,Belgium,EU,F,1974-11-25,2023-10-26,2023-10-26
CUST-00545,Niklas Martin,niklas.martin_545@hotmail.com,+39 401 578 2240,Netherlands,EU,M,1999-07-23,2023-11-15,2023-11-15
CUST-00546,Emma Jansen,emma.jansen_546@hotmail.com,+33 383 895 2022,Netherlands,EU,F,1971-01-09,2022-09-29,2022-09-29
CUST-00547,George White,george.white_547@outlook.com,+44 7724 502 3923,United Kingdom,UK,M,1959-09-25,2023-03-18,2023-03-18
CUST-00548,Daniel Taylor,daniel.taylor_548@gmail.com,+44 7832 365 2692,Ireland,UK,M,1954-10-24,2022-09-14,2022-09-14
CUST-00549,Lucas Sato,lucas.sato_549@web.de,+31 138 780 7397,Netherlands,EU,F,1994-06-13,2023-08-12,2023-08-12
CUST-00550,David White,david.white_550@yahoo.co.uk,+44 7546 513 2148,Ireland,UK,M,1974-12-27,2024-03-09,2024-03-09
CUST-00551,Harper Edwards,harper.edwards_551@outlook.com,+44 7441 798 5961,United Kingdom,UK,M,1990-11-03,2023-01-10,2023-01-10
CUST-00552,Olivia Williams,olivia.williams_552@yahoo.co.uk,+44 7878 884 5750,Ireland,UK,F,1985-01-13,2023-11-08,2023-11-08
CUST-00553,David Wright,david.wright_553@outlook.com,+44 7745 805 6886,United Kingdom,UK,M,1990-08-24,2022-07-14,2022-07-14
CUST-00554,Noah Smith,noah.smith_554@hotmail.co.uk,+44 7600 498 2032,United Kingdom,UK,F,1984-08-01,2022-02-07,2022-02-07
CUST-00555,Olivia Lewis,olivia.lewis_555@outlook.com,+44 7515 221 4468,United Kingdom,UK,F,1997-10-08,2022-03-15,2022-03-15
CUST-00556,Jack White,jack.white_556@yahoo.co.uk,+44 7582 733 1750,United Kingdom,UK,F,1950-03-21,2022-02-21,2022-02-21
CUST-00557,Leon Lopez,leon.lopez_557@gmail.com,+36 955 705 2047,Austria,EU,M,1981-10-26,2023-09-23,2023-09-23
CUST-00558,Noah Robinson,noah.robinson_558@hotmail.co.uk,+44 7930 955 7586,United Kingdom,UK,M,1993-10-18,2022-05-21,2022-05-21
CUST-00559,Noah Jones,noah.jones_559@hotmail.co.uk,+44 7443 164 2978,United Kingdom,UK,F,1998-07-06,2023-12-15,2023-12-15
CUST-00560,Jacob Thompson,jacob.thompson_560@gmail.com,+44 7695 141 3185,United Kingdom,UK,F,1999-03-01,2023-05-14,2023-05-14
CUST-00561,James Davies,james.davies_561@outlook.com,+44 7823 767 5648,United Kingdom,UK,F,1994-03-07,2022-05-27,2022-05-27
CUST-00562,Clara Lopez,clara.lopez_562@libero.it,+38 278 725 1616,Denmark,EU,F,1995-08-20,2022-04-01,2022-04-01
CUST-00563,Hugo Hansen,hugo.hansen_563@gmail.com,+31 671 341 4144,Denmark,EU,M,1989-06-28,2024-02-19,2024-02-19
CUST-00564,Clara Bianchi,clara.bianchi_564@gmail.com,+37 383 154 4173,Sweden,EU,F,1993-08-16,2022-06-30,2022-06-30
CUST-00565,Oliver Jones,oliver.jones_565@hotmail.co.uk,+44 7391 314 8121,United Kingdom,UK,M,1989-08-02,2022-04-17,2022-04-17
CUST-00566,Julia Rossi,julia.rossi_566@gmail.com,+31 596 627 2901,Netherlands,EU,F,1996-08-19,2023-08-17,2023-08-17
CUST-00567,Noah Lewis,noah.lewis_567@hotmail.co.uk,+44 7335 897 2804,United Kingdom,UK,F,1956-04-24,2023-02-27,2023-02-27
CUST-00568,Anna Bianchi,anna.bianchi_568@hotmail.com,+46 699 596 1890,France,EU,F,1963-10-15,2022-07-02,2022-07-02
CUST-00569,Jack Thompson,jack.thompson_569@yahoo.co.uk,+44 7747 467 5418,United Kingdom,UK,M,1958-01-23,2023-08-06,2023-08-06
CUST-00570,Jack Taylor,jack.taylor_570@hotmail.co.uk,+44 7569 528 3804,Ireland,UK,F,1968-10-06,2023-10-16,2023-10-16
CUST-00571,Niklas Petrov,niklas.petrov_571@hotmail.com,+38 188 521 9548,Poland,EU,F,1987-08-27,2023-04-19,2023-04-19
CUST-00572,Richard Robinson,richard.robinson_572@yahoo.co.uk,+44 7353 435 8114,United Kingdom,UK,F,1986-01-14,2022-02-15,2022-02-15
CUST-00573,Mia Lewis,mia.lewis_573@outlook.com,+44 7535 643 7460,United Kingdom,UK,M,1978-08-08,2022-03-27,2022-03-27
CUST-00574,Lucas Wojcik,lucas.wojcik_574@yahoo.fr,+37 235 467 5846,Denmark,EU,M,1951-08-22,2022-11-09,2022-11-09
CUST-00575,Ava Green,ava.green_575@outlook.com,+44 7565 574 3271,United Kingdom,UK,F,2000-06-21,2023-04-21,2023-04-21
CUST-00576,Lucas Kowalski,lucas.kowalski_576@gmail.com,+43 807 440 9698,France,EU,M,1977-05-23,2023-09-20,2023-09-20
CUST-00577,Noah Harris,noah.harris_577@hotmail.co.uk,+44 7735 443 1898,United Kingdom,UK,M,1957-07-12,2023-04-22,2023-04-22
CUST-00578,Sofia Hansen,sofia.hansen_578@yahoo.fr,+48 821 168 4354,Netherlands,EU,M,1965-09-04,2023-10-27,2023-10-27
CUST-00579,Harper Clark,harper.clark_579@hotmail.co.uk,+44 7871 862 4693,United Kingdom,UK,M,1967-09-22,2023-03-10,2023-03-10
CUST-00580,George Walker,george.walker_580@gmail.com,+44 7563 597 9215,United Kingdom,UK,F,1995-09-22,2023-06-30,2023-06-30
CUST-00581,Mia Murphy,mia.murphy_581@gmail.com,+33 292 568 2430,Italy,EU,F,1961-05-03,2022-04-22,2022-04-22
CUST-00582,Harry Clark,harry.clark_582@gmail.com,+44 7608 254 4346,United Kingdom,UK,M,1976-11-18,2022-05-16,2022-05-16
CUST-00583,Isabella Thompson,isabella.thompson_583@gmail.com,+44 7398 293 2031,United Kingdom,UK,F,2003-09-21,2022-12-10,2022-12-10
CUST-00584,Olivia Wood,olivia.wood_584@outlook.com,+44 7597 707 9686,United Kingdom,UK,F,1969-10-05,2022-11-10,2022-11-10
CUST-00585,Muhammad Wilson,muhammad.wilson_585@yahoo.co.uk,+44 7480 395 1775,Ireland,UK,M,1968-08-06,2023-09-26,2023-09-26
CUST-00586,Marco Kovac,marco.kovac_586@yahoo.fr,+36 279 959 3514,Spain,EU,F,1957-01-11,2023-08-12,2023-08-12
CUST-00587,Muhammad Walker,muhammad.walker_587@hotmail.co.uk,+44 7310 675 1568,United Kingdom,UK,M,1959-06-15,2023-07-07,2023-07-07
CUST-00588,Julia de Vries,julia.de.vries_588@hotmail.com,+31 514 611 3381,France,EU,M,1959-01-24,2023-07-14,2023-07-14
CUST-00589,Emma Kowalski,emma.kowalski_589@libero.it,+46 396 872 3409,Spain,EU,F,1971-12-04,2024-01-20,2024-01-20
CUST-00590,Oliver Brown,oliver.brown_590@yahoo.co.uk,+44 7415 125 7580,United Kingdom,UK,F,1972-02-11,2022-02-26,2022-02-26
CUST-00591,Pierre Petrov,pierre.petrov_591@yahoo.fr,+38 900 885 5553,Poland,EU,M,1955-09-28,2023-04-02,2023-04-02
CUST-00592,Noah Novak,noah.novak_592@gmail.com,+37 602 425 9381,Denmark,EU,M,1975-03-23,2023-03-14,2023-03-14
CUST-00593,Emma Smith,emma.smith_593@outlook.com,+44 7453 459 6047,United Kingdom,UK,M,1963-12-15,2024-01-30,2024-01-30
CUST-00594,Mia de Vries,mia.de.vries_594@libero.it,+44 846 524 3286,Netherlands,EU,M,1959-04-10,2023-05-02,2023-05-02
CUST-00595,Clara Andersen,clara.andersen_595@gmail.com,+49 874 484 2449,France,EU,F,1990-05-14,2022-06-29,2022-06-29
CUST-00596,Marco Petrov,marco.petrov_596@web.de,+37 290 952 7254,Netherlands,EU,F,1952-05-27,2023-08-23,2023-08-23
CUST-00597,Amelia Lewis,amelia.lewis_597@yahoo.co.uk,+44 7329 127 1040,Ireland,UK,M,1969-11-27,2023-10-14,2023-10-14
CUST-00598,Daniel Harris,daniel.harris_598@yahoo.co.uk,+44 7527 283 9059,United Kingdom,UK,M,1957-05-16,2022-03-10,2022-03-10
CUST-00599,Sofia Petrov,sofia.petrov_599@hotmail.com,+49 546 989 5225,Sweden,EU,M,1973-09-24,2023-08-13,2023-08-13
CUST-00600,Muhammad Davies,muhammad.davies_600@yahoo.co.uk,+44 7249 427 8553,United Kingdom,UK,M,1960-01-09,2023-01-05,2023-01-05
CUST-00601,Emma Jones,emma.jones_601@yahoo.co.uk,+44 7398 642 2258,United Kingdom,UK,F,1998-02-20,2024-02-10,2024-02-10
CUST-00602,Olivia Johnson,olivia.johnson_602@gmail.com,+44 7377 801 6939,United Kingdom,UK,M,2002-03-01,2022-05-21,2022-05-21
CUST-00603,Emma White,emma.white_603@yahoo.co.uk,+44 7448 266 2678,Ireland,UK,F,1982-04-27,2022-07-12,2022-07-12
CUST-00604,Julia Murphy,julia.murphy_604@hotmail.com,+48 829 664 2867,Poland,EU,F,1954-02-27,2022-05-15,2022-05-15
CUST-00605,Elena Hansen,elena.hansen_605@libero.it,+42 242 936 8240,Spain,EU,M,1961-12-10,2022-01-30,2022-01-30
CUST-00606,Leon Bianchi,leon.bianchi_606@yahoo.fr,+35 804 332 6036,Netherlands,EU,F,1958-02-14,2023-12-09,2023-12-09
CUST-00607,Leon Dubois,leon.dubois_607@yahoo.fr,+46 875 541 1696,Germany,EU,M,1952-11-17,2023-08-31,2023-08-31
CUST-00608,Harry Thomas,harry.thomas_608@gmail.com,+44 7167 408 1168,United Kingdom,UK,M,1988-04-19,2022-07-24,2022-07-24
CUST-00609,Emma Smith,emma.smith_609@hotmail.co.uk,+44 7249 966 5544,United Kingdom,UK,M,1960-09-25,2024-01-17,2024-01-17
CUST-00610,Clara Petrov,clara.petrov_610@libero.it,+34 939 692 1229,France,EU,F,1995-04-10,2022-06-25,2022-06-25
CUST-00611,Julia Müller,julia.muller_611@web.de,+37 616 971 8777,France,EU,F,1978-11-04,2022-07-05,2022-07-05
CUST-00612,Anna Garcia,anna.garcia_612@web.de,+47 333 517 2848,Belgium,EU,M,1979-02-17,2022-05-20,2022-05-20
CUST-00613,Emma Clark,emma.clark_613@gmail.com,+44 7670 839 1665,United Kingdom,UK,M,1981-02-13,2022-10-18,2022-10-18
CUST-00614,Richard Roberts,richard.roberts_614@hotmail.co.uk,+44 7331 667 7672,Ireland,UK,F,1962-02-27,2023-05-03,2023-05-03
CUST-00615,Sofia Rossi,sofia.rossi_615@hotmail.com,+46 788 207 7494,Germany,EU,M,1957-03-13,2023-02-15,2023-02-15
CUST-00616,Leon Varga,leon.varga_616@yahoo.fr,+33 472 303 6548,Netherlands,EU,F,1957-04-27,2023-03-11,2023-03-11
CUST-00617,Mateo Wojcik,mateo.wojcik_617@web.de,+49 379 874 7557,Austria,EU,F,1992-10-13,2023-05-12,2023-05-12
CUST-00618,Jack Thompson,jack.thompson_618@outlook.com,+44 7225 356 9017,United Kingdom,UK,F,1990-03-01,2022-04-12,2022-04-12
CUST-00619,Noah Sato,noah.sato_619@yahoo.fr,+36 491 719 6356,Germany,EU,M,1989-10-04,2024-02-18,2024-02-18
CUST-00620,Emily White,emily.white_620@outlook.com,+44 7306 400 9157,Ireland,UK,M,1984-06-26,2023-07-08,2023-07-08
CUST-00621,Oliver Robinson,oliver.robinson_621@outlook.com,+44 7492 560 6153,United Kingdom,UK,F,1979-01-02,2022-07-01,2022-07-01
CUST-00622,Hugo Wojcik,hugo.wojcik_622@hotmail.com,+46 541 237 6119,Netherlands,EU,F,1998-02-19,2023-11-23,2023-11-23
CUST-00623,Amelia Harris,amelia.harris_623@gmail.com,+44 7587 675 3560,Ireland,UK,F,1966-08-19,2023-01-22,2023-01-22
CUST-00624,Sofia de Vries,sofia.de.vries_624@yahoo.fr,+32 128 704 1739,Italy,EU,M,1972-12-19,2022-01-28,2022-01-28
CUST-00625,Lars Andersen,lars.andersen_625@hotmail.com,+34 538 453 6855,Denmark,EU,M,1953-11-08,2022-09-11,2022-09-11
CUST-00626,Thomas Green,thomas.green_626@gmail.com,+44 7804 167 5995,United Kingdom,UK,M,1960-01-18,2022-11-30,2022-11-30
CUST-00627,Michael Robinson,michael.robinson_627@gmail.com,+44 7373 120 8695,Ireland,UK,M,1974-10-13,2022-11-27,2022-11-27
CUST-00628,Elena Martin,elena.martin_628@yahoo.fr,+41 608 614 6563,Belgium,EU,M,1973-07-07,2023-05-24,2023-05-24
CUST-00629,Noah Kovac,noah.kovac_629@libero.it,+40 371 148 5871,Belgium,EU,F,2001-04-20,2024-01-31,2024-01-31
CUST-00630,Marco Petrov,marco.petrov_630@libero.it,+49 444 379 2102,France,EU,F,1977-04-12,2022-03-20,2022-03-20
CUST-00631,Hugo Novak,hugo.novak_631@yahoo.fr,+44 779 652 6133,Spain,EU,F,1975-05-20,2023-06-12,2023-06-12
CUST-00632,Amelia Davies,amelia.davies_632@yahoo.co.uk,+44 7742 820 9457,United Kingdom,UK,F,1963-11-27,2024-01-31,2024-01-31
CUST-00633,Mateo Kowalski,mateo.kowalski_633@libero.it,+44 679 844 1981,Poland,EU,F,1973-08-05,2022-09-04,2022-09-04
CUST-00634,Michael Roberts,michael.roberts_634@yahoo.co.uk,+44 7520 426 2055,Ireland,UK,F,1967-05-21,2022-06-14,2022-06-14
CUST-00635,Evelyn Wilson,evelyn.wilson_635@yahoo.co.uk,+44 7344 216 3456,Ireland,UK,M,1965-05-15,2023-05-13,2023-05-13
CUST-00636,Lea Garcia,lea.garcia_636@gmail.com,+37 263 379 3235,Germany,EU,M,2000-05-22,2023-07-18,2023-07-18
CUST-00637,Oliver Lewis,oliver.lewis_637@gmail.com,+44 7901 120 1906,Ireland,UK,M,1988-05-28,2022-03-07,2022-03-07
CUST-00638,Lea Hansen,lea.hansen_638@yahoo.fr,+43 959 841 3302,France,EU,M,1986-12-17,2022-05-04,2022-05-04
CUST-00639,Harper Hughes,harper.hughes_639@gmail.com,+44 7608 192 4900,United Kingdom,UK,M,1971-10-24,2023-02-04,2023-02-04
CUST-00640,Giulia Bianchi,giulia.bianchi_640@yahoo.fr,+37 247 209 3869,Denmark,EU,M,1978-07-09,2023-08-27,2023-08-27
CUST-00641,Amelia Walker,amelia.walker_641@outlook.com,+44 7424 658 7943,United Kingdom,UK,F,1967-03-12,2023-05-02,2023-05-02
CUST-00642,Hugo Müller,hugo.muller_642@yahoo.fr,+32 961 857 1895,Austria,EU,M,1985-07-10,2023-10-17,2023-10-17
CUST-00643,Sofia Nowak,sofia.nowak_643@hotmail.com,+48 987 342 8248,France,EU,M,1975-05-10,2022-04-03,2022-04-03
CUST-00644,Louis de Vries,louis.de.vries_644@hotmail.com,+36 549 746 6196,Belgium,EU,M,1967-02-27,2024-03-09,2024-03-09
CUST-00645,Elena Varga,elena.varga_645@yahoo.fr,+41 834 532 2644,Denmark,EU,M,1982-02-12,2023-03-07,2023-03-07
CUST-00646,Julia Varga,julia.varga_646@yahoo.fr,+45 811 128 1853,Italy,EU,F,2000-11-05,2022-01-04,2022-01-04
CUST-00647,Daniel Roberts,daniel.roberts_647@yahoo.co.uk,+44 7689 184 2815,United Kingdom,UK,F,1983-12-25,2023-10-27,2023-10-27
CUST-00648,Sophie Nowak,sophie.nowak_648@web.de,+41 562 589 3187,Denmark,EU,F,1993-10-27,2022-12-02,2022-12-02
CUST-00649,Pierre Dubois,pierre.dubois_649@libero.it,+42 286 502 7182,Denmark,EU,F,1951-01-18,2023-10-25,2023-10-25
CUST-00650,Louis Dubois,louis.dubois_650@gmail.com,+37 368 818 3764,Sweden,EU,F,1989-07-20,2022-09-24,2022-09-24
CUST-00651,Emma Davies,emma.davies_651@outlook.com,+44 7114 835 9615,United Kingdom,UK,F,2002-11-16,2022-05-02,2022-05-02
CUST-00652,Noah Evans,noah.evans_652@outlook.com,+44 7394 864 9096,United Kingdom,UK,F,1977-04-20,2022-08-09,2022-08-09
CUST-00653,Hugo Varga,hugo.varga_653@gmail.com,+44 284 518 3391,Belgium,EU,M,1966-04-20,2023-04-07,2023-04-07
CUST-00654,Sofia Petrov,sofia.petrov_654@web.de,+33 110 580 3182,Sweden,EU,F,1993-04-23,2023-01-28,2023-01-28
CUST-00655,Giulia Murphy,giulia.murphy_655@gmail.com,+33 197 670 1962,Spain,EU,M,1965-08-12,2023-09-13,2023-09-13
CUST-00656,Sophie Wojcik,sophie.wojcik_656@web.de,+31 359 616 7241,Germany,EU,F,1992-06-05,2023-07-27,2023-07-27
CUST-00657,Jacob Thomas,jacob.thomas_657@outlook.com,+44 7615 604 6557,United Kingdom,UK,F,1955-06-23,2023-06-28,2023-06-28
CUST-00658,Muhammad Taylor,muhammad.taylor_658@hotmail.co.uk,+44 7145 230 9179,United Kingdom,UK,M,1977-05-09,2023-09-20,2023-09-20
CUST-00659,Mateo Novak,mateo.novak_659@yahoo.fr,+44 268 423 9049,Italy,EU,F,1953-04-05,2022-02-25,2022-02-25
CUST-00660,Oliver White,oliver.white_660@outlook.com,+44 7267 822 8653,United Kingdom,UK,M,1981-01-15,2023-01-01,2023-01-01
CUST-00661,Julia Sato,julia.sato_661@gmail.com,+46 215 966 3425,Sweden,EU,M,1955-04-28,2022-10-18,2022-10-18
CUST-00662,Jacob Lewis,jacob.lewis_662@gmail.com,+44 7676 779 4479,United Kingdom,UK,F,1976-02-08,2024-02-26,2024-02-26
CUST-00663,Harry Johnson,harry.johnson_663@outlook.com,+44 7391 797 2998,United Kingdom,UK,M,1987-02-27,2022-11-28,2022-11-28
CUST-00664,George Thompson,george.thompson_664@gmail.com,+44 7564 743 5412,Ireland,UK,M,1952-11-20,2023-04-09,2023-04-09
CUST-00665,Richard Lewis,richard.lewis_665@hotmail.co.uk,+44 7316 983 1797,United Kingdom,UK,M,2001-01-24,2022-03-14,2022-03-14
CUST-00666,Evelyn Wright,evelyn.wright_666@yahoo.co.uk,+44 7508 361 3916,United Kingdom,UK,F,1955-01-28,2022-08-02,2022-08-02
CUST-00667,Sophia Roberts,sophia.roberts_667@outlook.com,+44 7223 405 9042,United Kingdom,UK,M,1993-10-05,2023-01-03,2023-01-03
CUST-00668,Sofia Novak,sofia.novak_668@web.de,+46 556 497 8805,Belgium,EU,F,1955-07-26,2023-01-13,2023-01-13
CUST-00669,Lea Kowalski,lea.kowalski_669@hotmail.com,+33 141 625 6599,Denmark,EU,F,1991-11-23,2022-06-08,2022-06-08
CUST-00670,Clara Kowalski,clara.kowalski_670@gmail.com,+33 397 579 8165,Poland,EU,F,1969-03-05,2023-12-02,2023-12-02
CUST-00671,Louis Novak,louis.novak_671@gmail.com,+40 682 148 2253,Denmark,EU,M,1982-07-14,2022-04-07,2022-04-07
CUST-00672,Richard Green,richard.green_672@gmail.com,+44 7463 360 2339,United Kingdom,UK,M,1997-11-15,2022-07-03,2022-07-03
CUST-00673,Anna Schmidt,anna.schmidt_673@web.de,+44 997 821 5876,France,EU,F,1998-11-15,2023-10-01,2023-10-01
CUST-00674,Emma Rossi,emma.rossi_674@gmail.com,+36 180 864 5248,Belgium,EU,F,1984-01-01,2023-02-09,2023-02-09
CUST-00675,Jacob Wood,jacob.wood_675@outlook.com,+44 7571 808 7637,Ireland,UK,M,1989-10-12,2023-12-09,2023-12-09
CUST-00676,Marco Nowak,marco.nowak_676@gmail.com,+40 189 228 3213,Denmark,EU,F,1957-01-23,2022-07-12,2022-07-12
CUST-00677,Pierre Sato,pierre.sato_677@yahoo.fr,+38 546 962 9824,Netherlands,EU,M,1969-08-05,2023-05-01,2023-05-01
CUST-00678,Harry Davies,harry.davies_678@outlook.com,+44 7856 819 8295,United Kingdom,UK,F,1951-08-19,2022-09-06,2022-09-06
CUST-00679,Harper Wright,harper.wright_679@outlook.com,+44 7441 108 2682,United Kingdom,UK,F,2004-08-24,2023-08-16,2023-08-16
CUST-00680,Julia de Vries,julia.de.vries_680@libero.it,+46 509 597 9410,Germany,EU,F,1964-12-02,2023-06-25,2023-06-25
CUST-00681,Harper Johnson,harper.johnson_681@outlook.com,+44 7374 763 7834,United Kingdom,UK,M,1981-10-21,2022-12-22,2022-12-22
CUST-00682,Isabella Smith,isabella.smith_682@outlook.com,+44 7394 843 4149,United Kingdom,UK,M,1978-04-17,2022-08-13,2022-08-13
CUST-00683,Sven Andersen,sven.andersen_683@hotmail.com,+45 234 400 7395,Austria,EU,M,2000-08-26,2022-06-15,2022-06-15
CUST-00684,Hugo Wojcik,hugo.wojcik_684@yahoo.fr,+46 232 277 4268,France,EU,F,1956-07-16,2022-11-07,2022-11-07
CUST-00685,Amelia Jones,amelia.jones_685@yahoo.co.uk,+44 7467 367 6849,United Kingdom,UK,F,2002-09-02,2022-03-07,2022-03-07
CUST-00686,Harry Hall,harry.hall_686@outlook.com,+44 7223 675 4671,United Kingdom,UK,M,1971-06-25,2022-02-17,2022-02-17
CUST-00687,Julia Jansen,julia.jansen_687@gmail.com,+47 718 785 2706,Netherlands,EU,F,2001-08-27,2024-02-13,2024-02-13
CUST-00688,Harry Hall,harry.hall_688@gmail.com,+44 7943 675 1687,United Kingdom,UK,F,1990-02-28,2022-07-30,2022-07-30
CUST-00689,Niklas Varga,niklas.varga_689@gmail.com,+45 880 618 9165,Spain,EU,F,1991-06-11,2022-05-22,2022-05-22
CUST-00690,Noah Thompson,noah.thompson_690@yahoo.co.uk,+44 7887 887 1107,Ireland,UK,F,1971-05-17,2022-06-25,2022-06-25
CUST-00691,Emma Clark,emma.clark_691@yahoo.co.uk,+44 7469 744 5021,Ireland,UK,F,2000-04-05,2023-03-16,2023-03-16
CUST-00692,Isabella Thompson,isabella.thompson_692@gmail.com,+44 7130 553 3385,United Kingdom,UK,M,1955-06-11,2023-02-16,2023-02-16
CUST-00693,Niklas Garcia,niklas.garcia_693@libero.it,+43 877 137 3473,Germany,EU,M,1990-12-26,2023-11-08,2023-11-08
CUST-00694,Hugo Garcia,hugo.garcia_694@web.de,+48 994 411 6139,Denmark,EU,M,2002-05-17,2023-09-18,2023-09-18
CUST-00695,Marco Nygard,marco.nygard_695@web.de,+37 657 739 8244,Sweden,EU,F,1999-04-10,2022-03-28,2022-03-28
CUST-00696,Olivia Wright,olivia.wright_696@yahoo.co.uk,+44 7632 653 5651,United Kingdom,UK,M,1982-09-10,2023-06-18,2023-06-18
CUST-00697,Daniel Davies,daniel.davies_697@hotmail.co.uk,+44 7128 915 9846,United Kingdom,UK,F,2003-05-24,2023-03-09,2023-03-09
CUST-00698,Leon Varga,leon.varga_698@web.de,+42 365 742 9314,Germany,EU,M,1953-11-04,2023-04-05,2023-04-05
CUST-00699,Richard Smith,richard.smith_699@yahoo.co.uk,+44 7447 341 9737,Ireland,UK,M,1969-05-22,2024-01-03,2024-01-03
CUST-00700,Finn Wojcik,finn.wojcik_700@web.de,+47 855 353 2724,Denmark,EU,F,2002-06-15,2022-04-11,2022-04-11
CUST-00701,Isabella Robinson,isabella.robinson_701@yahoo.co.uk,+44 7194 163 7961,United Kingdom,UK,F,1963-08-03,2023-01-14,2023-01-14
CUST-00702,Anna Petrov,anna.petrov_702@libero.it,+47 897 504 5320,Poland,EU,F,1990-07-15,2023-12-07,2023-12-07
CUST-00703,Elena Varga,elena.varga_703@hotmail.com,+36 247 617 3082,Denmark,EU,F,1958-12-17,2023-06-26,2023-06-26
CUST-00704,Noah Thompson,noah.thompson_704@hotmail.co.uk,+44 7133 864 3569,Ireland,UK,M,1988-07-04,2022-05-04,2022-05-04
CUST-00705,Thomas Jones,thomas.jones_705@hotmail.co.uk,+44 7220 480 5995,United Kingdom,UK,M,1968-08-01,2022-05-27,2022-05-27
CUST-00706,Harper Robinson,harper.robinson_706@yahoo.co.uk,+44 7412 390 4532,United Kingdom,UK,F,1950-02-18,2022-12-24,2022-12-24
CUST-00707,Oliver Robinson,oliver.robinson_707@hotmail.co.uk,+44 7686 417 8411,Ireland,UK,F,1980-12-27,2023-09-13,2023-09-13
CUST-00708,Jack Hughes,jack.hughes_708@yahoo.co.uk,+44 7879 560 8357,Ireland,UK,M,1955-10-22,2023-10-01,2023-10-01
CUST-00709,Charlie Wright,charlie.wright_709@hotmail.co.uk,+44 7653 146 8259,United Kingdom,UK,M,2005-03-23,2022-01-26,2022-01-26
CUST-00710,Marco de Vries,marco.de.vries_710@yahoo.fr,+34 759 672 2395,Poland,EU,M,1986-09-07,2024-02-08,2024-02-08
CUST-00711,James Taylor,james.taylor_711@yahoo.co.uk,+44 7119 381 4371,United Kingdom,UK,F,1955-09-20,2022-11-25,2022-11-25
CUST-00712,Oliver White,oliver.white_712@outlook.com,+44 7448 547 3957,United Kingdom,UK,M,2005-09-11,2023-01-27,2023-01-27
CUST-00713,Harry Taylor,harry.taylor_713@hotmail.co.uk,+44 7392 247 3992,United Kingdom,UK,M,1959-05-14,2023-11-26,2023-11-26
CUST-00714,Evelyn Johnson,evelyn.johnson_714@hotmail.co.uk,+44 7127 830 1958,United Kingdom,UK,F,1956-06-05,2023-02-27,2023-02-27
CUST-00715,Mateo Nygard,mateo.nygard_715@hotmail.com,+32 307 345 4874,France,EU,F,1957-05-02,2022-11-22,2022-11-22
CUST-00716,Isabella Williams,isabella.williams_716@gmail.com,+44 7129 517 4829,Ireland,UK,M,1985-10-22,2022-04-14,2022-04-14
CUST-00717,Amelia Wood,amelia.wood_717@outlook.com,+44 7411 681 7664,United Kingdom,UK,M,2004-11-17,2022-07-28,2022-07-28
CUST-00718,Finn Hansen,finn.hansen_718@hotmail.com,+36 900 351 9806,Poland,EU,F,1952-01-27,2023-04-21,2023-04-21
CUST-00719,Sophie de Vries,sophie.de.vries_719@libero.it,+31 161 593 5477,Netherlands,EU,M,2003-11-13,2022-12-26,2022-12-26
CUST-00720,Pierre Petrov,pierre.petrov_720@libero.it,+40 146 265 9750,Poland,EU,M,1969-02-13,2023-12-17,2023-12-17
CUST-00721,Jack Lewis,jack.lewis_721@hotmail.co.uk,+44 7999 542 4454,United Kingdom,UK,M,1990-05-25,2023-12-26,2023-12-26
CUST-00722,Charlie Harris,charlie.harris_722@hotmail.co.uk,+44 7449 315 8533,United Kingdom,UK,M,1994-03-21,2022-01-03,2022-01-03
CUST-00723,Lucas Müller,lucas.muller_723@hotmail.com,+44 669 813 9011,Netherlands,EU,M,2000-11-21,2022-03-21,2022-03-21
CUST-00724,Michael Thompson,michael.thompson_724@hotmail.co.uk,+44 7461 932 7166,United Kingdom,UK,F,1961-12-01,2022-05-08,2022-05-08
CUST-00725,Noah Thompson,noah.thompson_725@hotmail.co.uk,+44 7326 860 1324,United Kingdom,UK,M,1962-02-27,2023-09-21,2023-09-21
CUST-00726,Marco Bianchi,marco.bianchi_726@hotmail.com,+46 471 137 5599,Belgium,EU,F,1950-04-27,2023-10-16,2023-10-16
CUST-00727,Muhammad Green,muhammad.green_727@yahoo.co.uk,+44 7274 665 4174,Ireland,UK,M,1987-03-24,2022-03-08,2022-03-08
CUST-00728,Harper Wilson,harper.wilson_728@hotmail.co.uk,+44 7296 968 1378,United Kingdom,UK,F,1950-07-21,2023-11-21,2023-11-21
CUST-00729,Liam Andersen,liam.andersen_729@hotmail.com,+44 380 224 9491,Denmark,EU,F,1973-09-25,2022-02-14,2022-02-14
CUST-00730,Louis Schmidt,louis.schmidt_730@gmail.com,+44 645 559 6181,Spain,EU,F,1962-06-03,2023-08-09,2023-08-09
CUST-00731,Giulia Bianchi,giulia.bianchi_731@web.de,+33 355 301 3694,Denmark,EU,M,1954-11-21,2022-04-10,2022-04-10
CUST-00732,Isabella Smith,isabella.smith_732@gmail.com,+44 7960 356 5049,United Kingdom,UK,F,1965-06-27,2022-02-25,2022-02-25
CUST-00733,Clara Bianchi,clara.bianchi_733@libero.it,+45 882 197 8314,France,EU,M,1955-01-02,2023-01-22,2023-01-22
CUST-00734,David Williams,david.williams_734@gmail.com,+44 7163 921 8240,United Kingdom,UK,M,1989-11-14,2022-03-09,2022-03-09
CUST-00735,Oliver Edwards,oliver.edwards_735@outlook.com,+44 7401 970 7249,United Kingdom,UK,M,1989-07-08,2023-09-06,2023-09-06
CUST-00736,Sophie Müller,sophie.muller_736@libero.it,+43 575 914 8014,Sweden,EU,M,1971-11-22,2022-01-27,2022-01-27
CUST-00737,Olivia Green,olivia.green_737@gmail.com,+44 7210 205 1201,United Kingdom,UK,F,1986-03-21,2023-06-06,2023-06-06
CUST-00738,Isabella White,isabella.white_738@gmail.com,+44 7290 348 3255,Ireland,UK,M,1958-05-19,2023-03-23,2023-03-23
CUST-00739,Daniel Walker,daniel.walker_739@yahoo.co.uk,+44 7697 654 3385,United Kingdom,UK,F,1969-10-11,2022-10-26,2022-10-26
CUST-00740,James Hughes,james.hughes_740@gmail.com,+44 7158 343 9308,United Kingdom,UK,F,1972-04-07,2023-10-18,2023-10-18
CUST-00741,Noah Andersen,noah.andersen_741@libero.it,+46 811 808 8657,Belgium,EU,M,2004-10-19,2022-12-10,2022-12-10
CUST-00742,Lea Andersen,lea.andersen_742@hotmail.com,+34 565 997 1691,Netherlands,EU,F,1950-11-08,2023-12-11,2023-12-11
CUST-00743,Evelyn Evans,evelyn.evans_743@outlook.com,+44 7592 852 6431,United Kingdom,UK,F,1975-03-27,2022-01-07,2022-01-07
CUST-00744,George Walker,george.walker_744@hotmail.co.uk,+44 7668 217 3333,United Kingdom,UK,F,1962-11-19,2024-02-23,2024-02-23
CUST-00745,James Evans,james.evans_745@hotmail.co.uk,+44 7390 278 4587,United Kingdom,UK,F,1971-09-08,2022-07-02,2022-07-02
CUST-00746,Jacob Thomas,jacob.thomas_746@outlook.com,+44 7121 951 3248,United Kingdom,UK,M,1971-04-10,2023-04-13,2023-04-13
CUST-00747,Emma Harris,emma.harris_747@gmail.com,+44 7639 918 8106,United Kingdom,UK,M,1959-03-26,2022-07-14,2022-07-14
CUST-00748,Sophia Clark,sophia.clark_748@yahoo.co.uk,+44 7425 713 8037,United Kingdom,UK,M,1998-10-19,2022-07-13,2022-07-13
CUST-00749,Hugo Bernard,hugo.bernard_749@yahoo.fr,+38 154 744 5588,Italy,EU,F,1963-12-03,2023-04-27,2023-04-27
CUST-00750,Sophie Dubois,sophie.dubois_750@web.de,+47 497 869 9342,Netherlands,EU,F,1983-08-06,2022-11-26,2022-11-26
CUST-00751,Clara Wojcik,clara.wojcik_751@libero.it,+46 585 374 7569,Sweden,EU,M,1963-04-07,2023-04-08,2023-04-08
CUST-00752,Anna Ferrari,anna.ferrari_752@web.de,+44 486 685 3575,Spain,EU,M,1985-02-05,2024-02-09,2024-02-09
CUST-00753,Ava Hughes,ava.hughes_753@outlook.com,+44 7335 697 1674,United Kingdom,UK,M,1977-08-15,2023-03-19,2023-03-19
CUST-00754,Mia Johnson,mia.johnson_754@outlook.com,+44 7491 125 3942,United Kingdom,UK,F,1966-11-03,2023-01-03,2023-01-03
CUST-00755,Hugo Novak,hugo.novak_755@yahoo.fr,+48 759 180 5528,Poland,EU,M,1957-02-12,2022-02-09,2022-02-09
CUST-00756,Olivia Evans,olivia.evans_756@yahoo.co.uk,+44 7356 409 5496,United Kingdom,UK,F,2004-12-24,2023-07-11,2023-07-11
CUST-00757,Lucas de Vries,lucas.de.vries_757@libero.it,+42 901 513 7647,Spain,EU,M,1980-11-17,2024-02-19,2024-02-19
CUST-00758,Anna Bianchi,anna.bianchi_758@libero.it,+37 585 339 9451,Belgium,EU,F,1996-08-11,2022-03-29,2022-03-29
CUST-00759,Noah Robinson,noah.robinson_759@gmail.com,+44 7314 549 8372,Ireland,UK,M,1958-10-28,2022-05-12,2022-05-12
CUST-00760,Richard Smith,richard.smith_760@hotmail.co.uk,+44 7929 774 6810,Ireland,UK,F,1976-07-22,2024-02-10,2024-02-10
CUST-00761,David Edwards,david.edwards_761@gmail.com,+44 7433 701 1380,United Kingdom,UK,F,1959-06-19,2023-10-07,2023-10-07
CUST-00762,Sophie Petrov,sophie.petrov_762@libero.it,+43 309 500 2043,Denmark,EU,F,1962-08-04,2022-12-03,2022-12-03
CUST-00763,Mia Kowalski,mia.kowalski_763@gmail.com,+33 275 206 3910,Spain,EU,F,1951-03-07,2022-03-13,2022-03-13
CUST-00764,Anna de Vries,anna.de.vries_764@gmail.com,+38 398 775 9591,Belgium,EU,F,1953-06-17,2022-01-12,2022-01-12
CUST-00765,Isabella Wright,isabella.wright_765@outlook.com,+44 7213 232 9789,United Kingdom,UK,F,1997-02-13,2022-07-31,2022-07-31
CUST-00766,Noah Roberts,noah.roberts_766@yahoo.co.uk,+44 7937 826 8778,Ireland,UK,M,1987-04-17,2024-01-04,2024-01-04
CUST-00767,Mateo Ferrari,mateo.ferrari_767@libero.it,+35 556 165 7541,Germany,EU,F,1983-06-19,2023-05-18,2023-05-18
CUST-00768,Harper Jones,harper.jones_768@hotmail.co.uk,+44 7394 761 8476,United Kingdom,UK,M,1975-10-27,2022-06-29,2022-06-29
CUST-00769,Jacob Hall,jacob.hall_769@gmail.com,+44 7568 493 4005,Ireland,UK,F,1994-01-08,2022-06-11,2022-06-11
CUST-00770,Daniel Edwards,daniel.edwards_770@outlook.com,+44 7782 168 4559,United Kingdom,UK,F,1998-09-04,2023-01-13,2023-01-13
CUST-00771,Harry Hughes,harry.hughes_771@hotmail.co.uk,+44 7519 561 3700,United Kingdom,UK,F,1982-01-15,2022-01-28,2022-01-28
CUST-00772,David Harris,david.harris_772@yahoo.co.uk,+44 7490 451 7542,Ireland,UK,F,1952-01-09,2022-04-28,2022-04-28
CUST-00773,Finn Andersen,finn.andersen_773@libero.it,+46 572 169 2352,Sweden,EU,F,1995-08-05,2023-04-28,2023-04-28
CUST-00774,Niklas Rossi,niklas.rossi_774@libero.it,+34 281 401 3034,Germany,EU,F,1960-02-22,2024-02-21,2024-02-21
CUST-00775,Muhammad Brown,muhammad.brown_775@gmail.com,+44 7466 282 4549,Ireland,UK,F,1978-12-02,2023-10-13,2023-10-13
CUST-00776,Lars Nowak,lars.nowak_776@gmail.com,+43 806 415 8274,France,EU,M,1953-07-25,2022-07-26,2022-07-26
CUST-00777,Sofia Bianchi,sofia.bianchi_777@gmail.com,+33 116 531 1457,Belgium,EU,M,2002-04-22,2023-11-17,2023-11-17
CUST-00778,Harry Harris,harry.harris_778@outlook.com,+44 7841 271 1721,United Kingdom,UK,M,2002-06-11,2023-07-30,2023-07-30
CUST-00779,Sophie Ferrari,sophie.ferrari_779@yahoo.fr,+43 538 223 4807,Poland,EU,M,1972-06-06,2022-01-16,2022-01-16
CUST-00780,Olivia Smith,olivia.smith_780@gmail.com,+44 7317 569 4606,Ireland,UK,M,1991-10-12,2022-02-14,2022-02-14
CUST-00781,Noah Robinson,noah.robinson_781@gmail.com,+44 7885 713 9185,United Kingdom,UK,F,1966-02-20,2022-11-29,2022-11-29
CUST-00782,Marco Nygard,marco.nygard_782@hotmail.com,+41 279 750 6209,Netherlands,EU,M,1971-01-20,2023-08-23,2023-08-23
CUST-00783,Emily Wood,emily.wood_783@yahoo.co.uk,+44 7615 701 1217,United Kingdom,UK,M,1989-02-10,2022-08-31,2022-08-31
CUST-00784,Louis Murphy,louis.murphy_784@web.de,+32 240 483 9171,France,EU,F,1959-07-07,2023-10-20,2023-10-20
CUST-00785,Richard Hall,richard.hall_785@yahoo.co.uk,+44 7856 998 6385,Ireland,UK,M,1970-11-26,2024-02-18,2024-02-18
CUST-00786,Isabella Wood,isabella.wood_786@hotmail.co.uk,+44 7868 124 4752,United Kingdom,UK,M,1965-04-18,2022-02-25,2022-02-25
CUST-00787,Sven Bianchi,sven.bianchi_787@hotmail.com,+43 633 429 4007,Belgium,EU,M,1954-08-03,2022-07-17,2022-07-17
CUST-00788,Jack Evans,jack.evans_788@yahoo.co.uk,+44 7193 277 9992,United Kingdom,UK,F,1982-02-14,2024-01-13,2024-01-13
CUST-00789,Jacob Lewis,jacob.lewis_789@yahoo.co.uk,+44 7350 534 3890,United Kingdom,UK,M,1968-10-15,2023-10-13,2023-10-13
CUST-00790,Mia Williams,mia.williams_790@outlook.com,+44 7507 486 3748,United Kingdom,UK,F,1977-09-20,2024-01-23,2024-01-23
CUST-00791,Jack White,jack.white_791@gmail.com,+44 7880 490 8002,United Kingdom,UK,M,1988-09-05,2023-07-21,2023-07-21
CUST-00792,Mateo Nygard,mateo.nygard_792@libero.it,+40 564 390 7146,Sweden,EU,F,1954-06-05,2024-01-03,2024-01-03
CUST-00793,Jack Evans,jack.evans_793@hotmail.co.uk,+44 7113 982 9203,United Kingdom,UK,F,1975-07-13,2024-01-31,2024-01-31
CUST-00794,Mia Roberts,mia.roberts_794@outlook.com,+44 7518 139 3039,United Kingdom,UK,F,1962-07-09,2024-02-29,2024-02-29
CUST-00795,Giulia Hansen,giulia.hansen_795@gmail.com,+46 750 805 7032,Poland,EU,F,1977-12-08,2022-09-06,2022-09-06
CUST-00796,Emma Wood,emma.wood_796@hotmail.co.uk,+44 7814 781 3422,United Kingdom,UK,F,1993-03-09,2022-09-11,2022-09-11
CUST-00797,Sven Rossi,sven.rossi_797@hotmail.com,+34 889 194 7297,Germany,EU,M,1983-04-14,2022-06-19,2022-06-19
CUST-00798,Mateo Wojcik,mateo.wojcik_798@libero.it,+47 645 774 7271,Spain,EU,M,1996-07-25,2024-01-16,2024-01-16
CUST-00799,Leon Kowalski,leon.kowalski_799@yahoo.fr,+42 933 246 5407,Austria,EU,F,1994-05-01,2022-06-22,2022-06-22
CUST-00800,Lucas Martin,lucas.martin_800@hotmail.com,+44 637 526 5724,France,EU,F,1961-06-06,2023-12-22,2023-12-22
CUST-00801,Mia Davies,mia.davies_801@yahoo.co.uk,+44 7561 680 4482,United Kingdom,UK,F,1953-12-06,2024-02-17,2024-02-17
CUST-00802,Isabella Thompson,isabella.thompson_802@gmail.com,+44 7989 751 3721,United Kingdom,UK,M,1955-07-04,2022-10-11,2022-10-11
CUST-00803,James Green,james.green_803@gmail.com,+44 7589 596 2651,United Kingdom,UK,M,1967-01-22,2023-08-20,2023-08-20
CUST-00804,Liam Martin,liam.martin_804@libero.it,+47 910 107 7154,Belgium,EU,M,1981-08-25,2022-12-12,2022-12-12
CUST-00805,Emma Hansen,emma.hansen_805@hotmail.com,+41 936 345 6918,Italy,EU,F,1989-01-12,2022-12-05,2022-12-05
CUST-00806,Lucas Lopez,lucas.lopez_806@libero.it,+35 126 716 3013,Denmark,EU,M,1994-04-12,2023-04-08,2023-04-08
CUST-00807,Sven Sato,sven.sato_807@web.de,+44 776 292 1051,Poland,EU,M,1990-06-28,2022-02-16,2022-02-16
CUST-00808,Giulia Andersen,giulia.andersen_808@libero.it,+38 721 596 7556,Sweden,EU,M,1972-07-16,2023-11-06,2023-11-06
CUST-00809,Leon Varga,leon.varga_809@libero.it,+40 721 299 3345,Denmark,EU,M,1958-08-26,2022-03-31,2022-03-31
CUST-00810,Michael Edwards,michael.edwards_810@outlook.com,+44 7272 556 2895,Ireland,UK,F,1965-04-06,2024-02-11,2024-02-11
CUST-00811,Marco Dubois,marco.dubois_811@web.de,+44 832 129 3625,France,EU,F,1999-05-08,2024-01-07,2024-01-07
CUST-00812,Mia Harris,mia.harris_812@outlook.com,+44 7781 239 9757,United Kingdom,UK,M,2000-12-11,2022-08-18,2022-08-18
CUST-00813,Sophie Dubois,sophie.dubois_813@libero.it,+43 834 860 7252,Italy,EU,F,2001-04-08,2022-09-23,2022-09-23
CUST-00814,George Taylor,george.taylor_814@gmail.com,+44 7448 858 4082,United Kingdom,UK,M,1958-06-13,2023-08-14,2023-08-14
CUST-00815,Hugo Schmidt,hugo.schmidt_815@hotmail.com,+48 294 967 7359,Austria,EU,M,1999-06-26,2023-11-27,2023-11-27
CUST-00816,Finn Novak,finn.novak_816@gmail.com,+49 327 209 7476,Austria,EU,F,1970-03-27,2022-10-31,2022-10-31
CUST-00817,Elena Nowak,elena.nowak_817@gmail.com,+35 715 390 3389,Sweden,EU,M,1969-09-23,2022-05-07,2022-05-07
CUST-00818,David Green,david.green_818@outlook.com,+44 7746 948 4534,Ireland,UK,M,1995-07-02,2022-12-08,2022-12-08
CUST-00819,David Evans,david.evans_819@yahoo.co.uk,+44 7817 853 1861,United Kingdom,UK,F,1996-07-10,2023-11-07,2023-11-07
CUST-00820,Niklas Müller,niklas.muller_820@web.de,+43 445 532 8756,Poland,EU,F,1975-02-17,2024-01-15,2024-01-15
CUST-00821,David Evans,david.evans_821@gmail.com,+44 7199 234 6298,Ireland,UK,M,1979-11-06,2023-08-15,2023-08-15
CUST-00822,David White,david.white_822@yahoo.co.uk,+44 7248 314 4573,United Kingdom,UK,M,1973-12-28,2023-08-13,2023-08-13
CUST-00823,Jack Wright,jack.wright_823@gmail.com,+44 7795 961 3756,Ireland,UK,M,1972-08-06,2022-02-23,2022-02-23
CUST-00824,Emily Wood,emily.wood_824@outlook.com,+44 7707 544 3434,United Kingdom,UK,F,1952-02-08,2023-02-11,2023-02-11
CUST-00825,David Hall,david.hall_825@gmail.com,+44 7768 863 7150,United Kingdom,UK,F,2005-11-13,2022-10-09,2022-10-09
CUST-00826,Mia Hansen,mia.hansen_826@hotmail.com,+34 219 184 2999,Germany,EU,F,1951-10-19,2023-08-10,2023-08-10
CUST-00827,David Lewis,david.lewis_827@outlook.com,+44 7913 707 3967,United Kingdom,UK,F,1991-12-14,2022-11-02,2022-11-02
CUST-00828,Leon Andersen,leon.andersen_828@hotmail.com,+48 289 515 1323,France,EU,F,1954-09-27,2023-08-22,2023-08-22
CUST-00829,Daniel Taylor,daniel.taylor_829@yahoo.co.uk,+44 7774 220 3960,United Kingdom,UK,M,1985-08-26,2022-11-18,2022-11-18
CUST-00830,Jack Green,jack.green_830@hotmail.co.uk,+44 7768 265 2438,United Kingdom,UK,M,1955-02-17,2022-11-02,2022-11-02
CUST-00831,Amelia Davies,amelia.davies_831@hotmail.co.uk,+44 7773 100 5068,Ireland,UK,M,1983-05-22,2023-07-01,2023-07-01
CUST-00832,Harper White,harper.white_832@yahoo.co.uk,+44 7635 460 9818,United Kingdom,UK,M,1992-01-08,2022-02-07,2022-02-07
CUST-00833,Thomas Evans,thomas.evans_833@hotmail.co.uk,+44 7716 665 4539,United Kingdom,UK,M,1958-12-20,2023-03-09,2023-03-09
CUST-00834,Muhammad Thomas,muhammad.thomas_834@outlook.com,+44 7765 267 7554,Ireland,UK,M,1966-11-14,2023-12-13,2023-12-13
CUST-00835,Noah Williams,noah.williams_835@hotmail.co.uk,+44 7748 813 4156,United Kingdom,UK,F,1976-03-11,2023-03-21,2023-03-21
CUST-00836,Evelyn Wilson,evelyn.wilson_836@gmail.com,+44 7376 227 9707,United Kingdom,UK,F,1954-06-21,2022-04-02,2022-04-02
CUST-00837,Olivia Thomas,olivia.thomas_837@hotmail.co.uk,+44 7989 917 4698,United Kingdom,UK,M,1956-07-08,2023-01-23,2023-01-23
CUST-00838,Leon Rossi,leon.rossi_838@gmail.com,+40 702 941 9021,Poland,EU,M,1994-10-28,2022-10-16,2022-10-16
CUST-00839,Sophie Martin,sophie.martin_839@yahoo.fr,+36 425 869 7382,Germany,EU,M,2001-12-22,2023-06-29,2023-06-29
CUST-00840,Anna Sato,anna.sato_840@yahoo.fr,+35 365 109 9414,Austria,EU,F,1959-07-19,2024-01-24,2024-01-24
CUST-00841,Richard Wood,richard.wood_841@outlook.com,+44 7824 896 5081,United Kingdom,UK,F,1961-08-12,2023-04-25,2023-04-25
CUST-00842,Muhammad Robinson,muhammad.robinson_842@hotmail.co.uk,+44 7412 750 2424,United Kingdom,UK,F,1999-06-28,2022-04-03,2022-04-03
CUST-00843,Noah Varga,noah.varga_843@gmail.com,+33 269 689 1940,Belgium,EU,M,1985-08-26,2022-01-11,2022-01-11
CUST-00844,Lea Nowak,lea.nowak_844@libero.it,+35 591 609 9437,Poland,EU,M,1975-01-20,2022-07-14,2022-07-14
CUST-00845,Giulia Müller,giulia.muller_845@libero.it,+48 867 453 5001,Denmark,EU,M,1988-08-06,2023-11-22,2023-11-22
CUST-00846,Clara Bianchi,clara.bianchi_846@libero.it,+33 475 959 3184,Netherlands,EU,M,1953-07-16,2023-01-24,2023-01-24
CUST-00847,Harry Johnson,harry.johnson_847@hotmail.co.uk,+44 7951 652 2931,United Kingdom,UK,M,1980-05-09,2022-08-07,2022-08-07
CUST-00848,Daniel Green,daniel.green_848@gmail.com,+44 7322 412 9446,Ireland,UK,F,1989-08-02,2022-12-31,2022-12-31
CUST-00849,Ava Johnson,ava.johnson_849@hotmail.co.uk,+44 7462 209 1084,United Kingdom,UK,F,1975-06-01,2022-04-14,2022-04-14
CUST-00850,Noah Williams,noah.williams_850@gmail.com,+44 7520 226 8985,United Kingdom,UK,F,1999-11-09,2022-08-20,2022-08-20
CUST-00851,Emma Roberts,emma.roberts_851@hotmail.co.uk,+44 7538 286 9788,United Kingdom,UK,M,1978-11-27,2023-03-26,2023-03-26
CUST-00852,Emma Lewis,emma.lewis_852@gmail.com,+44 7105 467 4251,Ireland,UK,F,1968-01-05,2023-02-09,2023-02-09
CUST-00853,Olivia Jones,olivia.jones_853@hotmail.co.uk,+44 7782 303 8852,United Kingdom,UK,M,1976-08-18,2023-05-23,2023-05-23
CUST-00854,Marco Bernard,marco.bernard_854@yahoo.fr,+43 613 843 7370,Italy,EU,M,1956-01-05,2022-06-09,2022-06-09
CUST-00855,James Harris,james.harris_855@outlook.com,+44 7153 794 6605,United Kingdom,UK,M,1977-08-10,2022-10-16,2022-10-16
CUST-00856,Isabella Wilson,isabella.wilson_856@yahoo.co.uk,+44 7846 623 4061,United Kingdom,UK,M,1999-02-28,2022-09-27,2022-09-27
CUST-00857,Louis Nowak,louis.nowak_857@libero.it,+37 585 823 2688,Denmark,EU,F,1962-10-21,2023-10-12,2023-10-12
CUST-00858,Harry Brown,harry.brown_858@yahoo.co.uk,+44 7139 380 4148,Ireland,UK,F,1951-10-07,2022-04-04,2022-04-04
CUST-00859,Anna Garcia,anna.garcia_859@yahoo.fr,+40 816 748 4791,Poland,EU,M,1977-08-02,2023-06-07,2023-06-07
CUST-00860,Oliver Roberts,oliver.roberts_860@hotmail.co.uk,+44 7375 472 5596,United Kingdom,UK,F,1965-06-02,2022-07-06,2022-07-06
CUST-00861,Oliver Harris,oliver.harris_861@hotmail.co.uk,+44 7317 392 8734,United Kingdom,UK,M,1977-03-09,2023-05-19,2023-05-19
CUST-00862,Thomas Taylor,thomas.taylor_862@hotmail.co.uk,+44 7785 113 3134,United Kingdom,UK,M,1997-06-24,2024-03-08,2024-03-08
CUST-00863,Sophie Hansen,sophie.hansen_863@gmail.com,+39 315 698 7292,Belgium,EU,M,1958-11-24,2023-09-09,2023-09-09
CUST-00864,Harper Wood,harper.wood_864@gmail.com,+44 7297 821 8303,United Kingdom,UK,M,1984-10-11,2022-11-05,2022-11-05
CUST-00865,Pierre Kovac,pierre.kovac_865@libero.it,+32 230 296 7851,Netherlands,EU,M,1998-09-12,2023-01-10,2023-01-10
CUST-00866,David Taylor,david.taylor_866@gmail.com,+44 7169 594 7864,Ireland,UK,F,1988-05-23,2022-05-13,2022-05-13
CUST-00867,Harper Jones,harper.jones_867@outlook.com,+44 7858 934 7512,United Kingdom,UK,M,1960-08-25,2023-06-06,2023-06-06
CUST-00868,Sophia Wright,sophia.wright_868@yahoo.co.uk,+44 7311 288 1058,United Kingdom,UK,F,1987-12-01,2023-06-10,2023-06-10
CUST-00869,David Lewis,david.lewis_869@hotmail.co.uk,+44 7410 972 4609,United Kingdom,UK,M,1985-02-06,2022-08-18,2022-08-18
CUST-00870,Charlie Roberts,charlie.roberts_870@yahoo.co.uk,+44 7754 251 5550,United Kingdom,UK,M,2005-01-21,2022-09-12,2022-09-12
CUST-00871,Pierre Kovac,pierre.kovac_871@web.de,+31 764 455 7047,France,EU,M,1995-09-09,2024-01-10,2024-01-10
CUST-00872,Evelyn Roberts,evelyn.roberts_872@hotmail.co.uk,+44 7158 740 1170,United Kingdom,UK,F,1996-05-06,2022-09-20,2022-09-20
CUST-00873,Julia Nowak,julia.nowak_873@web.de,+34 839 863 7258,Austria,EU,F,2002-08-08,2022-11-29,2022-11-29
CUST-00874,Harper Wood,harper.wood_874@outlook.com,+44 7259 556 4796,Ireland,UK,M,1959-08-03,2023-05-23,2023-05-23
CUST-00875,Jacob Davies,jacob.davies_875@hotmail.co.uk,+44 7683 602 3955,United Kingdom,UK,M,1969-03-06,2023-02-08,2023-02-08
CUST-00876,Pierre Dubois,pierre.dubois_876@hotmail.com,+33 536 351 8455,Netherlands,EU,M,1996-09-05,2024-01-15,2024-01-15
CUST-00877,Lucas Murphy,lucas.murphy_877@gmail.com,+43 493 121 2802,France,EU,M,1958-04-25,2022-03-27,2022-03-27
CUST-00878,Daniel Hall,daniel.hall_878@hotmail.co.uk,+44 7911 109 2742,United Kingdom,UK,M,1962-03-16,2024-02-17,2024-02-17
CUST-00879,Mia Rossi,mia.rossi_879@gmail.com,+41 590 258 4994,Spain,EU,M,1990-09-04,2022-01-22,2022-01-22
CUST-00880,Leon Kovac,leon.kovac_880@yahoo.fr,+34 623 956 7804,Spain,EU,M,1964-01-08,2023-03-14,2023-03-14
CUST-00881,Emma Wood,emma.wood_881@gmail.com,+44 7331 800 7303,United Kingdom,UK,F,1960-02-08,2022-04-15,2022-04-15
CUST-00882,Hugo Hansen,hugo.hansen_882@gmail.com,+41 221 469 2389,France,EU,F,1961-07-17,2022-12-09,2022-12-09
CUST-00883,Sven Garcia,sven.garcia_883@web.de,+40 739 937 5702,Netherlands,EU,M,1967-08-22,2023-01-13,2023-01-13
CUST-00884,Marco Dubois,marco.dubois_884@web.de,+35 896 771 3401,Germany,EU,F,1974-08-24,2023-05-05,2023-05-05
CUST-00885,Leon Petrov,leon.petrov_885@yahoo.fr,+39 248 192 6292,Denmark,EU,F,1999-07-12,2022-11-23,2022-11-23
CUST-00886,Mia Clark,mia.clark_886@yahoo.co.uk,+44 7716 912 6463,Ireland,UK,F,1974-07-18,2023-05-25,2023-05-25
CUST-00887,Mia Edwards,mia.edwards_887@yahoo.co.uk,+44 7493 185 7911,United Kingdom,UK,M,1965-06-01,2022-07-28,2022-07-28
CUST-00888,Lucas Hansen,lucas.hansen_888@web.de,+46 236 212 1976,Poland,EU,M,2004-03-10,2023-04-17,2023-04-17
CUST-00889,Amelia Robinson,amelia.robinson_889@gmail.com,+44 7315 947 4679,United Kingdom,UK,F,1957-12-23,2022-05-27,2022-05-27
CUST-00890,James Clark,james.clark_890@gmail.com,+44 7480 155 2736,Ireland,UK,F,2003-10-28,2022-06-11,2022-06-11
CUST-00891,Emma Brown,emma.brown_891@outlook.com,+44 7350 178 1204,United Kingdom,UK,F,1998-03-16,2024-02-01,2024-02-01
CUST-00892,Emily Clark,emily.clark_892@outlook.com,+44 7581 521 6526,United Kingdom,UK,M,1968-02-05,2022-03-03,2022-03-03
CUST-00893,Liam Murphy,liam.murphy_893@hotmail.com,+47 264 111 7494,Netherlands,EU,F,1985-12-27,2022-09-22,2022-09-22
CUST-00894,Clara de Vries,clara.de.vries_894@libero.it,+44 260 378 2506,Belgium,EU,F,1958-12-07,2023-02-15,2023-02-15
CUST-00895,Louis Nygard,louis.nygard_895@hotmail.com,+48 719 961 2264,Netherlands,EU,F,1970-11-21,2023-02-19,2023-02-19
CUST-00896,Niklas Schmidt,niklas.schmidt_896@gmail.com,+44 299 376 2776,Italy,EU,M,1973-10-25,2022-12-10,2022-12-10
CUST-00897,Thomas Davies,thomas.davies_897@hotmail.co.uk,+44 7166 316 1179,United Kingdom,UK,F,1985-04-21,2022-02-03,2022-02-03
CUST-00898,George Green,george.green_898@gmail.com,+44 7677 909 8926,United Kingdom,UK,M,1970-02-10,2022-01-09,2022-01-09
CUST-00899,Hugo Nygard,hugo.nygard_899@web.de,+37 422 869 7400,Poland,EU,F,1994-11-04,2022-12-06,2022-12-06
CUST-00900,Richard Hughes,richard.hughes_900@gmail.com,+44 7614 926 3460,United Kingdom,UK,F,1980-10-28,2022-02-08,2022-02-08
CUST-00901,Jack Harris,jack.harris_901@yahoo.co.uk,+44 7180 740 2528,Ireland,UK,F,2001-11-21,2022-05-25,2022-05-25
CUST-00902,Niklas Novak,niklas.novak_902@yahoo.fr,+47 887 449 8331,Poland,EU,M,1968-06-20,2023-03-18,2023-03-18
CUST-00903,David Harris,david.harris_903@yahoo.co.uk,+44 7344 313 2228,Ireland,UK,F,1956-01-05,2024-02-24,2024-02-24
CUST-00904,Julia Dubois,julia.dubois_904@web.de,+34 565 421 3780,Sweden,EU,F,1954-05-19,2023-01-08,2023-01-08
CUST-00905,George Davies,george.davies_905@outlook.com,+44 7364 584 5194,Ireland,UK,F,1957-10-16,2022-02-10,2022-02-10
CUST-00906,Thomas Wright,thomas.wright_906@outlook.com,+44 7977 734 3113,Ireland,UK,M,1982-10-11,2023-01-18,2023-01-18
CUST-00907,Isabella Hughes,isabella.hughes_907@gmail.com,+44 7369 998 1699,Ireland,UK,F,1994-09-01,2022-06-08,2022-06-08
CUST-00908,Hugo Nygard,hugo.nygard_908@yahoo.fr,+49 508 974 2195,Netherlands,EU,F,2005-08-22,2022-04-06,2022-04-06
CUST-00909,Ava Wood,ava.wood_909@gmail.com,+44 7211 187 3953,Ireland,UK,F,1999-07-07,2023-02-16,2023-02-16
CUST-00910,Olivia Johnson,olivia.johnson_910@gmail.com,+44 7317 819 8802,Ireland,UK,M,1979-01-18,2022-06-09,2022-06-09
CUST-00911,Finn Kowalski,finn.kowalski_911@gmail.com,+41 681 132 7230,Belgium,EU,M,2000-07-16,2022-08-07,2022-08-07
CUST-00912,James Harris,james.harris_912@gmail.com,+44 7376 358 3885,Ireland,UK,F,1954-05-13,2022-03-25,2022-03-25
CUST-00913,David Thompson,david.thompson_913@yahoo.co.uk,+44 7637 319 5250,Ireland,UK,M,1955-07-11,2024-02-11,2024-02-11
CUST-00914,Noah Walker,noah.walker_914@yahoo.co.uk,+44 7593 586 9773,Ireland,UK,F,1972-12-19,2023-02-03,2023-02-03
CUST-00915,Julia Murphy,julia.murphy_915@web.de,+33 840 783 3369,Belgium,EU,M,1950-03-15,2022-06-01,2022-06-01
CUST-00916,Olivia Taylor,olivia.taylor_916@outlook.com,+44 7369 633 1060,Ireland,UK,F,1990-08-21,2023-08-16,2023-08-16
CUST-00917,Noah Lewis,noah.lewis_917@yahoo.co.uk,+44 7530 813 9947,United Kingdom,UK,F,1963-06-07,2022-07-15,2022-07-15
CUST-00918,Camille Müller,camille.muller_918@libero.it,+42 116 409 6029,Italy,EU,M,1994-08-21,2023-04-12,2023-04-12
CUST-00919,Emma Walker,emma.walker_919@gmail.com,+44 7635 883 6502,Ireland,UK,F,1979-07-12,2022-07-01,2022-07-01
CUST-00920,Niklas Kovac,niklas.kovac_920@web.de,+43 391 965 8167,Denmark,EU,M,1955-02-03,2023-10-28,2023-10-28
CUST-00921,Isabella Taylor,isabella.taylor_921@gmail.com,+44 7867 869 9924,Ireland,UK,F,1982-10-26,2022-02-03,2022-02-03
CUST-00922,Lea Ferrari,lea.ferrari_922@yahoo.fr,+45 664 490 2875,Belgium,EU,F,1957-06-26,2023-04-21,2023-04-21
CUST-00923,Daniel Clark,daniel.clark_923@hotmail.co.uk,+44 7107 483 4668,Ireland,UK,M,1992-05-10,2023-03-01,2023-03-01
CUST-00924,Lucas Garcia,lucas.garcia_924@libero.it,+31 126 257 7134,Germany,EU,M,1971-03-19,2023-03-17,2023-03-17
CUST-00925,Sophia Evans,sophia.evans_925@yahoo.co.uk,+44 7948 152 8030,Ireland,UK,F,1996-03-13,2022-11-22,2022-11-22
CUST-00926,Isabella Wilson,isabella.wilson_926@gmail.com,+44 7827 920 3069,United Kingdom,UK,F,2003-11-09,2023-07-21,2023-07-21
CUST-00927,Olivia Evans,olivia.evans_927@gmail.com,+44 7195 126 8166,United Kingdom,UK,F,1951-10-23,2023-07-11,2023-07-11
CUST-00928,Noah Petrov,noah.petrov_928@hotmail.com,+31 860 851 3138,Denmark,EU,M,1961-04-21,2022-08-16,2022-08-16
CUST-00929,Amelia Wilson,amelia.wilson_929@hotmail.co.uk,+44 7888 366 1847,Ireland,UK,M,1959-11-01,2023-10-16,2023-10-16
CUST-00930,Leon Martin,leon.martin_930@web.de,+34 209 245 5627,Sweden,EU,F,1955-02-16,2023-01-06,2023-01-06
CUST-00931,Pierre Nygard,pierre.nygard_931@gmail.com,+46 914 122 7778,France,EU,F,1990-02-07,2023-12-05,2023-12-05
CUST-00932,Olivia Wood,olivia.wood_932@hotmail.co.uk,+44 7927 264 3945,Ireland,UK,M,1961-11-19,2023-10-09,2023-10-09
CUST-00933,Liam Martin,liam.martin_933@gmail.com,+42 595 728 9953,Italy,EU,F,1983-12-09,2022-05-05,2022-05-05
CUST-00934,James Edwards,james.edwards_934@yahoo.co.uk,+44 7630 624 3496,United Kingdom,UK,M,1957-04-01,2022-12-02,2022-12-02
CUST-00935,George Lewis,george.lewis_935@yahoo.co.uk,+44 7374 380 8890,United Kingdom,UK,M,1972-12-18,2023-10-30,2023-10-30
CUST-00936,Richard White,richard.white_936@hotmail.co.uk,+44 7624 509 4163,Ireland,UK,F,1962-11-28,2024-01-05,2024-01-05
CUST-00937,Sophia Taylor,sophia.taylor_937@outlook.com,+44 7269 913 4372,United Kingdom,UK,F,1978-07-20,2024-02-05,2024-02-05
CUST-00938,Olivia Hall,olivia.hall_938@yahoo.co.uk,+44 7721 492 8033,United Kingdom,UK,M,1973-11-27,2022-03-07,2022-03-07
CUST-00939,Oliver Hughes,oliver.hughes_939@hotmail.co.uk,+44 7700 519 5808,United Kingdom,UK,F,1951-02-06,2022-11-27,2022-11-27
CUST-00940,Jacob Walker,jacob.walker_940@hotmail.co.uk,+44 7174 320 7089,United Kingdom,UK,F,1999-06-04,2022-01-10,2022-01-10
CUST-00941,James Clark,james.clark_941@yahoo.co.uk,+44 7318 576 6268,United Kingdom,UK,M,1974-05-20,2022-08-06,2022-08-06
CUST-00942,Harry Edwards,harry.edwards_942@outlook.com,+44 7833 722 2225,United Kingdom,UK,F,1970-06-07,2022-07-21,2022-07-21
CUST-00943,Mia White,mia.white_943@gmail.com,+44 7381 531 2953,United Kingdom,UK,F,1960-10-11,2023-08-29,2023-08-29
CUST-00944,Harper Smith,harper.smith_944@outlook.com,+44 7118 759 1076,United Kingdom,UK,M,1958-07-02,2023-07-01,2023-07-01
CUST-00945,Liam Andersen,liam.andersen_945@web.de,+33 581 197 7800,Germany,EU,M,1970-06-13,2022-03-23,2022-03-23
CUST-00946,Emma Sato,emma.sato_946@hotmail.com,+32 502 405 8447,Austria,EU,M,2003-06-20,2022-04-16,2022-04-16
CUST-00947,Oliver Smith,oliver.smith_947@yahoo.co.uk,+44 7207 430 8138,United Kingdom,UK,F,1955-04-24,2023-01-13,2023-01-13
CUST-00948,Julia Müller,julia.muller_948@gmail.com,+39 903 144 2815,Germany,EU,M,1954-05-11,2023-12-06,2023-12-06
CUST-00949,Anna Jansen,anna.jansen_949@yahoo.fr,+35 697 571 2964,Netherlands,EU,M,2005-03-25,2023-08-22,2023-08-22
CUST-00950,Lea Kowalski,lea.kowalski_950@libero.it,+34 634 640 4940,Sweden,EU,F,1992-08-09,2022-11-26,2022-11-26
CUST-00951,Elena Bianchi,elena.bianchi_951@web.de,+39 884 403 2356,France,EU,F,1992-11-24,2022-07-30,2022-07-30
CUST-00952,Noah Sato,noah.sato_952@hotmail.com,+37 113 786 4541,Germany,EU,F,1962-08-04,2022-12-15,2022-12-15
CUST-00953,Harper Hughes,harper.hughes_953@yahoo.co.uk,+44 7878 419 8438,United Kingdom,UK,M,1958-04-12,2023-01-30,2023-01-30
CUST-00954,Sophie Novak,sophie.novak_954@hotmail.com,+43 292 170 5552,Belgium,EU,F,1993-05-28,2023-08-15,2023-08-15
CUST-00955,Finn Lopez,finn.lopez_955@yahoo.fr,+34 346 116 8550,France,EU,M,1951-08-22,2023-06-28,2023-06-28
CUST-00956,Muhammad Taylor,muhammad.taylor_956@yahoo.co.uk,+44 7462 541 4474,United Kingdom,UK,F,1982-07-17,2022-12-08,2022-12-08
CUST-00957,Muhammad Walker,muhammad.walker_957@outlook.com,+44 7150 764 7267,United Kingdom,UK,F,1968-04-13,2022-06-30,2022-06-30
CUST-00958,Clara Murphy,clara.murphy_958@yahoo.fr,+47 543 211 1817,Sweden,EU,M,1964-02-02,2022-02-06,2022-02-06
CUST-00959,Louis Dubois,louis.dubois_959@hotmail.com,+34 382 331 7628,Poland,EU,F,1956-04-24,2023-12-10,2023-12-10
CUST-00960,Noah Davies,noah.davies_960@hotmail.co.uk,+44 7455 752 5718,United Kingdom,UK,M,1956-03-17,2023-12-19,2023-12-19
CUST-00961,Giulia de Vries,giulia.de.vries_961@yahoo.fr,+36 422 797 2137,Belgium,EU,F,1971-08-05,2022-01-14,2022-01-14
CUST-00962,Lea Andersen,lea.andersen_962@gmail.com,+36 370 178 3797,Germany,EU,M,1980-10-01,2023-05-16,2023-05-16
CUST-00963,Elena Martin,elena.martin_963@yahoo.fr,+31 680 796 5762,Germany,EU,F,1998-03-25,2022-04-07,2022-04-07
CUST-00964,Richard Johnson,richard.johnson_964@hotmail.co.uk,+44 7602 852 6747,Ireland,UK,F,1966-06-15,2022-01-14,2022-01-14
CUST-00965,Hugo Wojcik,hugo.wojcik_965@gmail.com,+47 893 779 8935,Italy,EU,M,1993-09-24,2023-10-18,2023-10-18
CUST-00966,Isabella Wilson,isabella.wilson_966@yahoo.co.uk,+44 7465 609 1506,United Kingdom,UK,F,1973-04-24,2022-04-02,2022-04-02
CUST-00967,Sophia Wood,sophia.wood_967@outlook.com,+44 7380 998 9927,United Kingdom,UK,F,1966-11-12,2022-12-06,2022-12-06
CUST-00968,Isabella Thomas,isabella.thomas_968@hotmail.co.uk,+44 7295 142 9520,United Kingdom,UK,M,1977-08-19,2022-12-22,2022-12-22
CUST-00969,James White,james.white_969@hotmail.co.uk,+44 7577 797 3461,United Kingdom,UK,F,1969-08-10,2022-03-08,2022-03-08
CUST-00970,Lucas Lopez,lucas.lopez_970@gmail.com,+37 389 945 3022,Germany,EU,F,1969-01-14,2022-12-27,2022-12-27
CUST-00971,Lucas Schmidt,lucas.schmidt_971@libero.it,+35 458 999 5641,Spain,EU,F,1955-12-09,2022-05-27,2022-05-27
CUST-00972,Pierre Garcia,pierre.garcia_972@hotmail.com,+33 397 324 1526,Austria,EU,M,1965-11-21,2023-01-31,2023-01-31
CUST-00973,Harry Thomas,harry.thomas_973@outlook.com,+44 7711 418 3839,United Kingdom,UK,M,2001-10-05,2023-12-01,2023-12-01
CUST-00974,Mateo Bernard,mateo.bernard_974@gmail.com,+48 304 408 5997,Denmark,EU,M,1986-11-15,2023-07-13,2023-07-13
CUST-00975,Isabella Taylor,isabella.taylor_975@hotmail.co.uk,+44 7639 552 6132,United Kingdom,UK,F,1972-07-15,2023-03-07,2023-03-07
CUST-00976,Mia Müller,mia.muller_976@yahoo.fr,+31 885 531 2448,Poland,EU,M,2000-04-19,2023-06-09,2023-06-09
CUST-00977,Evelyn Edwards,evelyn.edwards_977@yahoo.co.uk,+44 7154 873 7433,United Kingdom,UK,F,1992-01-15,2024-02-21,2024-02-21
CUST-00978,Mia Schmidt,mia.schmidt_978@web.de,+32 376 949 2753,France,EU,M,2002-05-19,2023-05-09,2023-05-09
CUST-00979,Liam Martin,liam.martin_979@yahoo.fr,+47 857 834 1868,Austria,EU,F,1985-12-16,2022-05-20,2022-05-20
CUST-00980,Michael Wood,michael.wood_980@gmail.com,+44 7408 743 6093,United Kingdom,UK,F,1989-12-07,2022-04-28,2022-04-28
CUST-00981,Jack Hall,jack.hall_981@yahoo.co.uk,+44 7632 199 5050,United Kingdom,UK,M,1980-01-27,2023-06-02,2023-06-02
CUST-00982,Oliver Taylor,oliver.taylor_982@yahoo.co.uk,+44 7514 595 4015,United Kingdom,UK,M,2002-10-22,2023-03-26,2023-03-26
CUST-00983,Sophie Martin,sophie.martin_983@yahoo.fr,+35 751 122 4027,Denmark,EU,F,1960-09-24,2023-12-18,2023-12-18
CUST-00984,Mia White,mia.white_984@outlook.com,+44 7396 783 2638,United Kingdom,UK,M,1992-05-13,2023-01-31,2023-01-31
CUST-00985,Leon Lopez,leon.lopez_985@hotmail.com,+44 251 128 5643,Denmark,EU,M,1986-07-01,2023-08-18,2023-08-18
CUST-00986,Daniel Wood,daniel.wood_986@outlook.com,+44 7143 463 3282,Ireland,UK,F,1967-01-06,2023-01-02,2023-01-02
CUST-00987,Emily Evans,emily.evans_987@gmail.com,+44 7823 637 7399,United Kingdom,UK,F,1991-03-12,2023-11-03,2023-11-03
CUST-00988,Emma Lopez,emma.lopez_988@hotmail.com,+39 903 880 5963,Netherlands,EU,M,2003-11-16,2023-01-21,2023-01-21
CUST-00989,Sophie Nowak,sophie.nowak_989@web.de,+49 825 619 9608,Netherlands,EU,F,1994-06-19,2023-08-18,2023-08-18
CUST-00990,Evelyn Wright,evelyn.wright_990@yahoo.co.uk,+44 7146 130 3607,United Kingdom,UK,M,1992-02-16,2023-11-27,2023-11-27
CUST-00991,Charlie Lewis,charlie.lewis_991@outlook.com,+44 7207 278 7292,United Kingdom,UK,M,1953-10-09,2022-04-28,2022-04-28
CUST-00992,Richard Williams,richard.williams_992@yahoo.co.uk,+44 7881 483 1482,Ireland,UK,M,1956-12-15,2023-01-22,2023-01-22
CUST-00993,Daniel Green,daniel.green_993@outlook.com,+44 7300 358 9046,United Kingdom,UK,M,1964-04-24,2022-06-15,2022-06-15
CUST-00994,Emily Evans,emily.evans_994@yahoo.co.uk,+44 7696 124 2576,United Kingdom,UK,M,2001-03-01,2023-01-04,2023-01-04
CUST-00995,Camille Kovac,camille.kovac_995@hotmail.com,+41 289 798 9653,France,EU,F,2003-04-19,2023-05-01,2023-05-01
CUST-00996,Emma Hall,emma.hall_996@outlook.com,+44 7920 168 8190,United Kingdom,UK,F,2005-02-19,2022-03-22,2022-03-22
CUST-00997,Emily Roberts,emily.roberts_997@gmail.com,+44 7220 610 4777,United Kingdom,UK,M,1951-04-27,2022-10-24,2022-10-24
CUST-00998,Mateo Nygard,mateo.nygard_998@web.de,+33 993 992 3586,Italy,EU,M,1984-10-08,2023-06-15,2023-06-15
CUST-00999,Clara de Vries,clara.de.vries_999@libero.it,+32 659 814 2816,Denmark,EU,F,1966-11-01,2022-02-03,2022-02-03
CUST-01000,Muhammad Evans,muhammad.evans_1000@yahoo.co.uk,+44 7883 160 3282,United Kingdom,UK,M,1998-11-02,2022-08-30,2022-08-30
