order_id,customer_id,order_date,order_status,payment_method,product_category,product_description,quantity,unit_price,region,created_at
ORD-00001,CUST-00506,2023-09-17,Delivered,Credit Card,Kitchen,JUMBO BAG STRAWBERRY,6,5.29,EU,2023-09-17
ORD-00002,CUST-00355,2023-09-20,Cancelled,Apple Pay,Kitchen,JUMBO BAG STRAWBERRY,24,5.34,UK,2023-09-20
ORD-00003,CUST-00491,2022-02-06,Delivered,Debit Card,Kitchen,LUNCH BAG WITH BLACK CAT,1,1.32,EU,2022-02-06
ORD-00004,CUST-00666,2024-05-20,Delivered,Debit Card,Garden,PLANT POT HOLDER,2,2.92,UK,2024-05-20
ORD-00005,CUST-00022,2022-07-20,Delivered,Bank Transfer,Kitchen,JUMBO BAG RED RETROSPOT,1,5.62,EU,2022-07-20
ORD-00006,CUST-00699,2022-02-23,Shipped,Bank Transfer,Clothing,WOOLLY HOPPIE WHITE HEART,4,4.00,UK,2022-02-23
ORD-00007,CUST-00713,2022-05-22,Pending,Credit Card,Kitchen,LUNCH BAG WITH BLACK CAT,2,1.49,UK,2022-05-22
ORD-00008,CUST-00919,2022-07-18,Shipped,Credit Card,Jewelry,HEART OF WICKER LARGE,48,5.00,UK,2022-07-18
ORD-00009,CUST-00244,2023-02-27,Delivered,Apple Pay,Home Decor,SET OF 6 SKULLS GIFT BAGS,1,1.13,UK,2023-02-27
ORD-00010,CUST-00582,2024-01-08,Shipped,Credit Card,Home Decor,HAND WARMER RED POLKA DOT,48,3.07,UK,2024-01-08
ORD-00011,CUST-00079,2022-02-14,Shipped,Apple Pay,Kitchen,JUMBO BAG RED RETROSPOT,1,4.72,EU,2022-02-14
ORD-00012,CUST-00671,2023-02-12,Delivered,Credit Card,Bathroom,BATH BUILDING BLOCK WORD,48,5.59,EU,2023-02-12
ORD-00013,CUST-00673,2022-07-30,Delivered,PayPal,Kitchen,JUMBO BAG STRAWBERRY,1,5.85,EU,2022-07-30
ORD-00014,CUST-00920,2023-01-11,Delivered,PayPal,Home Decor,SET OF 6 SKULLS GIFT BAGS,2,1.24,EU,2023-01-11
ORD-00015,CUST-00890,2022-11-23,Delivered,Apple Pay,Jewelry,BLACK SKULL GIFT BAG,1,1.69,UK,2022-11-23
ORD-00016,CUST-00107,2024-08-31,Delivered,PayPal,Kitchen,JUMBO BAG RED RETROSPOT,2,5.07,EU,2024-08-31
ORD-00017,CUST-00081,2023-06-18,Shipped,Apple Pay,Home Decor,SET OF 3 BUTTERFLY COOKIE CUTTERS,24,2.25,UK,2023-06-18
ORD-00018,CUST-00216,2022-05-26,Pending,Debit Card,Kitchen,LUNCH BAG SUKI DESIGN,2,1.66,UK,2022-05-26
ORD-00019,CUST-00716,2022-04-27,Pending,Credit Card,Stationery,"PAPER CRAFT , BABY BOY",3,3.06,UK,2022-04-27
ORD-00020,CUST-00277,2024-09-15,Pending,PayPal,Bathroom,DOORMAT UNION JACK,3,4.90,UK,2024-09-15
ORD-00021,CUST-00876,2023-01-27,Shipped,Credit Card,Jewelry,HEART OF WICKER LARGE,2,4.48,EU,2023-01-27
ORD-00022,CUST-00230,2023-06-30,Pending,PayPal,Home Decor,SET OF 3 BUTTERFLY COOKIE CUTTERS,2,2.14,UK,2023-06-30
ORD-00023,CUST-00033,2024-07-20,Delivered,PayPal,Toys,FELTCRAFT PRINCESS CHARLOTTE DOLL,6,10.57,UK,2024-07-20
ORD-00024,CUST-00945,2024-02-15,Pending,Apple Pay,Bathroom,BATH BOMB FIZZER SHEA BUTTER,6,1.56,EU,2024-02-15
ORD-00025,CUST-00445,2024-02-10,Pending,Credit Card,Stationery,"PAPER CRAFT , BABY GIRL",6,3.48,UK,2024-02-10
ORD-00026,CUST-00567,2022-10-22,Delivered,Apple Pay,Garden,BIRD HOUSE WOODLAND,48,11.74,UK,2022-10-22
ORD-00027,CUST-00475,2023-06-16,Shipped,Bank Transfer,Stationery,"PAPER CRAFT , BABY GIRL",3,3.16,EU,2023-06-16
ORD-00028,CUST-00479,2024-07-18,Pending,PayPal,Clothing,FELTCRAFT PETAL BAG,48,5.78,EU,2024-07-18
ORD-00029,CUST-00088,2023-08-08,Shipped,Apple Pay,Bathroom,BATH BUILDING BLOCK WORD,6,5.88,UK,2023-08-08
ORD-00030,CUST-00281,2023-10-31,Delivered,Apple Pay,Garden,WATERING CAN PINK,1,5.80,EU,2023-10-31
ORD-00031,CUST-00013,2024-05-06,Shipped,Debit Card,Kitchen,LUNCH BAG SUKI DESIGN,2,1.59,UK,2024-05-06
ORD-00032,CUST-00455,2022-02-07,Refunded,Bank Transfer,Stationery,GREETING CARD SAFARI,1,1.13,UK,2022-02-07
ORD-00033,CUST-00654,2024-08-19,Pending,Apple Pay,Toys,FELTCRAFT BUTTERFLY PURSE,1,5.46,EU,2024-08-19
ORD-00034,CUST-00565,2022-09-22,Delivered,PayPal,Garden,GARDENERS KNEELER DESK,48,8.21,UK,2022-09-22
ORD-00035,CUST-00266,2022-05-31,Delivered,Credit Card,Toys,WOODEN HEART CHRISTMAS SCANDI,1,2.12,UK,2022-05-31
ORD-00036,CUST-00239,2023-06-03,Delivered,Apple Pay,Kitchen,LUNCH BAG SUKI DESIGN,4,1.39,EU,2023-06-03
ORD-00037,CUST-00325,2024-09-01,Delivered,PayPal,Home Decor,HAND WARMER RED POLKA DOT,3,3.28,UK,2024-09-01
ORD-00038,CUST-00999,2024-05-19,Shipped,Credit Card,Bathroom,BATH BOMB FIZZER SHEA BUTTER,1,1.67,EU,2024-05-19
ORD-00039,CUST-00615,2023-03-31,Pending,Credit Card,Bathroom,BATH BUILDING BLOCK WORD,2,5.49,EU,2023-03-31
ORD-00040,CUST-00243,2024-04-22,Delivered,Credit Card,Home Decor,SET OF 3 BUTTERFLY COOKIE CUTTERS,2,1.97,EU,2024-04-22
ORD-00041,CUST-00658,2022-12-01,Delivered,PayPal,Stationery,"PAPER CRAFT , BABY GIRL",12,2.78,UK,2022-12-01
ORD-00042,CUST-00344,2024-08-23,Refunded,Apple Pay,Stationery,PAPER CHAIN KIT VINTAGE CHRISTMAS,12,1.47,EU,2024-08-23
ORD-00043,CUST-00032,2022-06-03,Cancelled,Credit Card,Home Decor,REGENCY CAKESTAND 3 TIER,2,12.59,EU,2022-06-03
ORD-00044,CUST-00109,2024-01-03,Delivered,Apple Pay,Jewelry,HEART OF WICKER SMALL,1,1.94,EU,2024-01-03
ORD-00045,CUST-00803,2023-01-23,Delivered,Credit Card,Jewelry,PACK OF 6 SKULL PAPER PLATES,4,1.48,UK,2023-01-23
ORD-00046,CUST-00673,2023-10-27,Pending,Credit Card,Clothing,FELTCRAFT DOLL MEGGY,1,10.10,EU,2023-10-27
ORD-00047,CUST-00982,2023-10-08,Delivered,Bank Transfer,Home Decor,SET OF 6 SKULLS GIFT BAGS,3,1.50,UK,2023-10-08
ORD-00048,CUST-00552,2024-03-28,Pending,Bank Transfer,Clothing,FELTCRAFT DOLL MEGGY,1,10.41,UK,2024-03-28
ORD-00049,CUST-00676,2022-07-19,Delivered,PayPal,Toys,FELTCRAFT GIRL AMELIE KIT,3,8.91,EU,2022-07-19
ORD-00050,CUST-00933,2024-09-27,Shipped,Bank Transfer,Bathroom,BATH BUILDING BLOCK WORD,2,6.78,EU,2024-09-27
ORD-00051,CUST-00323,2023-04-01,Delivered,Bank Transfer,Clothing,FELTCRAFT PETAL BAG,48,6.59,EU,2023-04-01
ORD-00052,CUST-00371,2024-07-25,Shipped,Bank Transfer,Kitchen,JUMBO SHOPPER VINTAGE RED PAISLEY,2,7.31,UK,2024-07-25
ORD-00053,CUST-00620,2023-08-07,Delivered,Debit Card,Home Decor,SET OF 6 SKULLS GIFT BAGS,2,1.28,UK,2023-08-07
ORD-00054,CUST-00948,2023-11-22,Delivered,Debit Card,Toys,FELTCRAFT PRINCESS CHARLOTTE DOLL,1,10.50,EU,2023-11-22
ORD-00055,CUST-00621,2022-05-01,Pending,Bank Transfer,Bathroom,BATH BOMB FIZZER SHEA BUTTER,6,1.45,UK,2022-05-01
ORD-00056,CUST-00518,2024-03-02,Shipped,Debit Card,Kitchen,LUNCH BOX WITH CUTLERY,3,4.09,EU,2024-03-02
ORD-00057,CUST-00898,2022-09-27,Delivered,Bank Transfer,Stationery,GREETING CARD SAFARI,1,1.17,UK,2022-09-27
ORD-00058,CUST-00761,2023-03-18,Pending,Debit Card,Kitchen,LUNCH BAG RED RETROSPOT,1,1.32,UK,2023-03-18
ORD-00059,CUST-00075,2023-02-02,Cancelled,PayPal,Kitchen,LUNCH BAG WITH BLACK CAT,3,1.54,EU,2023-02-02
ORD-00060,CUST-00131,2022-10-28,Pending,PayPal,Stationery,PAPER CHAIN KIT 50'S CHRISTMAS,4,1.41,UK,2022-10-28
ORD-00061,CUST-00606,2022-02-16,Pending,PayPal,Jewelry,HEART OF WICKER SMALL,3,2.34,EU,2022-02-16
ORD-00062,CUST-00973,2024-01-29,Delivered,PayPal,Stationery,"PAPER CRAFT , BABY BOY",24,3.21,UK,2024-01-29
ORD-00063,CUST-00776,2024-01-12,Delivered,Apple Pay,Toys,WOODEN STAR CHRISTMAS SCANDI,4,2.18,EU,2024-01-12
ORD-00064,CUST-00086,2023-01-14,Delivered,Bank Transfer,Kitchen,LUNCH BOX WITH CUTLERY,12,4.04,EU,2023-01-14
ORD-00065,CUST-00389,2023-08-26,Shipped,Credit Card,Garden,GARDENERS KNEELER DESK,2,8.37,EU,2023-08-26
ORD-00066,CUST-00238,2023-06-15,Delivered,Apple Pay,Bathroom,DOORMAT SPOTTY,2,4.53,UK,2023-06-15
ORD-00067,CUST-00521,2024-02-15,Shipped,Debit Card,Stationery,"PAPER CRAFT , BABY GIRL",1,2.99,EU,2024-02-15
ORD-00068,CUST-00043,2023-03-17,Delivered,Apple Pay,Clothing,FELTCRAFT PETAL BAG,12,6.66,EU,2023-03-17
ORD-00069,CUST-00901,2022-06-19,Pending,PayPal,Jewelry,HEART OF WICKER LARGE,2,4.97,UK,2022-06-19
ORD-00070,CUST-00499,2024-08-19,Cancelled,Apple Pay,Stationery,"PAPER CRAFT , BABY BOY",1,2.80,UK,2024-08-19
ORD-00071,CUST-00772,2022-05-25,Pending,Apple Pay,Kitchen,LUNCH BAG RED RETROSPOT,24,1.59,UK,2022-05-25
ORD-00072,CUST-00859,2024-07-13,Pending,Apple Pay,Toys,VINTAGE CHRISTMAS PAPER GIFT BAG,6,1.32,EU,2024-07-13
ORD-00073,CUST-00551,2022-01-27,Shipped,PayPal,Home Decor,ROSES REGENCY TEACUP AND SAUCER,1,4.31,UK,2022-01-27
ORD-00074,CUST-00965,2022-05-10,Delivered,PayPal,Jewelry,PACK OF 6 SKULL PAPER CUPS,2,1.29,EU,2022-05-10
ORD-00075,CUST-00941,2022-05-03,Delivered,Bank Transfer,Kitchen,LUNCH BAG SUKI DESIGN,4,1.70,UK,2022-05-03
ORD-00076,CUST-00506,2022-10-13,Delivered,Credit Card,Bathroom,BATH BOMB FIZZER SHEA BUTTER,1,1.36,EU,2022-10-13
ORD-00077,CUST-00992,2022-08-16,Delivered,PayPal,Garden,PLANT POT HOLDER,6,3.31,UK,2022-08-16
ORD-00078,CUST-00161,2024-01-24,Delivered,Credit Card,Toys,VINTAGE CHRISTMAS PAPER GIFT BAG,2,1.50,UK,2024-01-24
ORD-00079,CUST-00724,2023-03-20,Pending,Apple Pay,Clothing,WORLD WAR 2 GLIDERS ASSTD DESIGNS,2,3.47,UK,2023-03-20
ORD-00080,CUST-00326,2024-06-17,Delivered,Credit Card,Home Decor,ROSES REGENCY TEACUP AND SAUCER,12,4.12,EU,2024-06-17
ORD-00081,CUST-00252,2022-08-14,Delivered,PayPal,Kitchen,LUNCH BAG WITH BLACK CAT,3,1.68,EU,2022-08-14
ORD-00082,CUST-00482,2023-05-24,Shipped,Debit Card,Kitchen,LUNCH BOX WITH CUTLERY,2,3.59,EU,2023-05-24
ORD-00083,CUST-00651,2024-02-07,Shipped,Bank Transfer,Kitchen,JUMBO SHOPPER VINTAGE RED PAISLEY,48,8.04,UK,2024-02-07
ORD-00084,CUST-00069,2022-07-02,Pending,PayPal,Toys,WOODEN HEART CHRISTMAS SCANDI,3,1.88,UK,2022-07-02
ORD-00085,CUST-00629,2022-12-24,Delivered,Debit Card,Garden,BIRD HOUSE WOODLAND,3,9.66,EU,2022-12-24
ORD-00086,CUST-00899,2023-11-16,Delivered,Bank Transfer,Bathroom,DOORMAT SPOTTY,12,5.75,EU,2023-11-16
ORD-00087,CUST-00613,2022-08-13,Pending,PayPal,Garden,PLANT POT HOLDER,3,2.92,UK,2022-08-13
ORD-00088,CUST-00430,2022-04-29,Shipped,PayPal,Stationery,"PAPER CRAFT , BABY BOY",2,3.24,UK,2022-04-29
ORD-00089,CUST-00677,2022-05-12,Delivered,Bank Transfer,Kitchen,LUNCH BAG SUKI DESIGN,2,1.48,EU,2022-05-12
ORD-00090,CUST-00861,2022-01-30,Shipped,Apple Pay,Toys,WOODEN HEART CHRISTMAS SCANDI,3,2.16,UK,2022-01-30
ORD-00091,CUST-00221,2022-09-25,Delivered,Bank Transfer,Stationery,PAPER CHAIN KIT VINTAGE CHRISTMAS,1,1.64,EU,2022-09-25
ORD-00092,CUST-00401,2022-02-25,Shipped,Debit Card,Stationery,"PAPER CRAFT , BABY BOY",2,2.89,EU,2022-02-25
ORD-00093,CUST-00348,2023-02-24,Shipped,Debit Card,Jewelry,WHITE SKULL GIFT BAG,6,1.44,EU,2023-02-24
ORD-00094,CUST-00549,2024-09-18,Delivered,PayPal,Home Decor,SET OF 3 BUTTERFLY COOKIE CUTTERS,6,1.82,EU,2024-09-18
ORD-00095,CUST-00133,2022-01-22,Delivered,Credit Card,Jewelry,HEART OF WICKER SMALL,3,2.31,UK,2022-01-22
ORD-00096,CUST-00800,2024-02-24,Delivered,Credit Card,Clothing,FELTCRAFT CUSHION FLOWER,2,10.01,EU,2024-02-24
ORD-00097,CUST-00532,2022-06-10,Delivered,Bank Transfer,Home Decor,SET OF 3 BUTTERFLY COOKIE CUTTERS,2,1.87,EU,2022-06-10
ORD-00098,CUST-00881,2024-07-21,Shipped,Bank Transfer,Clothing,FELTCRAFT CUSHION FLOWER,1,11.35,UK,2024-07-21
ORD-00099,CUST-00221,2022-02-06,Delivered,Apple Pay,Toys,FELTCRAFT BUTTERFLY PURSE,4,7.03,EU,2022-02-06
ORD-00100,CUST-00105,2022-06-10,Shipped,Credit Card,Toys,VINTAGE CHRISTMAS PAPER GIFT BAG,2,1.52,EU,2022-06-10
ORD-00101,CUST-00236,2022-10-06,Delivered,Bank Transfer,Jewelry,WHITE SKULL GIFT BAG,6,1.41,UK,2022-10-06
ORD-00102,CUST-00672,2022-10-04,Delivered,Credit Card,Stationery,PAPER CHAIN KIT 50'S CHRISTMAS,1,1.63,UK,2022-10-04
ORD-00103,CUST-00076,2023-03-02,Pending,Apple Pay,Toys,VINTAGE CHRISTMAS PAPER GIFT BAG,4,1.64,UK,2023-03-02
ORD-00104,CUST-00620,2023-02-05,Shipped,Apple Pay,Kitchen,LUNCH BOX WITH CUTLERY,1,4.04,UK,2023-02-05
ORD-00105,CUST-00880,2024-02-01,Pending,PayPal,Bathroom,DOORMAT SPOTTY,6,5.09,EU,2024-02-01
ORD-00106,CUST-00470,2023-08-14,Delivered,PayPal,Home Decor,ROSES REGENCY TEACUP AND SAUCER,1,4.47,EU,2023-08-14
ORD-00107,CUST-00440,2022-10-13,Delivered,Apple Pay,Kitchen,JUMBO SHOPPER VINTAGE RED PAISLEY,1,7.10,UK,2022-10-13
ORD-00108,CUST-00519,2024-01-16,Shipped,PayPal,Bathroom,BATH BUILDING BLOCK WORD,2,7.13,UK,2024-01-16
ORD-00109,CUST-00782,2023-08-15,Refunded,Bank Transfer,Toys,FELTCRAFT PRINCESS CHARLOTTE DOLL,4,9.27,EU,2023-08-15
ORD-00110,CUST-00790,2022-04-22,Delivered,PayPal,Home Decor,SET OF 6 SKULLS GIFT BAGS,2,1.30,UK,2022-04-22
ORD-00111,CUST-00148,2022-06-23,Shipped,Bank Transfer,Jewelry,WHITE SKULL GIFT BAG,48,1.35,EU,2022-06-23
ORD-00112,CUST-00608,2024-05-08,Delivered,Apple Pay,Bathroom,BATH BUILDING BLOCK WORD,1,6.07,UK,2024-05-08
ORD-00113,CUST-00779,2023-02-26,Shipped,PayPal,Home Decor,SET OF 6 SKULLS GIFT BAGS,1,1.31,EU,2023-02-26
ORD-00114,CUST-00855,2023-09-06,Delivered,Credit Card,Kitchen,LUNCH BOX WITH CUTLERY,1,4.15,UK,2023-09-06
ORD-00115,CUST-00275,2023-05-16,Delivered,PayPal,Clothing,WORLD WAR 2 GLIDERS ASSTD DESIGNS,1,3.15,UK,2023-05-16
ORD-00116,CUST-00983,2023-05-10,Delivered,Credit Card,Jewelry,BLACK SKULL GIFT BAG,1,1.51,EU,2023-05-10
ORD-00117,CUST-00944,2022-05-11,Delivered,Debit Card,Kitchen,LUNCH BAG RED RETROSPOT,2,1.34,UK,2022-05-11
ORD-00118,CUST-00533,2024-06-09,Refunded,Credit Card,Clothing,FELTCRAFT PETAL BAG,1,5.71,EU,2024-06-09
ORD-00119,CUST-00907,2023-06-22,Delivered,Apple Pay,Stationery,"PAPER CRAFT , BABY GIRL",2,3.21,UK,2023-06-22
ORD-00120,CUST-00429,2022-10-29,Delivered,PayPal,Stationery,PAPER CHAIN KIT 50'S CHRISTMAS,1,1.36,UK,2022-10-29
ORD-00121,CUST-00536,2023-10-28,Shipped,PayPal,Garden,GARDENERS KNEELER DESK,3,8.04,EU,2023-10-28
ORD-00122,CUST-00536,2024-01-02,Shipped,Apple Pay,Clothing,WOOLLY HOPPIE WHITE HEART,1,4.07,EU,2024-01-02
ORD-00123,CUST-00258,2024-08-07,Delivered,Debit Card,Toys,WOODEN STAR CHRISTMAS SCANDI,2,2.30,UK,2024-08-07
ORD-00124,CUST-00169,2022-11-22,Delivered,Debit Card,Toys,FELTCRAFT GIRL AMELIE KIT,4,9.33,UK,2022-11-22
ORD-00125,CUST-00482,2023-12-20,Shipped,Credit Card,Kitchen,JUMBO BAG STRAWBERRY,48,4.46,EU,2023-12-20
ORD-00126,CUST-00551,2023-04-25,Delivered,Credit Card,Stationery,GREETING CARD SAFARI,2,1.15,UK,2023-04-25
ORD-00127,CUST-00359,2023-10-06,Pending,Debit Card,Jewelry,WHITE SKULL GIFT BAG,3,1.40,EU,2023-10-06
ORD-00128,CUST-00282,2023-08-22,Delivered,PayPal,Bathroom,DOORMAT ENGLAND,6,5.74,UK,2023-08-22
ORD-00129,CUST-00640,2023-10-19,Delivered,Credit Card,Stationery,PAPER CHAIN KIT 50'S CHRISTMAS,24,1.55,EU,2023-10-19
ORD-00130,CUST-00607,2022-07-02,Shipped,Credit Card,Kitchen,LUNCH BOX WITH CUTLERY,1,3.62,EU,2022-07-02
ORD-00131,CUST-00130,2022-12-05,Delivered,Apple Pay,Toys,FELTCRAFT GIRL AMELIE KIT,3,10.11,EU,2022-12-05
ORD-00132,CUST-00620,2023-09-23,Delivered,Bank Transfer,Bathroom,DOORMAT UNION JACK,48,5.55,UK,2023-09-23
ORD-00133,CUST-00215,2022-08-10,Pending,Apple Pay,Home Decor,REGENCY CAKESTAND 3 TIER,1,12.36,UK,2022-08-10
ORD-00134,CUST-00151,2022-11-28,Pending,Credit Card,Kitchen,LUNCH BOX WITH CUTLERY,1,4.36,UK,2022-11-28
ORD-00135,CUST-00141,2023-04-29,Shipped,Apple Pay,Toys,VINTAGE CHRISTMAS PAPER GIFT BAG,6,1.49,UK,2023-04-29
ORD-00136,CUST-00779,2024-03-03,Shipped,Bank Transfer,Kitchen,LUNCH BAG SUKI DESIGN,1,1.48,EU,2024-03-03
ORD-00137,CUST-00364,2022-03-22,Delivered,Debit Card,Bathroom,DOORMAT SPOTTY,12,4.93,EU,2022-03-22
ORD-00138,CUST-00979,2023-12-30,Pending,Bank Transfer,Home Decor,REGENCY CAKESTAND 3 TIER,24,14.66,EU,2023-12-30
ORD-00139,CUST-00574,2023-12-03,Pending,Bank Transfer,Stationery,"PAPER CRAFT , BABY BOY",2,3.35,EU,2023-12-03
ORD-00140,CUST-00668,2024-05-25,Delivered,PayPal,Garden,PLANT POT HOLDER,1,3.42,EU,2024-05-25
ORD-00141,CUST-00746,2024-07-31,Cancelled,Bank Transfer,Stationery,"PAPER CRAFT , BABY GIRL",1,3.15,UK,2024-07-31
ORD-00142,CUST-00384,2022-07-20,Delivered,Apple Pay,Home Decor,JUMBO BAG VINTAGE LEAF,24,5.93,UK,2022-07-20
ORD-00143,CUST-00200,2024-07-21,Shipped,PayPal,Home Decor,WHITE HANGING HEART T-LIGHT HOLDER,3,2.95,UK,2024-07-21
ORD-00144,CUST-00515,2022-10-09,Delivered,Bank Transfer,Home Decor,WHITE HANGING HEART T-LIGHT HOLDER,3,2.68,UK,2022-10-09
ORD-00145,CUST-00045,2022-02-28,Refunded,Credit Card,Clothing,WORLD WAR 2 GLIDERS ASSTD DESIGNS,4,2.90,UK,2022-02-28
ORD-00146,CUST-00884,2023-10-10,Delivered,Debit Card,Clothing,FELTCRAFT CUSHION FLOWER,24,11.93,EU,2023-10-10
ORD-00147,CUST-00485,2024-04-06,Pending,PayPal,Clothing,FELTCRAFT PETAL BAG,12,6.69,UK,2024-04-06
ORD-00148,CUST-00030,2024-01-24,Shipped,Debit Card,Jewelry,HEART OF WICKER LARGE,12,4.68,UK,2024-01-24
ORD-00149,CUST-00085,2023-03-31,Delivered,Credit Card,Stationery,PAPER CHAIN KIT VINTAGE CHRISTMAS,12,1.36,UK,2023-03-31
ORD-00150,CUST-00322,2024-05-23,Shipped,Apple Pay,Kitchen,LUNCH BAG RED RETROSPOT,12,1.43,EU,2024-05-23
ORD-00151,CUST-00756,2024-07-10,Shipped,Debit Card,Home Decor,HAND WARMER UNION JACK FLG,2,3.73,UK,2024-07-10
ORD-00152,CUST-00928,2022-01-15,Cancelled,Bank Transfer,Jewelry,PACK OF 6 SKULL PAPER PLATES,4,1.26,EU,2022-01-15
ORD-00153,CUST-00427,2024-04-24,Delivered,Debit Card,Jewelry,REGENCY TEACUP AND SAUCER,4,3.45,UK,2024-04-24
ORD-00154,CUST-00747,2022-10-10,Delivered,Apple Pay,Bathroom,DOORMAT UNION JACK,1,5.11,UK,2022-10-10
ORD-00155,CUST-00420,2024-08-21,Pending,PayPal,Home Decor,JUMBO BAG VINTAGE LEAF,3,5.71,UK,2024-08-21
ORD-00156,CUST-00575,2024-05-06,Delivered,Apple Pay,Garden,PLANT POT HOLDER,1,3.07,UK,2024-05-06
ORD-00157,CUST-00953,2022-07-06,Delivered,Debit Card,Stationery,GREETING CARD SAFARI,1,1.47,UK,2022-07-06
ORD-00158,CUST-00326,2022-06-23,Delivered,Debit Card,Jewelry,PACK OF 6 SKULL PAPER PLATES,3,1.13,EU,2022-06-23
ORD-00159,CUST-00654,2024-08-23,Shipped,Debit Card,Garden,WATERING CAN PINK,2,6.92,EU,2024-08-23
ORD-00160,CUST-00766,2023-01-24,Delivered,Debit Card,Clothing,MINI PAINT SET VINTAGE,4,2.93,UK,2023-01-24
ORD-00161,CUST-00286,2024-05-05,Shipped,Debit Card,Kitchen,LUNCH BAG WITH BLACK CAT,3,1.49,EU,2024-05-05
ORD-00162,CUST-00182,2022-04-05,Delivered,Apple Pay,Bathroom,DOORMAT ENGLAND,1,5.11,EU,2022-04-05
ORD-00163,CUST-00373,2024-04-29,Delivered,Debit Card,Garden,PLANT POT HOLDER,6,3.12,UK,2024-04-29
ORD-00164,CUST-00038,2022-08-04,Refunded,Bank Transfer,Jewelry,PACK OF 6 SKULL PAPER PLATES,2,1.33,EU,2022-08-04
ORD-00165,CUST-00356,2022-08-01,Shipped,Apple Pay,Jewelry,BLACK SKULL GIFT BAG,6,1.65,UK,2022-08-01
ORD-00166,CUST-00565,2024-03-02,Shipped,Debit Card,Clothing,FELTCRAFT PETAL BAG,6,5.52,UK,2024-03-02
ORD-00167,CUST-00479,2023-11-06,Delivered,Bank Transfer,Bathroom,BATH BOMB FIZZER SHEA BUTTER,1,1.36,EU,2023-11-06
ORD-00168,CUST-00144,2023-01-22,Delivered,Credit Card,Stationery,GREETING CARD SAFARI,3,1.26,UK,2023-01-22
ORD-00169,CUST-00331,2024-07-11,Pending,Bank Transfer,Clothing,WORLD WAR 2 GLIDERS ASSTD DESIGNS,1,2.97,EU,2024-07-11
ORD-00170,CUST-00487,2022-07-11,Cancelled,PayPal,Garden,GARDEN TOOL SET 3PC,2,15.16,EU,2022-07-11
ORD-00171,CUST-00167,2023-03-26,Delivered,Bank Transfer,Stationery,GREETING CARD SAFARI,3,1.41,UK,2023-03-26
ORD-00172,CUST-00608,2023-04-30,Delivered,PayPal,Jewelry,PACK OF 6 SKULL PAPER CUPS,4,1.40,UK,2023-04-30
ORD-00173,CUST-00741,2023-02-15,Shipped,Debit Card,Garden,WATERING CAN PINK,3,6.22,EU,2023-02-15
ORD-00174,CUST-00782,2022-10-03,Refunded,Bank Transfer,Toys,VINTAGE CHRISTMAS PAPER GIFT BAG,1,1.49,EU,2022-10-03
ORD-00175,CUST-00608,2022-11-04,Delivered,Apple Pay,Home Decor,HAND WARMER UNION JACK FLG,1,3.22,UK,2022-11-04
ORD-00176,CUST-00204,2022-12-08,Delivered,Credit Card,Jewelry,PACK OF 6 SKULL PAPER CUPS,6,1.17,UK,2022-12-08
ORD-00177,CUST-00994,2024-03-31,Shipped,Bank Transfer,Kitchen,JUMBO SHOPPER VINTAGE RED PAISLEY,2,7.85,UK,2024-03-31
ORD-00178,CUST-00170,2024-06-23,Shipped,PayPal,Stationery,GREETING CARD SAFARI,1,1.18,UK,2024-06-23
ORD-00179,CUST-00083,2022-04-03,Delivered,Debit Card,Home Decor,JUMBO BAG VINTAGE LEAF,1,4.76,UK,2022-04-03
ORD-00180,CUST-00702,2023-05-04,Shipped,Credit Card,Toys,FELTCRAFT BUTTERFLY PURSE,12,6.02,EU,2023-05-04
ORD-00181,CUST-00483,2024-07-23,Delivered,Bank Transfer,Toys,FELTCRAFT BUTTERFLY PURSE,4,6.60,EU,2024-07-23
ORD-00182,CUST-00852,2022-04-09,Shipped,PayPal,Stationery,GREETING CARD SAFARI,4,1.41,UK,2022-04-09
ORD-00183,CUST-00782,2022-10-17,Delivered,Bank Transfer,Kitchen,LUNCH BAG WITH BLACK CAT,2,1.45,EU,2022-10-17
ORD-00184,CUST-00612,2023-11-17,Delivered,Apple Pay,Stationery,PAPER CHAIN KIT 50'S CHRISTMAS,3,1.46,EU,2023-11-17
ORD-00185,CUST-00028,2022-08-29,Shipped,PayPal,Home Decor,SET OF 6 SKULLS GIFT BAGS,12,1.19,UK,2022-08-29
ORD-00186,CUST-00514,2024-07-25,Pending,Debit Card,Home Decor,WHITE HANGING HEART T-LIGHT HOLDER,3,3.32,EU,2024-07-25
ORD-00187,CUST-00142,2023-03-22,Pending,Bank Transfer,Toys,WOODEN HEART CHRISTMAS SCANDI,1,1.88,EU,2023-03-22
ORD-00188,CUST-00670,2023-02-01,Delivered,Bank Transfer,Home Decor,JUMBO BAG VINTAGE LEAF,2,4.88,EU,2023-02-01
ORD-00189,CUST-00036,2022-06-17,Shipped,Apple Pay,Bathroom,BATH BOMB FIZZER SHEA BUTTER,48,1.49,UK,2022-06-17
ORD-00190,CUST-00855,2023-12-04,Delivered,Bank Transfer,Kitchen,LUNCH BAG RED RETROSPOT,2,1.34,UK,2023-12-04
ORD-00191,CUST-00823,2023-06-04,Shipped,Bank Transfer,Home Decor,WHITE HANGING HEART T-LIGHT HOLDER,1,2.77,UK,2023-06-04
ORD-00192,CUST-00012,2023-03-09,Delivered,PayPal,Toys,WOODEN HEART CHRISTMAS SCANDI,4,2.15,UK,2023-03-09
ORD-00193,CUST-00436,2024-04-06,Delivered,Bank Transfer,Bathroom,BATH BOMB FIZZER SHEA BUTTER,4,1.36,EU,2024-04-06
ORD-00194,CUST-00515,2024-05-14,Delivered,PayPal,Garden,WATERING CAN PINK,6,6.63,UK,2024-05-14
ORD-00195,CUST-00115,2023-01-28,Delivered,Credit Card,Home Decor,JUMBO BAG VINTAGE LEAF,48,5.24,UK,2023-01-28
ORD-00196,CUST-00154,2023-08-28,Shipped,Apple Pay,Home Decor,WHITE HANGING HEART T-LIGHT HOLDER,2,3.48,EU,2023-08-28
ORD-00197,CUST-00833,2022-02-19,Delivered,Credit Card,Jewelry,HEART OF WICKER LARGE,4,5.13,UK,2022-02-19
ORD-00198,CUST-00125,2023-09-06,Delivered,PayPal,Toys,WOODEN HEART CHRISTMAS SCANDI,2,1.78,UK,2023-09-06
ORD-00199,CUST-00436,2022-01-25,Delivered,Debit Card,Garden,GARDEN TOOL SET 3PC,4,14.63,EU,2022-01-25
ORD-00200,CUST-00301,2022-11-01,Delivered,Apple Pay,Garden,PLANT POT HOLDER,2,3.05,EU,2022-11-01
ORD-00201,CUST-00115,2023-02-10,Shipped,Credit Card,Garden,PLANT POT HOLDER,4,3.13,UK,2023-02-10
ORD-00202,CUST-00548,2023-05-21,Delivered,PayPal,Kitchen,LUNCH BAG RED RETROSPOT,1,1.37,UK,2023-05-21
ORD-00203,CUST-00354,2024-04-25,Cancelled,Apple Pay,Stationery,GREETING CARD SAFARI,4,1.22,EU,2024-04-25
ORD-00204,CUST-00583,2022-02-09,Pending,Credit Card,Stationery,GREETING CARD SAFARI,1,1.25,UK,2022-02-09
ORD-00205,CUST-00392,2024-08-07,Delivered,PayPal,Toys,VINTAGE CHRISTMAS PAPER GIFT BAG,48,1.34,UK,2024-08-07
ORD-00206,CUST-00433,2022-09-21,Delivered,Credit Card,Stationery,PAPER CHAIN KIT 50'S CHRISTMAS,1,1.72,EU,2022-09-21
ORD-00207,CUST-00857,2023-08-08,Shipped,PayPal,Stationery,"PAPER CRAFT , BABY GIRL",48,3.36,EU,2023-08-08
ORD-00208,CUST-00631,2023-12-12,Delivered,PayPal,Toys,VINTAGE CHRISTMAS PAPER GIFT BAG,3,1.65,EU,2023-12-12
ORD-00209,CUST-00588,2022-10-09,Delivered,Debit Card,Toys,WOODEN STAR CHRISTMAS SCANDI,1,2.30,EU,2022-10-09
ORD-00210,CUST-00284,2024-07-20,Shipped,PayPal,Toys,VINTAGE CHRISTMAS PAPER GIFT BAG,4,1.57,UK,2024-07-20
ORD-00211,CUST-00280,2023-03-01,Delivered,PayPal,Home Decor,WHITE HANGING HEART T-LIGHT HOLDER,2,2.67,UK,2023-03-01
ORD-00212,CUST-00274,2022-11-22,Pending,Debit Card,Stationery,GREETING CARD SAFARI,3,1.49,UK,2022-11-22
ORD-00213,CUST-00019,2022-10-22,Delivered,Apple Pay,Clothing,FELTCRAFT CUSHION FLOWER,2,9.15,UK,2022-10-22
ORD-00214,CUST-00847,2022-12-03,Delivered,Bank Transfer,Stationery,GREETING CARD SAFARI,3,1.36,UK,2022-12-03
ORD-00215,CUST-00953,2022-12-21,Delivered,Debit Card,Toys,FELTCRAFT BUTTERFLY PURSE,1,5.96,UK,2022-12-21
ORD-00216,CUST-00474,2022-06-24,Delivered,PayPal,Clothing,FELTCRAFT PETAL BAG,2,6.31,UK,2022-06-24
ORD-00217,CUST-00413,2022-03-22,Delivered,Apple Pay,Home Decor,HAND WARMER RED POLKA DOT,4,3.63,EU,2022-03-22
ORD-00218,CUST-00354,2023-01-14,Shipped,PayPal,Kitchen,JUMBO SHOPPER VINTAGE RED PAISLEY,1,8.31,EU,2023-01-14
ORD-00219,CUST-00463,2023-08-22,Shipped,PayPal,Clothing,WOOLLY HOPPIE WHITE HEART,2,3.55,UK,2023-08-22
ORD-00220,CUST-00579,2024-02-09,Refunded,Apple Pay,Stationery,"PAPER CRAFT , BABY GIRL",2,3.33,UK,2024-02-09
ORD-00221,CUST-00762,2023-07-05,Pending,Apple Pay,Toys,WOODEN HEART CHRISTMAS SCANDI,48,1.97,EU,2023-07-05
ORD-00222,CUST-00972,2022-04-24,Delivered,Debit Card,Kitchen,LUNCH BAG SUKI DESIGN,1,1.40,EU,2022-04-24
ORD-00223,CUST-00886,2023-02-15,Delivered,PayPal,Home Decor,REGENCY CAKESTAND 3 TIER,6,15.24,UK,2023-02-15
ORD-00224,CUST-00770,2022-11-24,Delivered,Credit Card,Home Decor,SET OF 3 BUTTERFLY COOKIE CUTTERS,2,2.11,UK,2022-11-24
ORD-00225,CUST-00681,2022-11-22,Delivered,Apple Pay,Clothing,WOOLLY HOPPIE WHITE HEART,48,4.23,UK,2022-11-22
ORD-00226,CUST-00402,2023-04-21,Shipped,Bank Transfer,Home Decor,SET OF 6 SKULLS GIFT BAGS,12,1.31,UK,2023-04-21
ORD-00227,CUST-00161,2024-04-29,Shipped,Bank Transfer,Home Decor,JUMBO BAG VINTAGE LEAF,2,4.46,UK,2024-04-29
ORD-00228,CUST-00672,2023-08-18,Delivered,Bank Transfer,Home Decor,JUMBO BAG VINTAGE LEAF,4,4.60,UK,2023-08-18
ORD-00229,CUST-00421,2022-05-22,Delivered,Apple Pay,Home Decor,ROSES REGENCY TEACUP AND SAUCER,3,4.07,UK,2022-05-22
ORD-00230,CUST-00083,2022-01-24,Shipped,Debit Card,Jewelry,HEART OF WICKER SMALL,3,1.99,UK,2022-01-24
ORD-00231,CUST-00171,2024-09-01,Shipped,Apple Pay,Jewelry,PACK OF 6 SKULL PAPER CUPS,3,1.38,EU,2024-09-01
ORD-00232,CUST-00905,2022-07-17,Delivered,Debit Card,Jewelry,BLACK SKULL GIFT BAG,2,1.53,UK,2022-07-17
ORD-00233,CUST-00469,2023-04-29,Cancelled,Debit Card,Garden,WATERING CAN PINK,4,5.78,UK,2023-04-29
ORD-00234,CUST-00331,2022-07-31,Delivered,Bank Transfer,Kitchen,LUNCH BAG WITH BLACK CAT,1,1.69,EU,2022-07-31
ORD-00235,CUST-00251,2024-03-26,Shipped,Bank Transfer,Clothing,WOOLLY HOPPIE WHITE HEART,3,4.49,UK,2024-03-26
ORD-00236,CUST-00513,2022-12-06,Delivered,Debit Card,Jewelry,BLACK SKULL GIFT BAG,1,1.57,UK,2022-12-06
ORD-00237,CUST-00251,2024-02-06,Pending,Bank Transfer,Stationery,GREETING CARD SAFARI,4,1.15,UK,2024-02-06
ORD-00238,CUST-00888,2022-03-14,Delivered,PayPal,Toys,FELTCRAFT GIRL AMELIE KIT,48,10.37,EU,2022-03-14
ORD-00239,CUST-00905,2023-09-14,Delivered,Apple Pay,Clothing,FELTCRAFT CUSHION FLOWER,3,11.09,UK,2023-09-14
ORD-00240,CUST-00732,2022-03-03,Shipped,Bank Transfer,Home Decor,HAND WARMER UNION JACK FLG,2,3.89,UK,2022-03-03
ORD-00241,CUST-00849,2024-01-04,Cancelled,Bank Transfer,Clothing,FELTCRAFT DOLL MEGGY,6,9.03,UK,2024-01-04
ORD-00242,CUST-00439,2024-02-16,Delivered,Credit Card,Kitchen,LUNCH BAG SUKI DESIGN,1,1.67,UK,2024-02-16
ORD-00243,CUST-00740,2022-05-26,Cancelled,Bank Transfer,Home Decor,REGENCY CAKESTAND 3 TIER,2,13.99,UK,2022-05-26
ORD-00244,CUST-00216,2022-03-17,Delivered,Bank Transfer,Bathroom,BATH BOMB FIZZER SHEA BUTTER,1,1.58,UK,2022-03-17
ORD-00245,CUST-00771,2023-12-07,Delivered,Bank Transfer,Bathroom,BATH BUILDING BLOCK WORD,6,5.97,UK,2023-12-07
ORD-00246,CUST-00717,2024-02-19,Pending,Apple Pay,Bathroom,BATH BOMB FIZZER SHEA BUTTER,3,1.56,UK,2024-02-19
ORD-00247,CUST-00296,2023-01-07,Delivered,PayPal,Home Decor,HAND WARMER UNION JACK FLG,1,3.43,EU,2023-01-07
ORD-00248,CUST-00968,2023-05-02,Delivered,PayPal,Clothing,FELTCRAFT CUSHION FLOWER,1,10.85,UK,2023-05-02
ORD-00249,CUST-00159,2023-09-15,Shipped,Bank Transfer,Clothing,FELTCRAFT PETAL BAG,6,5.58,UK,2023-09-15
ORD-00250,CUST-00264,2023-08-21,Shipped,Apple Pay,Jewelry,WHITE SKULL GIFT BAG,1,1.68,UK,2023-08-21
ORD-00251,CUST-00013,2024-06-10,Refunded,Bank Transfer,Bathroom,BATH BOMB FIZZER SHEA BUTTER,2,1.53,UK,2024-06-10
ORD-00252,CUST-00489,2023-10-22,Shipped,Apple Pay,Jewelry,HEART OF WICKER LARGE,24,5.90,UK,2023-10-22
ORD-00253,CUST-00322,2023-05-12,Delivered,Apple Pay,Toys,FELTCRAFT GIRL AMELIE KIT,2,10.38,EU,2023-05-12
ORD-00254,CUST-00494,2023-11-16,Cancelled,PayPal,Home Decor,JUMBO BAG VINTAGE LEAF,2,5.02,EU,2023-11-16
ORD-00255,CUST-00231,2023-09-16,Delivered,Credit Card,Bathroom,DOORMAT SPOTTY,1,4.68,UK,2023-09-16
ORD-00256,CUST-00666,2024-07-23,Delivered,Credit Card,Home Decor,ROSES REGENCY TEACUP AND SAUCER,2,3.89,UK,2024-07-23
ORD-00257,CUST-00861,2023-06-21,Delivered,Debit Card,Clothing,FELTCRAFT PETAL BAG,12,6.75,UK,2023-06-21
ORD-00258,CUST-00373,2024-09-01,Shipped,Credit Card,Jewelry,REGENCY TEACUP AND SAUCER,1,4.08,UK,2024-09-01
ORD-00259,CUST-00278,2023-07-05,Delivered,Credit Card,Toys,FELTCRAFT BUTTERFLY PURSE,48,6.87,UK,2023-07-05
ORD-00260,CUST-00458,2024-03-27,Delivered,Debit Card,Jewelry,PACK OF 6 SKULL PAPER CUPS,3,1.22,EU,2024-03-27
ORD-00261,CUST-00234,2023-09-16,Shipped,PayPal,Clothing,WORLD WAR 2 GLIDERS ASSTD DESIGNS,4,2.81,UK,2023-09-16
ORD-00262,CUST-00094,2022-03-07,Cancelled,Debit Card,Clothing,FELTCRAFT PETAL BAG,1,6.84,UK,2022-03-07
ORD-00263,CUST-00536,2023-08-23,Delivered,Bank Transfer,Bathroom,DOORMAT SPOTTY,1,4.79,EU,2023-08-23
ORD-00264,CUST-00476,2022-11-23,Delivered,Credit Card,Kitchen,LUNCH BAG RED RETROSPOT,3,1.64,UK,2022-11-23
ORD-00265,CUST-00202,2022-07-22,Pending,Apple Pay,Toys,WOODEN STAR CHRISTMAS SCANDI,1,1.80,UK,2022-07-22
ORD-00266,CUST-00221,2023-08-19,Delivered,Credit Card,Jewelry,HEART OF WICKER SMALL,2,2.09,EU,2023-08-19
ORD-00267,CUST-00738,2024-04-05,Delivered,Bank Transfer,Stationery,"PAPER CRAFT , BABY BOY",6,2.83,UK,2024-04-05
ORD-00268,CUST-00001,2023-05-20,Delivered,PayPal,Bathroom,BATH BOMB FIZZER SHEA BUTTER,6,1.57,EU,2023-05-20
ORD-00269,CUST-00520,2022-11-03,Shipped,Apple Pay,Toys,WOODEN STAR CHRISTMAS SCANDI,3,2.31,UK,2022-11-03
ORD-00270,CUST-00255,2022-11-13,Delivered,Credit Card,Garden,GARDEN TOOL SET 3PC,1,13.84,EU,2022-11-13
ORD-00271,CUST-00775,2024-09-24,Delivered,Bank Transfer,Home Decor,JUMBO BAG VINTAGE LEAF,2,4.93,UK,2024-09-24
ORD-00272,CUST-00168,2022-11-08,Pending,Bank Transfer,Home Decor,JUMBO BAG VINTAGE LEAF,1,5.10,UK,2022-11-08
ORD-00273,CUST-00351,2022-07-18,Delivered,Debit Card,Jewelry,WHITE SKULL GIFT BAG,4,1.66,EU,2022-07-18
ORD-00274,CUST-00219,2023-06-28,Delivered,PayPal,Bathroom,DOORMAT SPOTTY,3,4.93,UK,2023-06-28
ORD-00275,CUST-00950,2022-11-28,Shipped,Bank Transfer,Jewelry,HEART OF WICKER LARGE,1,5.45,EU,2022-11-28
ORD-00276,CUST-00805,2022-06-10,Shipped,Apple Pay,Home Decor,REGENCY CAKESTAND 3 TIER,12,13.81,EU,2022-06-10
ORD-00277,CUST-00486,2024-01-14,Shipped,PayPal,Jewelry,BLACK SKULL GIFT BAG,3,1.49,UK,2024-01-14
ORD-00278,CUST-00484,2024-01-15,Shipped,PayPal,Bathroom,DOORMAT SPOTTY,2,4.91,UK,2024-01-15
ORD-00279,CUST-00461,2023-03-04,Pending,Bank Transfer,Bathroom,DOORMAT SPOTTY,2,5.04,UK,2023-03-04
ORD-00280,CUST-00057,2024-09-25,Delivered,PayPal,Stationery,PAPER CHAIN KIT VINTAGE CHRISTMAS,2,1.66,EU,2024-09-25
ORD-00281,CUST-00020,2022-09-20,Shipped,PayPal,Clothing,FELTCRAFT CUSHION FLOWER,1,10.93,UK,2022-09-20
ORD-00282,CUST-00025,2023-07-26,Delivered,Debit Card,Garden,GARDENERS KNEELER DESK,2,8.07,EU,2023-07-26
ORD-00283,CUST-00817,2022-10-08,Pending,Debit Card,Home Decor,SET OF 3 BUTTERFLY COOKIE CUTTERS,3,2.01,EU,2022-10-08
ORD-00284,CUST-00165,2023-08-31,Delivered,Credit Card,Garden,GARDENERS KNEELER DESK,4,9.40,EU,2023-08-31
ORD-00285,CUST-00800,2023-12-25,Delivered,PayPal,Jewelry,REGENCY TEACUP AND SAUCER,2,4.45,EU,2023-12-25
ORD-00286,CUST-00622,2023-10-17,Shipped,Apple Pay,Jewelry,PACK OF 6 SKULL PAPER PLATES,2,1.16,EU,2023-10-17
ORD-00287,CUST-00379,2022-05-18,Delivered,Credit Card,Stationery,"PAPER CRAFT , BABY BOY",24,2.75,UK,2022-05-18
ORD-00288,CUST-00333,2022-06-04,Delivered,Apple Pay,Clothing,FELTCRAFT DOLL MEGGY,2,8.46,UK,2022-06-04
ORD-00289,CUST-00205,2023-08-10,Delivered,PayPal,Toys,FELTCRAFT BUTTERFLY PURSE,1,5.79,EU,2023-08-10
ORD-00290,CUST-00571,2022-05-24,Delivered,Credit Card,Toys,FELTCRAFT GIRL AMELIE KIT,6,9.91,EU,2022-05-24
ORD-00291,CUST-00892,2024-05-23,Shipped,Bank Transfer,Clothing,WORLD WAR 2 GLIDERS ASSTD DESIGNS,4,2.93,UK,2024-05-23
ORD-00292,CUST-00766,2023-04-17,Shipped,Debit Card,Home Decor,SET OF 3 BUTTERFLY COOKIE CUTTERS,1,2.03,UK,2023-04-17
ORD-00293,CUST-00694,2024-08-13,Pending,Credit Card,Clothing,FELTCRAFT CUSHION FLOWER,1,10.76,EU,2024-08-13
ORD-00294,CUST-00658,2024-03-28,Pending,Apple Pay,Stationery,PAPER CHAIN KIT VINTAGE CHRISTMAS,2,1.66,UK,2024-03-28
ORD-00295,CUST-00062,2022-02-02,Refunded,PayPal,Toys,VINTAGE CHRISTMAS PAPER GIFT BAG,2,1.55,UK,2022-02-02
ORD-00296,CUST-00810,2023-10-12,Pending,Credit Card,Toys,FELTCRAFT PRINCESS CHARLOTTE DOLL,2,9.60,UK,2023-10-12
ORD-00297,CUST-00579,2023-06-29,Shipped,Apple Pay,Kitchen,JUMBO SHOPPER VINTAGE RED PAISLEY,48,7.88,UK,2023-06-29
ORD-00298,CUST-00867,2023-10-28,Refunded,Credit Card,Kitchen,JUMBO SHOPPER VINTAGE RED PAISLEY,3,7.23,UK,2023-10-28
ORD-00299,CUST-00786,2023-04-08,Delivered,Debit Card,Clothing,WOOLLY HOPPIE WHITE HEART,2,3.69,UK,2023-04-08
ORD-00300,CUST-00667,2022-12-14,Delivered,Bank Transfer,Garden,GARDEN TOOL SET 3PC,1,14.17,UK,2022-12-14
ORD-00301,CUST-00911,2023-10-01,Delivered,Credit Card,Home Decor,HAND WARMER UNION JACK FLG,2,3.35,EU,2023-10-01
ORD-00302,CUST-00009,2024-05-26,Shipped,PayPal,Home Decor,SET OF 6 SKULLS GIFT BAGS,2,1.18,EU,2024-05-26
ORD-00303,CUST-00546,2024-04-21,Delivered,PayPal,Stationery,GREETING CARD SAFARI,4,1.20,EU,2024-04-21
ORD-00304,CUST-00915,2024-03-02,Pending,PayPal,Clothing,FELTCRAFT CUSHION FLOWER,12,9.41,EU,2024-03-02
ORD-00305,CUST-00186,2024-05-14,Pending,Debit Card,Kitchen,LUNCH BAG RED RETROSPOT,1,1.57,EU,2024-05-14
ORD-00306,CUST-00554,2022-11-19,Cancelled,Debit Card,Garden,PLANT POT HOLDER,48,2.94,UK,2022-11-19
ORD-00307,CUST-00207,2022-08-27,Cancelled,Debit Card,Bathroom,DOORMAT SPOTTY,1,5.93,UK,2022-08-27
ORD-00308,CUST-00791,2024-08-25,Delivered,Bank Transfer,Garden,PLANT POT HOLDER,1,3.43,UK,2024-08-25
ORD-00309,CUST-00027,2022-08-02,Shipped,Bank Transfer,Stationery,"PAPER CRAFT , BABY BOY",12,3.41,EU,2022-08-02
ORD-00310,CUST-00450,2023-08-28,Delivered,Credit Card,Stationery,PAPER CHAIN KIT 50'S CHRISTMAS,1,1.64,EU,2023-08-28
ORD-00311,CUST-00993,2023-06-13,Pending,Debit Card,Home Decor,JUMBO BAG VINTAGE LEAF,3,5.31,UK,2023-06-13
ORD-00312,CUST-00124,2022-11-21,Delivered,Debit Card,Toys,WOODEN HEART CHRISTMAS SCANDI,4,1.96,UK,2022-11-21
ORD-00313,CUST-00093,2022-04-25,Cancelled,Credit Card,Toys,VINTAGE CHRISTMAS PAPER GIFT BAG,2,1.42,EU,2022-04-25
ORD-00314,CUST-00008,2024-05-28,Pending,PayPal,Garden,BIRD HOUSE WOODLAND,6,10.15,UK,2024-05-28
ORD-00315,CUST-00969,2024-05-18,Delivered,Debit Card,Bathroom,DOORMAT SPOTTY,12,5.10,UK,2024-05-18
ORD-00316,CUST-00719,2024-06-15,Delivered,PayPal,Kitchen,JUMBO SHOPPER VINTAGE RED PAISLEY,4,7.94,EU,2024-06-15
ORD-00317,CUST-00748,2024-05-17,Shipped,Apple Pay,Jewelry,BLACK SKULL GIFT BAG,12,1.32,UK,2024-05-17
ORD-00318,CUST-00010,2023-04-27,Delivered,Credit Card,Kitchen,LUNCH BAG WITH BLACK CAT,3,1.37,UK,2023-04-27
ORD-00319,CUST-00611,2023-01-16,Delivered,Debit Card,Home Decor,SET OF 3 BUTTERFLY COOKIE CUTTERS,12,2.14,EU,2023-01-16
ORD-00320,CUST-00430,2022-06-05,Delivered,Debit Card,Home Decor,JUMBO BAG VINTAGE LEAF,1,5.23,UK,2022-06-05
ORD-00321,CUST-00374,2022-07-28,Shipped,PayPal,Kitchen,LUNCH BAG SUKI DESIGN,6,1.32,EU,2022-07-28
ORD-00322,CUST-00931,2022-01-27,Shipped,Bank Transfer,Bathroom,BATH BOMB FIZZER SHEA BUTTER,3,1.32,EU,2022-01-27
ORD-00323,CUST-00036,2022-02-17,Delivered,Apple Pay,Clothing,FELTCRAFT PETAL BAG,12,6.99,UK,2022-02-17
ORD-00324,CUST-00740,2022-12-24,Delivered,Credit Card,Toys,FELTCRAFT GIRL AMELIE KIT,1,8.32,UK,2022-12-24
ORD-00325,CUST-00430,2023-03-02,Delivered,Apple Pay,Kitchen,JUMBO BAG STRAWBERRY,1,5.16,UK,2023-03-02
ORD-00326,CUST-00451,2022-01-01,Shipped,Bank Transfer,Kitchen,LUNCH BAG WITH BLACK CAT,12,1.66,UK,2022-01-01
ORD-00327,CUST-00922,2023-01-10,Refunded,Credit Card,Bathroom,BATH BOMB FIZZER SHEA BUTTER,1,1.59,EU,2023-01-10
ORD-00328,CUST-00490,2022-07-20,Pending,Apple Pay,Toys,WOODEN HEART CHRISTMAS SCANDI,4,2.25,UK,2022-07-20
ORD-00329,CUST-00133,2022-04-08,Delivered,PayPal,Kitchen,LUNCH BOX WITH CUTLERY,1,3.47,UK,2022-04-08
ORD-00330,CUST-00909,2022-07-09,Delivered,PayPal,Jewelry,HEART OF WICKER LARGE,1,4.79,UK,2022-07-09
ORD-00331,CUST-00337,2023-06-17,Delivered,PayPal,Clothing,FELTCRAFT CUSHION FLOWER,48,10.95,UK,2023-06-17
ORD-00332,CUST-00779,2022-05-29,Delivered,Credit Card,Kitchen,LUNCH BAG WITH BLACK CAT,2,1.47,EU,2022-05-29
ORD-00333,CUST-00766,2022-07-06,Pending,Credit Card,Garden,BIRD HOUSE WOODLAND,3,11.33,UK,2022-07-06
ORD-00334,CUST-00856,2023-08-09,Delivered,PayPal,Bathroom,BATH BUILDING BLOCK WORD,1,5.93,UK,2023-08-09
ORD-00335,CUST-00193,2023-02-20,Delivered,Debit Card,Jewelry,WHITE SKULL GIFT BAG,12,1.73,EU,2023-02-20
ORD-00336,CUST-00465,2024-02-02,Shipped,Apple Pay,Jewelry,HEART OF WICKER LARGE,1,5.11,UK,2024-02-02
ORD-00337,CUST-00947,2022-09-19,Shipped,Bank Transfer,Garden,GARDEN TOOL SET 3PC,2,15.12,UK,2022-09-19
ORD-00338,CUST-00791,2024-05-26,Shipped,Apple Pay,Toys,FELTCRAFT BUTTERFLY PURSE,2,5.53,UK,2024-05-26
ORD-00339,CUST-00270,2022-01-27,Refunded,Debit Card,Kitchen,JUMBO BAG STRAWBERRY,6,5.09,EU,2022-01-27
ORD-00340,CUST-00097,2022-05-04,Delivered,PayPal,Home Decor,SET OF 6 SKULLS GIFT BAGS,48,1.44,EU,2022-05-04
ORD-00341,CUST-00130,2024-08-20,Pending,Apple Pay,Garden,PLANT POT HOLDER,2,3.04,EU,2024-08-20
ORD-00342,CUST-00187,2023-06-08,Shipped,Debit Card,Stationery,PAPER CHAIN KIT 50'S CHRISTMAS,6,1.69,EU,2023-06-08
ORD-00343,CUST-00795,2023-06-23,Delivered,Debit Card,Home Decor,HAND WARMER UNION JACK FLG,1,3.81,EU,2023-06-23
ORD-00344,CUST-00577,2023-01-07,Delivered,Apple Pay,Toys,FELTCRAFT GIRL AMELIE KIT,3,10.20,UK,2023-01-07
ORD-00345,CUST-00171,2023-10-13,Delivered,Apple Pay,Garden,WATERING CAN PINK,1,6.57,EU,2023-10-13
ORD-00346,CUST-00232,2024-09-05,Delivered,Debit Card,Clothing,MINI PAINT SET VINTAGE,4,3.13,UK,2024-09-05
ORD-00347,CUST-00286,2022-10-31,Shipped,Apple Pay,Kitchen,JUMBO BAG RED RETROSPOT,48,5.86,EU,2022-10-31
ORD-00348,CUST-00996,2022-05-20,Delivered,PayPal,Stationery,PAPER CHAIN KIT VINTAGE CHRISTMAS,12,1.51,UK,2022-05-20
ORD-00349,CUST-00001,2022-11-16,Shipped,Apple Pay,Kitchen,JUMBO BAG STRAWBERRY,1,5.28,EU,2022-11-16
ORD-00350,CUST-00609,2022-05-28,Delivered,Debit Card,Kitchen,JUMBO BAG STRAWBERRY,1,5.06,UK,2022-05-28
ORD-00351,CUST-00783,2023-03-06,Shipped,Debit Card,Bathroom,BATH BUILDING BLOCK WORD,2,5.64,UK,2023-03-06
ORD-00352,CUST-00255,2022-10-10,Pending,Bank Transfer,Garden,PLANT POT HOLDER,1,3.51,EU,2022-10-10
ORD-00353,CUST-00127,2022-06-05,Shipped,Debit Card,Clothing,FELTCRAFT DOLL MEGGY,4,10.59,UK,2022-06-05
ORD-00354,CUST-00689,2022-05-01,Delivered,Apple Pay,Bathroom,DOORMAT UNION JACK,6,4.47,EU,2022-05-01
ORD-00355,CUST-00106,2023-03-25,Shipped,Credit Card,Jewelry,WHITE SKULL GIFT BAG,3,1.41,UK,2023-03-25
ORD-00356,CUST-00555,2024-06-20,Refunded,PayPal,Clothing,FELTCRAFT PETAL BAG,3,5.63,UK,2024-06-20
ORD-00357,CUST-00897,2024-05-08,Delivered,Credit Card,Bathroom,DOORMAT UNION JACK,24,4.52,UK,2024-05-08
ORD-00358,CUST-00642,2023-12-28,Delivered,Bank Transfer,Stationery,GREETING CARD SAFARI,2,1.19,EU,2023-12-28
ORD-00359,CUST-00777,2024-01-20,Delivered,Apple Pay,Bathroom,DOORMAT ENGLAND,1,4.61,EU,2024-01-20
ORD-00360,CUST-00886,2023-05-22,Delivered,Bank Transfer,Garden,WATERING CAN PINK,1,6.87,UK,2023-05-22
ORD-00361,CUST-00432,2022-10-14,Delivered,PayPal,Kitchen,JUMBO BAG RED RETROSPOT,3,5.74,EU,2022-10-14
ORD-00362,CUST-00927,2023-11-14,Delivered,PayPal,Bathroom,BATH BOMB FIZZER SHEA BUTTER,3,1.45,UK,2023-11-14
ORD-00363,CUST-00086,2022-09-06,Delivered,Debit Card,Home Decor,WHITE HANGING HEART T-LIGHT HOLDER,1,3.37,EU,2022-09-06
ORD-00364,CUST-00606,2024-03-10,Delivered,Bank Transfer,Stationery,"PAPER CRAFT , BABY GIRL",4,2.75,EU,2024-03-10
ORD-00365,CUST-00575,2023-06-16,Delivered,Bank Transfer,Jewelry,HEART OF WICKER SMALL,12,1.97,UK,2023-06-16
ORD-00366,CUST-00044,2023-10-21,Refunded,Apple Pay,Jewelry,HEART OF WICKER SMALL,1,2.25,UK,2023-10-21
ORD-00367,CUST-00098,2023-08-18,Delivered,Apple Pay,Kitchen,LUNCH BAG SUKI DESIGN,48,1.41,EU,2023-08-18
ORD-00368,CUST-00432,2023-10-25,Delivered,Bank Transfer,Stationery,PAPER CHAIN KIT 50'S CHRISTMAS,4,1.32,EU,2023-10-25
ORD-00369,CUST-00588,2024-04-04,Delivered,Bank Transfer,Toys,FELTCRAFT GIRL AMELIE KIT,1,9.13,EU,2024-04-04
ORD-00370,CUST-00686,2023-10-08,Cancelled,Credit Card,Home Decor,HAND WARMER UNION JACK FLG,1,3.23,UK,2023-10-08
ORD-00371,CUST-00300,2024-05-19,Delivered,PayPal,Stationery,PAPER CHAIN KIT VINTAGE CHRISTMAS,6,1.62,EU,2024-05-19
ORD-00372,CUST-00839,2022-09-12,Shipped,Credit Card,Clothing,WOOLLY HOPPIE WHITE HEART,2,4.47,EU,2022-09-12
ORD-00373,CUST-00333,2024-02-27,Delivered,Debit Card,Stationery,GREETING CARD SAFARI,4,1.36,UK,2024-02-27
ORD-00374,CUST-00572,2024-02-11,Shipped,Debit Card,Toys,FELTCRAFT BUTTERFLY PURSE,3,6.68,UK,2024-02-11
ORD-00375,CUST-00865,2023-09-24,Delivered,Debit Card,Toys,WOODEN HEART CHRISTMAS SCANDI,12,1.95,EU,2023-09-24
ORD-00376,CUST-00325,2023-10-17,Delivered,Apple Pay,Bathroom,DOORMAT SPOTTY,1,5.53,UK,2023-10-17
ORD-00377,CUST-00510,2022-09-29,Delivered,Bank Transfer,Jewelry,WHITE SKULL GIFT BAG,1,1.47,UK,2022-09-29
ORD-00378,CUST-00360,2024-02-12,Shipped,Debit Card,Garden,GARDEN TOOL SET 3PC,6,15.14,UK,2024-02-12
ORD-00379,CUST-00331,2024-07-19,Delivered,Apple Pay,Home Decor,HAND WARMER UNION JACK FLG,1,3.64,EU,2024-07-19
ORD-00380,CUST-00304,2023-09-26,Delivered,Debit Card,Clothing,MINI PAINT SET VINTAGE,3,2.81,EU,2023-09-26
ORD-00381,CUST-00096,2023-11-11,Delivered,PayPal,Kitchen,JUMBO SHOPPER VINTAGE RED PAISLEY,4,8.16,EU,2023-11-11
ORD-00382,CUST-00150,2022-05-17,Cancelled,Credit Card,Clothing,FELTCRAFT CUSHION FLOWER,2,10.01,UK,2022-05-17
ORD-00383,CUST-00866,2022-10-28,Delivered,Credit Card,Clothing,FELTCRAFT PETAL BAG,6,6.94,UK,2022-10-28
ORD-00384,CUST-00332,2023-07-16,Shipped,PayPal,Home Decor,SET OF 6 SKULLS GIFT BAGS,2,1.14,UK,2023-07-16
ORD-00385,CUST-00027,2022-08-13,Shipped,Debit Card,Toys,WOODEN HEART CHRISTMAS SCANDI,1,2.16,EU,2022-08-13
ORD-00386,CUST-00451,2022-10-31,Shipped,Credit Card,Jewelry,BLACK SKULL GIFT BAG,6,1.37,UK,2022-10-31
ORD-00387,CUST-00879,2023-07-24,Delivered,Apple Pay,Jewelry,HEART OF WICKER LARGE,2,5.11,EU,2023-07-24
ORD-00388,CUST-00197,2023-02-14,Delivered,Bank Transfer,Stationery,PAPER CHAIN KIT VINTAGE CHRISTMAS,1,1.53,UK,2023-02-14
ORD-00389,CUST-00765,2024-04-02,Delivered,Bank Transfer,Bathroom,BATH BOMB FIZZER SHEA BUTTER,4,1.73,UK,2024-04-02
ORD-00390,CUST-00380,2022-11-24,Delivered,Credit Card,Garden,WATERING CAN PINK,24,7.03,EU,2022-11-24
ORD-00391,CUST-00982,2023-12-21,Shipped,Apple Pay,Clothing,WORLD WAR 2 GLIDERS ASSTD DESIGNS,1,3.42,UK,2023-12-21
ORD-00392,CUST-00593,2023-06-04,Delivered,Apple Pay,Kitchen,LUNCH BAG WITH BLACK CAT,1,1.70,UK,2023-06-04
ORD-00393,CUST-00322,2024-01-08,Shipped,Apple Pay,Kitchen,LUNCH BAG RED RETROSPOT,6,1.57,EU,2024-01-08
ORD-00394,CUST-00841,2022-02-24,Delivered,Bank Transfer,Home Decor,SET OF 6 SKULLS GIFT BAGS,2,1.34,UK,2022-02-24
ORD-00395,CUST-00510,2022-06-25,Pending,Bank Transfer,Jewelry,PACK OF 6 SKULL PAPER PLATES,2,1.48,UK,2022-06-25
ORD-00396,CUST-00573,2024-06-07,Delivered,Credit Card,Jewelry,BLACK SKULL GIFT BAG,1,1.46,UK,2024-06-07
ORD-00397,CUST-00699,2023-08-07,Shipped,Credit Card,Garden,PLANT POT HOLDER,1,3.29,UK,2023-08-07
ORD-00398,CUST-00731,2024-08-23,Pending,Bank Transfer,Jewelry,HEART OF WICKER SMALL,2,2.17,EU,2024-08-23
ORD-00399,CUST-00221,2023-11-22,Shipped,Debit Card,Jewelry,REGENCY TEACUP AND SAUCER,2,3.98,EU,2023-11-22
ORD-00400,CUST-00584,2023-07-07,Refunded,Apple Pay,Toys,VINTAGE CHRISTMAS PAPER GIFT BAG,24,1.37,UK,2023-07-07
ORD-00401,CUST-00323,2024-02-12,Shipped,Credit Card,Home Decor,WHITE HANGING HEART T-LIGHT HOLDER,48,2.70,EU,2024-02-12
ORD-00402,CUST-00794,2024-01-18,Shipped,Debit Card,Kitchen,JUMBO BAG STRAWBERRY,3,5.24,UK,2024-01-18
ORD-00403,CUST-00255,2024-05-05,Shipped,Bank Transfer,Jewelry,HEART OF WICKER SMALL,6,2.33,EU,2024-05-05
ORD-00404,CUST-00747,2023-02-18,Delivered,Bank Transfer,Kitchen,LUNCH BAG SUKI DESIGN,2,1.35,UK,2023-02-18
ORD-00405,CUST-00825,2024-05-17,Shipped,Credit Card,Stationery,PAPER CHAIN KIT VINTAGE CHRISTMAS,2,1.51,UK,2024-05-17
ORD-00406,CUST-00319,2022-09-16,Delivered,Debit Card,Garden,PLANT POT HOLDER,1,3.04,EU,2022-09-16
ORD-00407,CUST-00267,2023-10-25,Delivered,PayPal,Stationery,PAPER CHAIN KIT 50'S CHRISTMAS,1,1.46,UK,2023-10-25
ORD-00408,CUST-00463,2024-06-19,Delivered,Apple Pay,Clothing,MINI PAINT SET VINTAGE,1,2.88,UK,2024-06-19
ORD-00409,CUST-00061,2024-09-13,Refunded,Credit Card,Clothing,WOOLLY HOPPIE WHITE HEART,2,3.56,EU,2024-09-13
ORD-00410,CUST-00005,2024-07-15,Delivered,PayPal,Garden,GARDENERS KNEELER DESK,2,7.22,EU,2024-07-15
ORD-00411,CUST-00880,2023-09-28,Delivered,Apple Pay,Kitchen,JUMBO BAG STRAWBERRY,48,4.73,EU,2023-09-28
ORD-00412,CUST-00224,2022-06-08,Delivered,Apple Pay,Garden,PLANT POT HOLDER,1,3.26,EU,2022-06-08
ORD-00413,CUST-00182,2022-07-01,Delivered,Bank Transfer,Stationery,"PAPER CRAFT , BABY BOY",4,3.43,EU,2022-07-01
ORD-00414,CUST-00032,2024-09-08,Delivered,Credit Card,Jewelry,HEART OF WICKER LARGE,1,5.25,EU,2024-09-08
ORD-00415,CUST-00827,2023-12-01,Shipped,Apple Pay,Bathroom,DOORMAT SPOTTY,24,4.62,UK,2023-12-01
ORD-00416,CUST-00172,2023-09-20,Cancelled,Bank Transfer,Kitchen,LUNCH BAG RED RETROSPOT,2,1.57,EU,2023-09-20
ORD-00417,CUST-00951,2023-04-04,Cancelled,Apple Pay,Jewelry,REGENCY TEACUP AND SAUCER,3,3.81,EU,2023-04-04
ORD-00418,CUST-00068,2024-09-10,Delivered,Debit Card,Garden,GARDEN TOOL SET 3PC,1,12.20,UK,2024-09-10
ORD-00419,CUST-00814,2024-08-01,Delivered,Apple Pay,Stationery,PAPER CHAIN KIT 50'S CHRISTMAS,1,1.33,UK,2024-08-01
ORD-00420,CUST-00102,2024-07-22,Delivered,Apple Pay,Toys,FELTCRAFT GIRL AMELIE KIT,1,9.81,UK,2024-07-22
ORD-00421,CUST-00720,2023-10-21,Shipped,PayPal,Toys,FELTCRAFT PRINCESS CHARLOTTE DOLL,3,10.09,EU,2023-10-21
ORD-00422,CUST-00139,2023-10-04,Delivered,Bank Transfer,Stationery,"PAPER CRAFT , BABY BOY",6,2.91,UK,2023-10-04
ORD-00423,CUST-00387,2022-11-26,Delivered,Apple Pay,Kitchen,JUMBO SHOPPER VINTAGE RED PAISLEY,2,7.28,EU,2022-11-26
ORD-00424,CUST-00399,2022-10-22,Delivered,Credit Card,Bathroom,DOORMAT SPOTTY,2,5.62,UK,2022-10-22
ORD-00425,CUST-00541,2024-07-02,Delivered,Apple Pay,Home Decor,HAND WARMER RED POLKA DOT,1,3.14,EU,2024-07-02
ORD-00426,CUST-00556,2023-07-02,Pending,PayPal,Home Decor,JUMBO BAG VINTAGE LEAF,3,5.55,UK,2023-07-02
ORD-00427,CUST-00395,2024-04-23,Delivered,Bank Transfer,Home Decor,ROSES REGENCY TEACUP AND SAUCER,2,3.98,UK,2024-04-23
ORD-00428,CUST-00757,2023-01-15,Delivered,Credit Card,Toys,VINTAGE CHRISTMAS PAPER GIFT BAG,3,1.38,EU,2023-01-15
ORD-00429,CUST-00933,2024-07-02,Shipped,PayPal,Home Decor,SET OF 3 BUTTERFLY COOKIE CUTTERS,1,2.31,EU,2024-07-02
ORD-00430,CUST-00075,2023-10-18,Delivered,Credit Card,Clothing,FELTCRAFT CUSHION FLOWER,1,9.57,EU,2023-10-18
ORD-00431,CUST-00945,2024-08-04,Shipped,Debit Card,Garden,BIRD HOUSE WOODLAND,1,11.01,EU,2024-08-04
ORD-00432,CUST-00676,2024-04-26,Shipped,Bank Transfer,Garden,GARDEN TOOL SET 3PC,48,15.49,EU,2024-04-26
ORD-00433,CUST-00046,2023-11-16,Shipped,Bank Transfer,Kitchen,LUNCH BOX WITH CUTLERY,1,3.65,UK,2023-11-16
ORD-00434,CUST-00697,2022-11-14,Shipped,PayPal,Jewelry,PACK OF 6 SKULL PAPER CUPS,4,1.46,UK,2022-11-14
ORD-00435,CUST-00420,2023-01-22,Shipped,Debit Card,Clothing,WORLD WAR 2 GLIDERS ASSTD DESIGNS,1,3.38,UK,2023-01-22
ORD-00436,CUST-00837,2023-12-11,Shipped,Bank Transfer,Toys,WOODEN HEART CHRISTMAS SCANDI,1,1.76,UK,2023-12-11
ORD-00437,CUST-00132,2022-04-28,Pending,Bank Transfer,Jewelry,REGENCY TEACUP AND SAUCER,4,3.45,EU,2022-04-28
ORD-00438,CUST-00069,2024-01-28,Shipped,Bank Transfer,Home Decor,JUMBO BAG VINTAGE LEAF,3,4.70,UK,2024-01-28
ORD-00439,CUST-00292,2022-09-25,Pending,Credit Card,Toys,FELTCRAFT PRINCESS CHARLOTTE DOLL,1,10.35,EU,2022-09-25
ORD-00440,CUST-00405,2023-05-25,Shipped,Apple Pay,Home Decor,ROSES REGENCY TEACUP AND SAUCER,48,4.00,EU,2023-05-25
ORD-00441,CUST-00037,2022-02-08,Delivered,Debit Card,Toys,WOODEN STAR CHRISTMAS SCANDI,2,1.82,UK,2022-02-08
ORD-00442,CUST-00086,2023-03-23,Delivered,Bank Transfer,Clothing,MINI PAINT SET VINTAGE,4,2.71,EU,2023-03-23
ORD-00443,CUST-00757,2023-11-10,Cancelled,Debit Card,Kitchen,LUNCH BOX WITH CUTLERY,2,4.24,EU,2023-11-10
ORD-00444,CUST-00787,2022-01-15,Cancelled,PayPal,Home Decor,SET OF 3 BUTTERFLY COOKIE CUTTERS,4,1.78,EU,2022-01-15
ORD-00445,CUST-00881,2022-07-25,Cancelled,Credit Card,Bathroom,BATH BOMB FIZZER SHEA BUTTER,24,1.46,UK,2022-07-25
ORD-00446,CUST-00401,2022-03-07,Shipped,Debit Card,Garden,BIRD HOUSE WOODLAND,1,9.83,EU,2022-03-07
ORD-00447,CUST-00344,2023-03-28,Pending,Debit Card,Jewelry,REGENCY TEACUP AND SAUCER,4,3.40,EU,2023-03-28
ORD-00448,CUST-00617,2023-07-15,Refunded,Credit Card,Toys,FELTCRAFT GIRL AMELIE KIT,1,8.49,EU,2023-07-15
ORD-00449,CUST-00115,2022-01-18,Delivered,Debit Card,Clothing,WOOLLY HOPPIE WHITE HEART,1,3.96,UK,2022-01-18
ORD-00450,CUST-00742,2022-04-17,Delivered,Credit Card,Garden,GARDENERS KNEELER DESK,2,7.50,EU,2022-04-17
ORD-00451,CUST-00391,2024-02-27,Delivered,Debit Card,Home Decor,WHITE HANGING HEART T-LIGHT HOLDER,3,3.38,EU,2024-02-27
ORD-00452,CUST-00781,2022-01-21,Delivered,Bank Transfer,Jewelry,WHITE SKULL GIFT BAG,1,1.54,UK,2022-01-21
ORD-00453,CUST-00960,2023-09-23,Shipped,Debit Card,Jewelry,PACK OF 6 SKULL PAPER CUPS,3,1.23,UK,2023-09-23
ORD-00454,CUST-00700,2023-10-14,Delivered,Debit Card,Toys,WOODEN HEART CHRISTMAS SCANDI,3,1.96,EU,2023-10-14
ORD-00455,CUST-00466,2022-10-21,Delivered,Debit Card,Toys,FELTCRAFT PRINCESS CHARLOTTE DOLL,12,8.66,UK,2022-10-21
ORD-00456,CUST-00987,2023-01-12,Delivered,Bank Transfer,Garden,BIRD HOUSE WOODLAND,48,11.59,UK,2023-01-12
ORD-00457,CUST-00825,2023-12-29,Delivered,Debit Card,Bathroom,DOORMAT SPOTTY,1,5.14,UK,2023-12-29
ORD-00458,CUST-00412,2024-08-22,Delivered,Bank Transfer,Kitchen,LUNCH BAG WITH BLACK CAT,12,1.46,EU,2024-08-22
ORD-00459,CUST-00472,2023-04-20,Shipped,PayPal,Clothing,FELTCRAFT DOLL MEGGY,2,10.61,EU,2023-04-20
ORD-00460,CUST-00682,2022-09-09,Shipped,Debit Card,Stationery,PAPER CHAIN KIT 50'S CHRISTMAS,1,1.54,UK,2022-09-09
ORD-00461,CUST-00583,2024-03-13,Delivered,Bank Transfer,Home Decor,ROSES REGENCY TEACUP AND SAUCER,24,4.20,UK,2024-03-13
ORD-00462,CUST-00562,2022-11-11,Shipped,Debit Card,Clothing,MINI PAINT SET VINTAGE,6,2.99,EU,2022-11-11
ORD-00463,CUST-00482,2024-07-15,Delivered,Apple Pay,Kitchen,LUNCH BAG RED RETROSPOT,3,1.50,EU,2024-07-15
ORD-00464,CUST-00423,2024-06-30,Shipped,Bank Transfer,Kitchen,JUMBO BAG RED RETROSPOT,1,4.96,EU,2024-06-30
ORD-00465,CUST-00960,2022-01-25,Delivered,Bank Transfer,Toys,FELTCRAFT GIRL AMELIE KIT,2,10.59,UK,2022-01-25
ORD-00466,CUST-00582,2023-11-28,Delivered,Debit Card,Jewelry,REGENCY TEACUP AND SAUCER,1,4.48,UK,2023-11-28
ORD-00467,CUST-00657,2022-06-04,Delivered,Bank Transfer,Stationery,PAPER CHAIN KIT 50'S CHRISTMAS,3,1.65,UK,2022-06-04
ORD-00468,CUST-00252,2022-11-20,Delivered,Apple Pay,Clothing,FELTCRAFT PETAL BAG,1,7.02,EU,2022-11-20
ORD-00469,CUST-00544,2022-04-10,Delivered,Credit Card,Clothing,FELTCRAFT PETAL BAG,3,5.42,EU,2022-04-10
ORD-00470,CUST-00022,2022-12-06,Delivered,PayPal,Home Decor,WHITE HANGING HEART T-LIGHT HOLDER,24,3.42,EU,2022-12-06
ORD-00471,CUST-00954,2022-08-07,Shipped,Credit Card,Garden,PLANT POT HOLDER,1,2.79,EU,2022-08-07
ORD-00472,CUST-00372,2024-04-28,Delivered,PayPal,Jewelry,HEART OF WICKER LARGE,24,5.32,EU,2024-04-28
ORD-00473,CUST-00721,2023-07-30,Shipped,Debit Card,Home Decor,JUMBO BAG VINTAGE LEAF,1,4.61,UK,2023-07-30
ORD-00474,CUST-00168,2023-02-24,Shipped,Apple Pay,Stationery,PAPER CHAIN KIT VINTAGE CHRISTMAS,1,1.70,UK,2023-02-24
ORD-00475,CUST-00644,2024-05-18,Cancelled,Credit Card,Toys,WOODEN STAR CHRISTMAS SCANDI,4,1.92,EU,2024-05-18
ORD-00476,CUST-00680,2022-02-10,Pending,Bank Transfer,Kitchen,LUNCH BOX WITH CUTLERY,24,3.48,EU,2022-02-10
ORD-00477,CUST-00485,2023-08-24,Delivered,PayPal,Garden,BIRD HOUSE WOODLAND,2,11.24,UK,2023-08-24
ORD-00478,CUST-00954,2024-07-04,Pending,Bank Transfer,Stationery,"PAPER CRAFT , BABY BOY",3,2.82,EU,2024-07-04
ORD-00479,CUST-00970,2022-03-29,Delivered,Credit Card,Jewelry,REGENCY TEACUP AND SAUCER,3,4.37,EU,2022-03-29
ORD-00480,CUST-00182,2024-07-27,Pending,Debit Card,Kitchen,LUNCH BAG WITH BLACK CAT,3,1.60,EU,2024-07-27
ORD-00481,CUST-00985,2024-08-29,Delivered,PayPal,Jewelry,WHITE SKULL GIFT BAG,2,1.61,EU,2024-08-29
ORD-00482,CUST-00618,2023-03-04,Refunded,PayPal,Toys,WOODEN HEART CHRISTMAS SCANDI,1,2.28,UK,2023-03-04
ORD-00483,CUST-00872,2023-06-17,Cancelled,Credit Card,Bathroom,BATH BOMB FIZZER SHEA BUTTER,1,1.43,UK,2023-06-17
ORD-00484,CUST-00502,2022-09-02,Delivered,PayPal,Garden,GARDENERS KNEELER DESK,24,7.28,EU,2022-09-02
ORD-00485,CUST-00460,2024-02-17,Delivered,Credit Card,Stationery,"PAPER CRAFT , BABY GIRL",2,2.90,UK,2024-02-17
ORD-00486,CUST-00341,2024-08-06,Delivered,Apple Pay,Toys,FELTCRAFT BUTTERFLY PURSE,1,6.91,EU,2024-08-06
ORD-00487,CUST-00020,2023-01-25,Shipped,PayPal,Bathroom,DOORMAT SPOTTY,2,5.80,UK,2023-01-25
ORD-00488,CUST-00714,2024-05-24,Refunded,Bank Transfer,Garden,BIRD HOUSE WOODLAND,2,11.35,UK,2024-05-24
ORD-00489,CUST-00417,2024-01-07,Shipped,Debit Card,Clothing,FELTCRAFT CUSHION FLOWER,2,11.77,UK,2024-01-07
ORD-00490,CUST-00501,2024-07-29,Delivered,PayPal,Bathroom,DOORMAT ENGLAND,1,5.81,UK,2024-07-29
ORD-00491,CUST-00883,2022-05-12,Delivered,Credit Card,Toys,VINTAGE CHRISTMAS PAPER GIFT BAG,12,1.32,EU,2022-05-12
ORD-00492,CUST-00249,2023-08-09,Delivered,Credit Card,Kitchen,JUMBO BAG STRAWBERRY,1,4.55,UK,2023-08-09
ORD-00493,CUST-00885,2024-04-06,Shipped,Apple Pay,Kitchen,JUMBO BAG STRAWBERRY,1,4.47,EU,2024-04-06
ORD-00494,CUST-00073,2024-09-19,Delivered,PayPal,Kitchen,LUNCH BOX WITH CUTLERY,3,4.46,UK,2024-09-19
ORD-00495,CUST-00805,2023-12-23,Pending,Credit Card,Jewelry,REGENCY TEACUP AND SAUCER,1,3.51,EU,2023-12-23
ORD-00496,CUST-00191,2023-03-20,Delivered,Debit Card,Kitchen,JUMBO SHOPPER VINTAGE RED PAISLEY,4,6.45,UK,2023-03-20
ORD-00497,CUST-00216,2023-10-03,Delivered,Bank Transfer,Kitchen,JUMBO BAG RED RETROSPOT,4,5.03,UK,2023-10-03
ORD-00498,CUST-00838,2023-12-25,Shipped,PayPal,Home Decor,ROSES REGENCY TEACUP AND SAUCER,4,3.93,EU,2023-12-25
ORD-00499,CUST-00750,2023-03-30,Shipped,Credit Card,Clothing,WOOLLY HOPPIE WHITE HEART,3,4.34,EU,2023-03-30
ORD-00500,CUST-00082,2024-06-18,Delivered,Debit Card,Home Decor,JUMBO BAG VINTAGE LEAF,48,4.85,UK,2024-06-18
ORD-00501,CUST-00717,2022-07-11,Delivered,Debit Card,Kitchen,LUNCH BAG SUKI DESIGN,4,1.34,UK,2022-07-11
ORD-00502,CUST-00167,2023-09-08,Delivered,PayPal,Stationery,PAPER CHAIN KIT 50'S CHRISTMAS,3,1.56,UK,2023-09-08
ORD-00503,CUST-00224,2022-09-04,Delivered,PayPal,Stationery,"PAPER CRAFT , BABY GIRL",1,2.96,EU,2022-09-04
ORD-00504,CUST-00289,2023-05-21,Shipped,Credit Card,Clothing,MINI PAINT SET VINTAGE,1,2.71,EU,2023-05-21
ORD-00505,CUST-00635,2024-02-22,Delivered,Bank Transfer,Clothing,MINI PAINT SET VINTAGE,6,2.73,UK,2024-02-22
ORD-00506,CUST-00013,2024-02-29,Cancelled,PayPal,Clothing,FELTCRAFT PETAL BAG,4,5.92,UK,2024-02-29
ORD-00507,CUST-00715,2023-08-06,Shipped,PayPal,Clothing,WOOLLY HOPPIE WHITE HEART,3,4.45,EU,2023-08-06
ORD-00508,CUST-00462,2023-05-27,Shipped,Bank Transfer,Garden,PLANT POT HOLDER,4,3.08,UK,2023-05-27
ORD-00509,CUST-00321,2023-08-25,Shipped,PayPal,Toys,FELTCRAFT PRINCESS CHARLOTTE DOLL,48,8.57,UK,2023-08-25
ORD-00510,CUST-00420,2024-03-26,Delivered,Bank Transfer,Stationery,GREETING CARD SAFARI,12,1.25,UK,2024-03-26
ORD-00511,CUST-00475,2024-02-08,Shipped,Credit Card,Stationery,GREETING CARD SAFARI,2,1.18,EU,2024-02-08
ORD-00512,CUST-00895,2024-06-10,Delivered,Bank Transfer,Kitchen,LUNCH BAG WITH BLACK CAT,6,1.47,EU,2024-06-10
ORD-00513,CUST-00375,2024-07-16,Shipped,Apple Pay,Home Decor,WHITE HANGING HEART T-LIGHT HOLDER,2,3.38,EU,2024-07-16
ORD-00514,CUST-00969,2023-04-29,Pending,PayPal,Home Decor,JUMBO BAG VINTAGE LEAF,1,4.48,UK,2023-04-29
ORD-00515,CUST-00203,2024-04-29,Refunded,Apple Pay,Home Decor,HAND WARMER UNION JACK FLG,2,3.21,UK,2024-04-29
ORD-00516,CUST-00285,2023-05-27,Delivered,Debit Card,Home Decor,SET OF 6 SKULLS GIFT BAGS,1,1.35,UK,2023-05-27
ORD-00517,CUST-00500,2022-03-10,Refunded,Bank Transfer,Jewelry,REGENCY TEACUP AND SAUCER,1,4.46,EU,2022-03-10
ORD-00518,CUST-00623,2023-05-22,Delivered,Bank Transfer,Bathroom,DOORMAT ENGLAND,1,5.23,UK,2023-05-22
ORD-00519,CUST-00503,2022-12-13,Delivered,Apple Pay,Home Decor,WHITE HANGING HEART T-LIGHT HOLDER,48,3.21,UK,2022-12-13
ORD-00520,CUST-00440,2022-10-16,Shipped,PayPal,Jewelry,HEART OF WICKER LARGE,1,4.65,UK,2022-10-16
ORD-00521,CUST-00827,2024-09-20,Delivered,Credit Card,Clothing,WORLD WAR 2 GLIDERS ASSTD DESIGNS,12,2.98,UK,2024-09-20
ORD-00522,CUST-00458,2022-12-01,Delivered,PayPal,Garden,WATERING CAN PINK,2,5.73,EU,2022-12-01
ORD-00523,CUST-00650,2023-08-15,Delivered,Debit Card,Toys,WOODEN STAR CHRISTMAS SCANDI,6,2.08,EU,2023-08-15
ORD-00524,CUST-00924,2023-08-10,Refunded,Debit Card,Kitchen,LUNCH BAG WITH BLACK CAT,48,1.64,EU,2023-08-10
ORD-00525,CUST-00726,2022-09-13,Delivered,Bank Transfer,Jewelry,PACK OF 6 SKULL PAPER PLATES,3,1.43,EU,2022-09-13
ORD-00526,CUST-00912,2023-01-29,Delivered,Apple Pay,Home Decor,HAND WARMER UNION JACK FLG,2,3.95,UK,2023-01-29
ORD-00527,CUST-00330,2024-07-11,Delivered,PayPal,Kitchen,JUMBO SHOPPER VINTAGE RED PAISLEY,3,7.22,UK,2024-07-11
ORD-00528,CUST-00069,2024-02-28,Shipped,Debit Card,Stationery,"PAPER CRAFT , BABY BOY",2,2.83,UK,2024-02-28
ORD-00529,CUST-00373,2022-01-04,Shipped,Apple Pay,Kitchen,JUMBO BAG RED RETROSPOT,2,4.79,UK,2022-01-04
ORD-00530,CUST-00495,2022-11-24,Delivered,PayPal,Toys,FELTCRAFT BUTTERFLY PURSE,1,5.84,EU,2022-11-24
ORD-00531,CUST-00620,2022-07-12,Refunded,Apple Pay,Toys,FELTCRAFT PRINCESS CHARLOTTE DOLL,1,10.23,UK,2022-07-12
ORD-00532,CUST-00620,2024-06-25,Shipped,Apple Pay,Kitchen,LUNCH BAG SUKI DESIGN,1,1.33,UK,2024-06-25
ORD-00533,CUST-00290,2024-04-18,Delivered,PayPal,Bathroom,BATH BUILDING BLOCK WORD,6,6.11,UK,2024-04-18
ORD-00534,CUST-00268,2023-10-30,Delivered,Bank Transfer,Home Decor,SET OF 3 BUTTERFLY COOKIE CUTTERS,1,1.77,EU,2023-10-30
ORD-00535,CUST-00081,2022-06-01,Delivered,Bank Transfer,Garden,WATERING CAN PINK,2,6.98,UK,2022-06-01
ORD-00536,CUST-00569,2022-04-21,Cancelled,Bank Transfer,Home Decor,REGENCY CAKESTAND 3 TIER,3,14.38,UK,2022-04-21
ORD-00537,CUST-00283,2022-06-16,Delivered,PayPal,Home Decor,ROSES REGENCY TEACUP AND SAUCER,4,3.89,EU,2022-06-16
ORD-00538,CUST-00980,2023-07-20,Delivered,Debit Card,Home Decor,HAND WARMER UNION JACK FLG,1,3.93,UK,2023-07-20
ORD-00539,CUST-00323,2023-03-21,Delivered,Bank Transfer,Clothing,FELTCRAFT DOLL MEGGY,2,8.12,EU,2023-03-21
ORD-00540,CUST-00183,2023-10-22,Shipped,Apple Pay,Garden,GARDENERS KNEELER DESK,3,8.97,UK,2023-10-22
ORD-00541,CUST-00775,2024-01-11,Delivered,Debit Card,Jewelry,PACK OF 6 SKULL PAPER CUPS,1,1.32,UK,2024-01-11
ORD-00542,CUST-00509,2022-04-15,Delivered,Debit Card,Kitchen,JUMBO BAG STRAWBERRY,24,4.66,EU,2022-04-15
ORD-00543,CUST-00095,2022-03-25,Delivered,Credit Card,Clothing,MINI PAINT SET VINTAGE,2,2.97,UK,2022-03-25
ORD-00544,CUST-00505,2023-10-20,Delivered,Debit Card,Stationery,PAPER CHAIN KIT 50'S CHRISTMAS,3,1.53,UK,2023-10-20
ORD-00545,CUST-00562,2022-04-29,Delivered,PayPal,Kitchen,JUMBO SHOPPER VINTAGE RED PAISLEY,6,7.19,EU,2022-04-29
ORD-00546,CUST-00233,2022-01-25,Pending,Debit Card,Bathroom,BATH BUILDING BLOCK WORD,1,6.58,UK,2022-01-25
ORD-00547,CUST-00491,2024-08-30,Shipped,Debit Card,Home Decor,HAND WARMER RED POLKA DOT,1,3.82,EU,2024-08-30
ORD-00548,CUST-00513,2023-11-18,Shipped,Apple Pay,Garden,GARDENERS KNEELER DESK,2,8.96,UK,2023-11-18
ORD-00549,CUST-00784,2023-12-15,Delivered,Credit Card,Bathroom,DOORMAT ENGLAND,2,5.45,EU,2023-12-15
ORD-00550,CUST-00042,2023-08-20,Delivered,PayPal,Home Decor,ROSES REGENCY TEACUP AND SAUCER,3,3.61,EU,2023-08-20
ORD-00551,CUST-00719,2024-07-09,Delivered,Bank Transfer,Kitchen,JUMBO SHOPPER VINTAGE RED PAISLEY,3,7.02,EU,2024-07-09
ORD-00552,CUST-00218,2024-02-02,Delivered,PayPal,Kitchen,LUNCH BOX WITH CUTLERY,3,4.40,UK,2024-02-02
ORD-00553,CUST-00570,2022-07-26,Delivered,PayPal,Garden,WATERING CAN PINK,3,5.64,UK,2022-07-26
ORD-00554,CUST-00343,2022-05-03,Delivered,Bank Transfer,Home Decor,ROSES REGENCY TEACUP AND SAUCER,2,3.67,UK,2022-05-03
ORD-00555,CUST-00030,2023-06-09,Delivered,Debit Card,Stationery,"PAPER CRAFT , BABY BOY",3,3.23,UK,2023-06-09
ORD-00556,CUST-00190,2024-01-31,Cancelled,Debit Card,Kitchen,LUNCH BAG SUKI DESIGN,1,1.66,EU,2024-01-31
ORD-00557,CUST-00205,2024-05-02,Delivered,Debit Card,Clothing,MINI PAINT SET VINTAGE,3,3.32,EU,2024-05-02
ORD-00558,CUST-00908,2022-02-25,Delivered,Debit Card,Jewelry,PACK OF 6 SKULL PAPER PLATES,6,1.26,EU,2022-02-25
ORD-00559,CUST-00581,2022-01-13,Shipped,Debit Card,Bathroom,BATH BOMB FIZZER SHEA BUTTER,1,1.32,EU,2022-01-13
ORD-00560,CUST-00882,2023-02-02,Delivered,Bank Transfer,Garden,GARDEN TOOL SET 3PC,1,15.33,EU,2023-02-02
ORD-00561,CUST-00401,2023-05-07,Delivered,PayPal,Jewelry,HEART OF WICKER SMALL,6,2.29,EU,2023-05-07
ORD-00562,CUST-00815,2023-09-24,Pending,Credit Card,Jewelry,REGENCY TEACUP AND SAUCER,12,3.65,EU,2023-09-24
ORD-00563,CUST-00874,2024-08-27,Shipped,Credit Card,Home Decor,HAND WARMER UNION JACK FLG,3,3.92,UK,2024-08-27
ORD-00564,CUST-00311,2022-06-13,Pending,PayPal,Stationery,"PAPER CRAFT , BABY BOY",2,3.16,EU,2022-06-13
ORD-00565,CUST-00221,2024-06-16,Shipped,PayPal,Jewelry,BLACK SKULL GIFT BAG,1,1.49,EU,2024-06-16
ORD-00566,CUST-00428,2024-07-09,Pending,Debit Card,Jewelry,BLACK SKULL GIFT BAG,1,1.64,UK,2024-07-09
ORD-00567,CUST-00270,2024-03-30,Cancelled,Credit Card,Stationery,GREETING CARD SAFARI,24,1.46,EU,2024-03-30
ORD-00568,CUST-00942,2022-02-01,Delivered,Bank Transfer,Jewelry,WHITE SKULL GIFT BAG,4,1.60,UK,2022-02-01
ORD-00569,CUST-00179,2023-04-12,Delivered,Apple Pay,Home Decor,WHITE HANGING HEART T-LIGHT HOLDER,1,3.30,EU,2023-04-12
ORD-00570,CUST-00712,2023-07-31,Delivered,Debit Card,Toys,FELTCRAFT BUTTERFLY PURSE,1,5.40,UK,2023-07-31
ORD-00571,CUST-00221,2022-02-08,Delivered,Bank Transfer,Kitchen,JUMBO BAG STRAWBERRY,2,5.02,EU,2022-02-08
ORD-00572,CUST-00423,2022-02-15,Delivered,PayPal,Home Decor,JUMBO BAG VINTAGE LEAF,48,5.31,EU,2022-02-15
ORD-00573,CUST-00727,2022-10-01,Pending,PayPal,Bathroom,DOORMAT ENGLAND,4,4.76,UK,2022-10-01
ORD-00574,CUST-00987,2022-01-02,Refunded,Credit Card,Home Decor,ROSES REGENCY TEACUP AND SAUCER,1,3.88,UK,2022-01-02
ORD-00575,CUST-00895,2024-09-01,Delivered,Debit Card,Jewelry,PACK OF 6 SKULL PAPER CUPS,12,1.29,EU,2024-09-01
ORD-00576,CUST-00733,2023-09-05,Shipped,Bank Transfer,Clothing,FELTCRAFT PETAL BAG,1,6.00,EU,2023-09-05
ORD-00577,CUST-00558,2024-01-14,Delivered,Debit Card,Home Decor,REGENCY CAKESTAND 3 TIER,2,14.92,UK,2024-01-14
ORD-00578,CUST-00329,2023-08-18,Delivered,Bank Transfer,Clothing,FELTCRAFT PETAL BAG,3,6.08,UK,2023-08-18
ORD-00579,CUST-00356,2024-06-29,Delivered,Apple Pay,Bathroom,DOORMAT ENGLAND,1,5.45,UK,2024-06-29
ORD-00580,CUST-00418,2022-09-17,Delivered,PayPal,Garden,WATERING CAN PINK,48,5.51,UK,2022-09-17
ORD-00581,CUST-00947,2023-07-07,Delivered,Debit Card,Garden,PLANT POT HOLDER,3,3.05,UK,2023-07-07
ORD-00582,CUST-00912,2023-10-03,Pending,PayPal,Home Decor,HAND WARMER RED POLKA DOT,2,3.98,UK,2023-10-03
ORD-00583,CUST-00554,2024-03-28,Delivered,Debit Card,Jewelry,WHITE SKULL GIFT BAG,12,1.37,UK,2024-03-28
ORD-00584,CUST-00845,2024-06-20,Pending,Apple Pay,Clothing,WORLD WAR 2 GLIDERS ASSTD DESIGNS,2,3.38,EU,2024-06-20
ORD-00585,CUST-00558,2022-09-18,Cancelled,Debit Card,Home Decor,HAND WARMER RED POLKA DOT,3,3.64,UK,2022-09-18
ORD-00586,CUST-00758,2023-05-16,Pending,PayPal,Home Decor,SET OF 6 SKULLS GIFT BAGS,4,1.42,EU,2023-05-16
ORD-00587,CUST-00562,2022-08-13,Delivered,Bank Transfer,Stationery,PAPER CHAIN KIT 50'S CHRISTMAS,3,1.66,EU,2022-08-13
ORD-00588,CUST-00705,2023-10-22,Delivered,Debit Card,Clothing,MINI PAINT SET VINTAGE,48,2.85,UK,2023-10-22
ORD-00589,CUST-00734,2024-03-30,Pending,Debit Card,Home Decor,WHITE HANGING HEART T-LIGHT HOLDER,12,3.51,UK,2024-03-30
ORD-00590,CUST-00938,2024-02-13,Delivered,Debit Card,Kitchen,JUMBO BAG STRAWBERRY,4,4.91,UK,2024-02-13
ORD-00591,CUST-00555,2022-01-25,Pending,PayPal,Jewelry,WHITE SKULL GIFT BAG,1,1.66,UK,2022-01-25
ORD-00592,CUST-00124,2022-03-15,Pending,Bank Transfer,Home Decor,SET OF 3 BUTTERFLY COOKIE CUTTERS,1,2.21,UK,2022-03-15
ORD-00593,CUST-00974,2023-02-17,Pending,Apple Pay,Kitchen,LUNCH BAG SUKI DESIGN,2,1.46,EU,2023-02-17
ORD-00594,CUST-00308,2023-03-15,Delivered,Bank Transfer,Garden,GARDEN TOOL SET 3PC,2,12.46,UK,2023-03-15
ORD-00595,CUST-00651,2024-09-27,Pending,PayPal,Jewelry,HEART OF WICKER LARGE,3,5.46,UK,2024-09-27
ORD-00596,CUST-00360,2024-03-27,Shipped,Apple Pay,Home Decor,HAND WARMER UNION JACK FLG,1,3.53,UK,2024-03-27
ORD-00597,CUST-00789,2024-06-20,Shipped,Bank Transfer,Kitchen,LUNCH BAG RED RETROSPOT,2,1.56,UK,2024-06-20
ORD-00598,CUST-00028,2024-07-16,Pending,PayPal,Garden,BIRD HOUSE WOODLAND,1,10.41,UK,2024-07-16
ORD-00599,CUST-00557,2024-01-03,Delivered,Credit Card,Kitchen,JUMBO SHOPPER VINTAGE RED PAISLEY,1,7.77,EU,2024-01-03
ORD-00600,CUST-00466,2023-04-26,Pending,PayPal,Garden,BIRD HOUSE WOODLAND,4,9.68,UK,2023-04-26
ORD-00601,CUST-00566,2023-02-25,Pending,Debit Card,Clothing,FELTCRAFT CUSHION FLOWER,12,9.60,EU,2023-02-25
ORD-00602,CUST-00608,2023-04-01,Pending,Debit Card,Clothing,WOOLLY HOPPIE WHITE HEART,6,4.43,UK,2023-04-01
ORD-00603,CUST-00475,2024-08-05,Delivered,Credit Card,Bathroom,DOORMAT UNION JACK,4,5.03,EU,2024-08-05
ORD-00604,CUST-00260,2022-06-28,Cancelled,PayPal,Jewelry,PACK OF 6 SKULL PAPER PLATES,1,1.32,EU,2022-06-28
ORD-00605,CUST-00875,2023-03-13,Pending,Debit Card,Home Decor,REGENCY CAKESTAND 3 TIER,1,13.77,UK,2023-03-13
ORD-00606,CUST-00992,2022-01-06,Shipped,Debit Card,Kitchen,JUMBO BAG STRAWBERRY,1,5.18,UK,2022-01-06
ORD-00607,CUST-00792,2022-12-15,Delivered,Apple Pay,Garden,BIRD HOUSE WOODLAND,1,9.50,EU,2022-12-15
ORD-00608,CUST-00866,2023-12-19,Cancelled,Credit Card,Toys,WOODEN HEART CHRISTMAS SCANDI,1,2.02,UK,2023-12-19
ORD-00609,CUST-00104,2024-08-27,Delivered,Credit Card,Home Decor,REGENCY CAKESTAND 3 TIER,1,14.31,UK,2024-08-27
ORD-00610,CUST-00449,2022-01-22,Delivered,PayPal,Toys,WOODEN HEART CHRISTMAS SCANDI,2,2.16,EU,2022-01-22
ORD-00611,CUST-00651,2022-10-13,Delivered,Bank Transfer,Toys,FELTCRAFT PRINCESS CHARLOTTE DOLL,1,9.33,UK,2022-10-13
ORD-00612,CUST-00069,2023-11-12,Shipped,Bank Transfer,Kitchen,JUMBO BAG STRAWBERRY,1,5.76,UK,2023-11-12
ORD-00613,CUST-00520,2022-05-04,Pending,Credit Card,Bathroom,BATH BUILDING BLOCK WORD,24,6.92,UK,2022-05-04
ORD-00614,CUST-00585,2023-07-14,Shipped,PayPal,Home Decor,JUMBO BAG VINTAGE LEAF,4,5.12,UK,2023-07-14
ORD-00615,CUST-00490,2023-08-20,Delivered,Apple Pay,Kitchen,JUMBO BAG STRAWBERRY,48,5.43,UK,2023-08-20
ORD-00616,CUST-00041,2024-02-04,Delivered,Credit Card,Home Decor,SET OF 6 SKULLS GIFT BAGS,1,1.24,EU,2024-02-04
ORD-00617,CUST-00381,2023-06-22,Delivered,Apple Pay,Kitchen,JUMBO BAG RED RETROSPOT,3,4.47,UK,2023-06-22
ORD-00618,CUST-00544,2022-11-24,Cancelled,Bank Transfer,Home Decor,WHITE HANGING HEART T-LIGHT HOLDER,2,3.37,EU,2022-11-24
ORD-00619,CUST-00821,2023-05-06,Shipped,Debit Card,Home Decor,SET OF 3 BUTTERFLY COOKIE CUTTERS,1,2.03,UK,2023-05-06
ORD-00620,CUST-00398,2024-04-03,Pending,Debit Card,Toys,FELTCRAFT BUTTERFLY PURSE,3,6.32,UK,2024-04-03
ORD-00621,CUST-00879,2023-05-05,Delivered,Credit Card,Toys,VINTAGE CHRISTMAS PAPER GIFT BAG,1,1.64,EU,2023-05-05
ORD-00622,CUST-00580,2024-05-09,Delivered,Debit Card,Home Decor,REGENCY CAKESTAND 3 TIER,1,14.36,UK,2024-05-09
ORD-00623,CUST-00848,2022-02-13,Delivered,Bank Transfer,Bathroom,BATH BOMB FIZZER SHEA BUTTER,2,1.63,UK,2022-02-13
ORD-00624,CUST-00029,2023-02-05,Delivered,Debit Card,Home Decor,ROSES REGENCY TEACUP AND SAUCER,4,4.42,UK,2023-02-05
ORD-00625,CUST-00767,2023-06-06,Delivered,Debit Card,Kitchen,LUNCH BAG WITH BLACK CAT,2,1.72,EU,2023-06-06
ORD-00626,CUST-00248,2022-03-18,Delivered,Credit Card,Jewelry,HEART OF WICKER SMALL,3,2.05,UK,2022-03-18
ORD-00627,CUST-00428,2024-03-06,Pending,Credit Card,Kitchen,JUMBO BAG STRAWBERRY,3,5.50,UK,2024-03-06
ORD-00628,CUST-00379,2024-04-06,Refunded,PayPal,Bathroom,DOORMAT UNION JACK,2,5.14,UK,2024-04-06
ORD-00629,CUST-00311,2024-05-25,Cancelled,Apple Pay,Toys,FELTCRAFT PRINCESS CHARLOTTE DOLL,3,10.52,EU,2024-05-25
ORD-00630,CUST-00500,2023-08-27,Delivered,Apple Pay,Garden,BIRD HOUSE WOODLAND,6,11.46,EU,2023-08-27
ORD-00631,CUST-00614,2022-12-12,Pending,Bank Transfer,Jewelry,REGENCY TEACUP AND SAUCER,6,3.53,UK,2022-12-12
ORD-00632,CUST-00999,2022-03-06,Shipped,PayPal,Garden,GARDEN TOOL SET 3PC,3,14.05,EU,2022-03-06
ORD-00633,CUST-00957,2022-08-22,Shipped,PayPal,Bathroom,DOORMAT UNION JACK,12,5.34,UK,2022-08-22
ORD-00634,CUST-00929,2022-11-10,Shipped,PayPal,Bathroom,BATH BUILDING BLOCK WORD,3,5.98,UK,2022-11-10
ORD-00635,CUST-00531,2023-03-11,Delivered,Debit Card,Clothing,WOOLLY HOPPIE WHITE HEART,2,3.67,EU,2023-03-11
ORD-00636,CUST-00787,2024-02-28,Delivered,Debit Card,Jewelry,HEART OF WICKER LARGE,12,4.66,EU,2024-02-28
ORD-00637,CUST-00704,2022-11-25,Shipped,Bank Transfer,Clothing,WOOLLY HOPPIE WHITE HEART,2,3.99,UK,2022-11-25
ORD-00638,CUST-00596,2024-06-16,Shipped,Debit Card,Toys,FELTCRAFT GIRL AMELIE KIT,1,10.00,EU,2024-06-16
ORD-00639,CUST-00211,2022-07-07,Delivered,Bank Transfer,Jewelry,HEART OF WICKER SMALL,6,2.24,EU,2022-07-07
ORD-00640,CUST-00384,2024-08-12,Delivered,Apple Pay,Bathroom,BATH BUILDING BLOCK WORD,2,6.63,UK,2024-08-12
ORD-00641,CUST-00350,2022-05-08,Refunded,Apple Pay,Kitchen,LUNCH BOX WITH CUTLERY,1,3.46,UK,2022-05-08
ORD-00642,CUST-00403,2022-09-18,Cancelled,Bank Transfer,Home Decor,WHITE HANGING HEART T-LIGHT HOLDER,1,3.37,EU,2022-09-18
ORD-00643,CUST-00958,2023-08-05,Delivered,PayPal,Toys,FELTCRAFT BUTTERFLY PURSE,3,5.85,EU,2023-08-05
ORD-00644,CUST-00053,2022-04-21,Delivered,Bank Transfer,Stationery,"PAPER CRAFT , BABY GIRL",3,3.09,EU,2022-04-21
ORD-00645,CUST-00321,2024-02-18,Delivered,Credit Card,Kitchen,LUNCH BAG SUKI DESIGN,1,1.36,UK,2024-02-18
ORD-00646,CUST-00043,2022-10-02,Pending,Credit Card,Kitchen,JUMBO BAG STRAWBERRY,1,5.27,EU,2022-10-02
ORD-00647,CUST-00948,2024-07-01,Delivered,Credit Card,Clothing,FELTCRAFT PETAL BAG,4,5.72,EU,2024-07-01
ORD-00648,CUST-00011,2022-10-11,Shipped,Debit Card,Kitchen,LUNCH BAG SUKI DESIGN,2,1.58,UK,2022-10-11
ORD-00649,CUST-00237,2022-10-01,Cancelled,PayPal,Home Decor,SET OF 6 SKULLS GIFT BAGS,3,1.34,UK,2022-10-01
ORD-00650,CUST-00861,2022-11-21,Delivered,Debit Card,Bathroom,BATH BUILDING BLOCK WORD,1,6.34,UK,2022-11-21
ORD-00651,CUST-00826,2024-09-04,Shipped,Apple Pay,Garden,BIRD HOUSE WOODLAND,1,10.79,EU,2024-09-04
ORD-00652,CUST-00759,2023-05-13,Pending,Debit Card,Jewelry,HEART OF WICKER LARGE,48,4.86,UK,2023-05-13
ORD-00653,CUST-00866,2022-06-19,Delivered,Debit Card,Stationery,PAPER CHAIN KIT VINTAGE CHRISTMAS,1,1.50,UK,2022-06-19
ORD-00654,CUST-00287,2023-03-22,Delivered,Apple Pay,Kitchen,LUNCH BAG RED RETROSPOT,1,1.60,UK,2023-03-22
ORD-00655,CUST-00870,2024-05-17,Pending,Bank Transfer,Garden,BIRD HOUSE WOODLAND,2,9.65,UK,2024-05-17
ORD-00656,CUST-00454,2023-09-22,Delivered,Credit Card,Kitchen,LUNCH BOX WITH CUTLERY,4,3.81,EU,2023-09-22
ORD-00657,CUST-00555,2023-05-19,Delivered,Apple Pay,Clothing,MINI PAINT SET VINTAGE,1,3.44,UK,2023-05-19
ORD-00658,CUST-00351,2023-02-02,Delivered,Apple Pay,Garden,GARDENERS KNEELER DESK,1,8.37,EU,2023-02-02
ORD-00659,CUST-00211,2024-05-07,Delivered,Bank Transfer,Garden,WATERING CAN PINK,1,5.49,EU,2024-05-07
ORD-00660,CUST-00173,2023-02-19,Shipped,PayPal,Stationery,PAPER CHAIN KIT 50'S CHRISTMAS,1,1.44,UK,2023-02-19
ORD-00661,CUST-00921,2024-09-10,Pending,Apple Pay,Home Decor,SET OF 6 SKULLS GIFT BAGS,2,1.45,UK,2024-09-10
ORD-00662,CUST-00250,2024-03-30,Pending,Apple Pay,Jewelry,BLACK SKULL GIFT BAG,4,1.50,UK,2024-03-30
ORD-00663,CUST-00354,2024-01-12,Delivered,Bank Transfer,Garden,WATERING CAN PINK,2,6.23,EU,2024-01-12
ORD-00664,CUST-00092,2023-01-11,Cancelled,PayPal,Stationery,"PAPER CRAFT , BABY GIRL",1,2.86,UK,2023-01-11
ORD-00665,CUST-00491,2023-10-23,Delivered,Apple Pay,Home Decor,REGENCY CAKESTAND 3 TIER,1,14.74,EU,2023-10-23
ORD-00666,CUST-00830,2023-01-09,Pending,Debit Card,Home Decor,ROSES REGENCY TEACUP AND SAUCER,12,4.48,UK,2023-01-09
ORD-00667,CUST-00093,2023-12-14,Delivered,PayPal,Clothing,FELTCRAFT CUSHION FLOWER,24,9.23,EU,2023-12-14
ORD-00668,CUST-00082,2022-10-28,Pending,Bank Transfer,Toys,FELTCRAFT GIRL AMELIE KIT,24,9.27,UK,2022-10-28
ORD-00669,CUST-00286,2023-06-18,Pending,Credit Card,Home Decor,JUMBO BAG VINTAGE LEAF,1,4.92,EU,2023-06-18
ORD-00670,CUST-00636,2024-06-11,Refunded,Debit Card,Kitchen,JUMBO BAG RED RETROSPOT,3,5.62,EU,2024-06-11
ORD-00671,CUST-00296,2022-06-21,Shipped,Debit Card,Toys,FELTCRAFT BUTTERFLY PURSE,2,6.11,EU,2022-06-21
ORD-00672,CUST-00618,2022-10-03,Delivered,Debit Card,Clothing,FELTCRAFT CUSHION FLOWER,1,11.26,UK,2022-10-03
ORD-00673,CUST-00547,2023-01-13,Delivered,Debit Card,Kitchen,LUNCH BAG SUKI DESIGN,6,1.55,UK,2023-01-13
ORD-00674,CUST-00547,2024-05-25,Shipped,PayPal,Home Decor,JUMBO BAG VINTAGE LEAF,1,4.47,UK,2024-05-25
ORD-00675,CUST-00526,2023-02-08,Pending,Credit Card,Home Decor,HAND WARMER UNION JACK FLG,3,3.96,UK,2023-02-08
ORD-00676,CUST-00481,2023-09-16,Delivered,Apple Pay,Kitchen,LUNCH BOX WITH CUTLERY,12,3.65,EU,2023-09-16
ORD-00677,CUST-00802,2023-12-29,Pending,Debit Card,Bathroom,DOORMAT UNION JACK,2,5.13,UK,2023-12-29
ORD-00678,CUST-00166,2023-01-22,Pending,PayPal,Jewelry,WHITE SKULL GIFT BAG,3,1.32,EU,2023-01-22
ORD-00679,CUST-00472,2023-02-09,Delivered,Bank Transfer,Toys,FELTCRAFT GIRL AMELIE KIT,6,9.87,EU,2023-02-09
ORD-00680,CUST-00911,2023-06-17,Shipped,Apple Pay,Toys,FELTCRAFT GIRL AMELIE KIT,2,9.79,EU,2023-06-17
ORD-00681,CUST-00592,2022-09-15,Delivered,Bank Transfer,Clothing,FELTCRAFT CUSHION FLOWER,12,10.16,EU,2022-09-15
ORD-00682,CUST-00171,2022-02-07,Shipped,Apple Pay,Toys,VINTAGE CHRISTMAS PAPER GIFT BAG,12,1.36,EU,2022-02-07
ORD-00683,CUST-00377,2023-01-27,Shipped,PayPal,Bathroom,DOORMAT SPOTTY,1,5.80,UK,2023-01-27
ORD-00684,CUST-00025,2022-08-09,Delivered,Debit Card,Garden,GARDENERS KNEELER DESK,2,8.94,EU,2022-08-09
ORD-00685,CUST-00461,2023-10-27,Delivered,Bank Transfer,Jewelry,PACK OF 6 SKULL PAPER PLATES,6,1.41,UK,2023-10-27
ORD-00686,CUST-00251,2023-03-26,Shipped,Bank Transfer,Kitchen,LUNCH BOX WITH CUTLERY,1,3.63,UK,2023-03-26
ORD-00687,CUST-00478,2023-04-20,Pending,Credit Card,Clothing,FELTCRAFT CUSHION FLOWER,2,11.59,EU,2023-04-20
ORD-00688,CUST-00252,2022-10-30,Shipped,PayPal,Kitchen,LUNCH BOX WITH CUTLERY,12,4.41,EU,2022-10-30
ORD-00689,CUST-00477,2022-03-21,Delivered,PayPal,Garden,BIRD HOUSE WOODLAND,12,11.56,UK,2022-03-21
ORD-00690,CUST-00841,2024-06-08,Delivered,Credit Card,Toys,VINTAGE CHRISTMAS PAPER GIFT BAG,3,1.32,UK,2024-06-08
ORD-00691,CUST-00361,2022-06-19,Pending,Credit Card,Garden,GARDEN TOOL SET 3PC,1,15.24,EU,2022-06-19
ORD-00692,CUST-00150,2022-01-26,Delivered,Apple Pay,Clothing,FELTCRAFT PETAL BAG,4,5.84,UK,2022-01-26
ORD-00693,CUST-00381,2023-09-20,Delivered,Apple Pay,Home Decor,HAND WARMER UNION JACK FLG,2,3.39,UK,2023-09-20
ORD-00694,CUST-00335,2023-08-23,Pending,Bank Transfer,Bathroom,DOORMAT ENGLAND,2,5.64,UK,2023-08-23
ORD-00695,CUST-00777,2023-11-14,Delivered,Apple Pay,Toys,WOODEN HEART CHRISTMAS SCANDI,2,2.06,EU,2023-11-14
ORD-00696,CUST-00519,2024-04-24,Shipped,Bank Transfer,Kitchen,JUMBO BAG STRAWBERRY,48,4.68,UK,2024-04-24
ORD-00697,CUST-00750,2024-02-20,Cancelled,Credit Card,Clothing,FELTCRAFT DOLL MEGGY,3,8.44,EU,2024-02-20
ORD-00698,CUST-00632,2022-02-15,Shipped,Debit Card,Garden,BIRD HOUSE WOODLAND,1,9.61,UK,2022-02-15
ORD-00699,CUST-00200,2024-04-25,Delivered,Bank Transfer,Stationery,PAPER CHAIN KIT VINTAGE CHRISTMAS,3,1.49,UK,2024-04-25
ORD-00700,CUST-00561,2022-01-01,Refunded,Debit Card,Jewelry,PACK OF 6 SKULL PAPER CUPS,1,1.47,UK,2022-01-01
ORD-00701,CUST-00880,2022-03-09,Shipped,Debit Card,Home Decor,HAND WARMER RED POLKA DOT,1,3.54,EU,2022-03-09
ORD-00702,CUST-00948,2023-04-16,Delivered,PayPal,Clothing,WOOLLY HOPPIE WHITE HEART,2,3.46,EU,2023-04-16
ORD-00703,CUST-00632,2024-09-05,Refunded,Apple Pay,Clothing,FELTCRAFT DOLL MEGGY,48,10.34,UK,2024-09-05
ORD-00704,CUST-00572,2022-12-05,Delivered,PayPal,Toys,FELTCRAFT BUTTERFLY PURSE,12,6.81,UK,2022-12-05
ORD-00705,CUST-00540,2023-08-27,Delivered,PayPal,Kitchen,LUNCH BOX WITH CUTLERY,4,4.31,UK,2023-08-27
ORD-00706,CUST-00826,2024-04-14,Pending,Bank Transfer,Jewelry,HEART OF WICKER SMALL,6,1.90,EU,2024-04-14
ORD-00707,CUST-00279,2024-09-23,Delivered,Bank Transfer,Garden,GARDEN TOOL SET 3PC,24,12.82,UK,2024-09-23
ORD-00708,CUST-00053,2022-04-20,Delivered,Apple Pay,Jewelry,PACK OF 6 SKULL PAPER PLATES,2,1.45,EU,2022-04-20
ORD-00709,CUST-00229,2024-07-15,Shipped,Credit Card,Home Decor,SET OF 6 SKULLS GIFT BAGS,12,1.22,UK,2024-07-15
ORD-00710,CUST-00715,2023-02-14,Delivered,PayPal,Toys,FELTCRAFT PRINCESS CHARLOTTE DOLL,3,9.16,EU,2023-02-14
ORD-00711,CUST-00307,2024-08-29,Cancelled,Credit Card,Kitchen,JUMBO SHOPPER VINTAGE RED PAISLEY,1,7.55,UK,2024-08-29
ORD-00712,CUST-00794,2023-02-20,Delivered,Debit Card,Garden,GARDENERS KNEELER DESK,24,7.29,UK,2023-02-20
ORD-00713,CUST-00425,2023-01-15,Pending,Debit Card,Toys,WOODEN STAR CHRISTMAS SCANDI,48,1.95,EU,2023-01-15
ORD-00714,CUST-00499,2022-08-08,Delivered,Debit Card,Toys,WOODEN HEART CHRISTMAS SCANDI,24,1.99,UK,2022-08-08
ORD-00715,CUST-00294,2022-06-13,Delivered,Apple Pay,Bathroom,BATH BUILDING BLOCK WORD,3,5.65,EU,2022-06-13
ORD-00716,CUST-00386,2024-01-26,Pending,Apple Pay,Kitchen,JUMBO SHOPPER VINTAGE RED PAISLEY,1,6.43,EU,2024-01-26
ORD-00717,CUST-00439,2024-03-23,Delivered,Debit Card,Toys,WOODEN HEART CHRISTMAS SCANDI,12,2.30,UK,2024-03-23
ORD-00718,CUST-00053,2022-10-26,Refunded,PayPal,Home Decor,WHITE HANGING HEART T-LIGHT HOLDER,2,2.68,EU,2022-10-26
ORD-00719,CUST-00696,2023-11-14,Delivered,Credit Card,Clothing,WOOLLY HOPPIE WHITE HEART,24,4.16,UK,2023-11-14
ORD-00720,CUST-00170,2023-08-20,Pending,Credit Card,Bathroom,DOORMAT SPOTTY,2,4.51,UK,2023-08-20
ORD-00721,CUST-00630,2022-06-24,Delivered,Bank Transfer,Home Decor,WHITE HANGING HEART T-LIGHT HOLDER,6,2.83,EU,2022-06-24
ORD-00722,CUST-00111,2023-06-23,Pending,Apple Pay,Bathroom,DOORMAT UNION JACK,3,5.37,UK,2023-06-23
ORD-00723,CUST-00292,2022-09-24,Shipped,Apple Pay,Kitchen,LUNCH BAG WITH BLACK CAT,1,1.57,EU,2022-09-24
ORD-00724,CUST-00099,2022-02-02,Shipped,PayPal,Toys,WOODEN HEART CHRISTMAS SCANDI,3,2.16,UK,2022-02-02
ORD-00725,CUST-00681,2023-01-03,Refunded,PayPal,Home Decor,REGENCY CAKESTAND 3 TIER,4,14.57,UK,2023-01-03
ORD-00726,CUST-00301,2024-04-06,Cancelled,PayPal,Jewelry,BLACK SKULL GIFT BAG,4,1.48,EU,2024-04-06
ORD-00727,CUST-00683,2023-12-22,Shipped,Credit Card,Garden,GARDENERS KNEELER DESK,1,8.26,EU,2023-12-22
ORD-00728,CUST-00061,2023-04-05,Pending,Credit Card,Jewelry,PACK OF 6 SKULL PAPER PLATES,12,1.18,EU,2023-04-05
ORD-00729,CUST-00290,2024-01-06,Delivered,Bank Transfer,Garden,GARDEN TOOL SET 3PC,4,13.91,UK,2024-01-06
ORD-00730,CUST-00126,2024-01-17,Delivered,Debit Card,Jewelry,BLACK SKULL GIFT BAG,4,1.60,EU,2024-01-17
ORD-00731,CUST-00918,2023-02-05,Shipped,Credit Card,Toys,WOODEN STAR CHRISTMAS SCANDI,4,1.97,EU,2023-02-05
ORD-00732,CUST-00051,2023-02-03,Shipped,Bank Transfer,Home Decor,HAND WARMER RED POLKA DOT,12,3.87,EU,2023-02-03
ORD-00733,CUST-00475,2024-06-02,Shipped,Debit Card,Jewelry,REGENCY TEACUP AND SAUCER,48,4.26,EU,2024-06-02
ORD-00734,CUST-00836,2023-11-06,Shipped,Apple Pay,Garden,GARDENERS KNEELER DESK,4,8.84,UK,2023-11-06
ORD-00735,CUST-00889,2022-06-18,Refunded,Bank Transfer,Clothing,WORLD WAR 2 GLIDERS ASSTD DESIGNS,1,3.42,UK,2022-06-18
ORD-00736,CUST-00096,2022-02-13,Delivered,Debit Card,Toys,WOODEN HEART CHRISTMAS SCANDI,12,1.95,EU,2022-02-13
ORD-00737,CUST-00526,2022-07-27,Delivered,Bank Transfer,Jewelry,HEART OF WICKER SMALL,2,1.92,UK,2022-07-27
ORD-00738,CUST-00040,2024-03-30,Delivered,PayPal,Home Decor,WHITE HANGING HEART T-LIGHT HOLDER,3,3.28,EU,2024-03-30
ORD-00739,CUST-00003,2023-05-29,Shipped,Debit Card,Kitchen,LUNCH BAG RED RETROSPOT,2,1.66,EU,2023-05-29
ORD-00740,CUST-00341,2023-06-02,Shipped,Bank Transfer,Clothing,WOOLLY HOPPIE WHITE HEART,4,4.20,EU,2023-06-02
ORD-00741,CUST-00911,2023-09-19,Shipped,Credit Card,Toys,FELTCRAFT GIRL AMELIE KIT,48,9.70,EU,2023-09-19
ORD-00742,CUST-00466,2024-02-13,Delivered,PayPal,Clothing,FELTCRAFT DOLL MEGGY,3,8.83,UK,2024-02-13
ORD-00743,CUST-00341,2024-03-21,Pending,Bank Transfer,Home Decor,HAND WARMER UNION JACK FLG,2,3.69,EU,2024-03-21
ORD-00744,CUST-00952,2022-08-25,Cancelled,Apple Pay,Stationery,GREETING CARD SAFARI,24,1.35,EU,2022-08-25
ORD-00745,CUST-00229,2024-05-22,Pending,Debit Card,Stationery,"PAPER CRAFT , BABY BOY",1,3.44,UK,2024-05-22
ORD-00746,CUST-00685,2023-06-28,Shipped,Debit Card,Jewelry,PACK OF 6 SKULL PAPER PLATES,1,1.22,UK,2023-06-28
ORD-00747,CUST-00975,2022-02-18,Refunded,PayPal,Stationery,"PAPER CRAFT , BABY BOY",1,2.66,UK,2022-02-18
ORD-00748,CUST-00549,2024-06-08,Refunded,PayPal,Toys,FELTCRAFT PRINCESS CHARLOTTE DOLL,24,8.10,EU,2024-06-08
ORD-00749,CUST-00788,2023-08-18,Shipped,Apple Pay,Jewelry,HEART OF WICKER SMALL,4,2.05,UK,2023-08-18
ORD-00750,CUST-00295,2023-02-03,Delivered,PayPal,Kitchen,LUNCH BAG SUKI DESIGN,12,1.71,UK,2023-02-03
ORD-00751,CUST-00182,2023-03-16,Pending,Debit Card,Toys,FELTCRAFT PRINCESS CHARLOTTE DOLL,4,8.09,EU,2023-03-16
ORD-00752,CUST-00970,2024-02-07,Delivered,Debit Card,Toys,WOODEN STAR CHRISTMAS SCANDI,1,1.83,EU,2024-02-07
ORD-00753,CUST-00674,2024-07-16,Delivered,Debit Card,Bathroom,DOORMAT ENGLAND,4,5.07,EU,2024-07-16
ORD-00754,CUST-00371,2023-07-10,Delivered,Credit Card,Kitchen,LUNCH BAG RED RETROSPOT,6,1.43,UK,2023-07-10
ORD-00755,CUST-00079,2022-01-04,Refunded,Credit Card,Kitchen,LUNCH BOX WITH CUTLERY,12,4.33,EU,2022-01-04
ORD-00756,CUST-00798,2022-04-27,Delivered,PayPal,Clothing,MINI PAINT SET VINTAGE,24,3.51,EU,2022-04-27
ORD-00757,CUST-00125,2023-04-22,Delivered,Bank Transfer,Toys,VINTAGE CHRISTMAS PAPER GIFT BAG,6,1.64,UK,2023-04-22
ORD-00758,CUST-00685,2024-03-18,Pending,Debit Card,Jewelry,HEART OF WICKER LARGE,1,4.58,UK,2024-03-18
ORD-00759,CUST-00398,2022-01-19,Cancelled,Apple Pay,Home Decor,ROSES REGENCY TEACUP AND SAUCER,3,3.66,UK,2022-01-19
ORD-00760,CUST-00824,2022-12-17,Shipped,Apple Pay,Kitchen,JUMBO SHOPPER VINTAGE RED PAISLEY,48,6.59,UK,2022-12-17
ORD-00761,CUST-00199,2022-12-26,Pending,Bank Transfer,Toys,WOODEN STAR CHRISTMAS SCANDI,48,2.20,UK,2022-12-26
ORD-00762,CUST-00812,2024-03-05,Delivered,Debit Card,Clothing,MINI PAINT SET VINTAGE,2,3.37,UK,2024-03-05
ORD-00763,CUST-00172,2023-08-24,Delivered,Credit Card,Home Decor,ROSES REGENCY TEACUP AND SAUCER,3,3.92,EU,2023-08-24
ORD-00764,CUST-01000,2024-07-23,Delivered,Apple Pay,Clothing,FELTCRAFT PETAL BAG,1,6.53,UK,2024-07-23
ORD-00765,CUST-00790,2022-07-23,Delivered,Credit Card,Stationery,GREETING CARD SAFARI,2,1.37,UK,2022-07-23
ORD-00766,CUST-00464,2023-11-12,Cancelled,PayPal,Home Decor,ROSES REGENCY TEACUP AND SAUCER,1,3.77,EU,2023-11-12
ORD-00767,CUST-00426,2024-06-01,Delivered,Debit Card,Clothing,FELTCRAFT PETAL BAG,12,7.09,UK,2024-06-01
ORD-00768,CUST-00864,2022-04-30,Delivered,Bank Transfer,Kitchen,LUNCH BAG RED RETROSPOT,3,1.55,UK,2022-04-30
ORD-00769,CUST-00507,2022-12-15,Pending,Credit Card,Toys,FELTCRAFT BUTTERFLY PURSE,48,6.65,EU,2022-12-15
ORD-00770,CUST-00806,2024-04-21,Delivered,Credit Card,Jewelry,WHITE SKULL GIFT BAG,2,1.44,EU,2024-04-21
ORD-00771,CUST-00880,2024-09-14,Refunded,PayPal,Kitchen,LUNCH BAG RED RETROSPOT,1,1.44,EU,2024-09-14
ORD-00772,CUST-00836,2024-05-20,Delivered,Credit Card,Garden,BIRD HOUSE WOODLAND,48,9.79,UK,2024-05-20
ORD-00773,CUST-00999,2024-01-27,Shipped,Credit Card,Toys,FELTCRAFT GIRL AMELIE KIT,2,9.39,EU,2024-01-27
ORD-00774,CUST-00027,2024-06-09,Pending,Apple Pay,Bathroom,DOORMAT ENGLAND,2,5.51,EU,2024-06-09
ORD-00775,CUST-00618,2022-04-08,Refunded,PayPal,Jewelry,HEART OF WICKER SMALL,12,1.97,UK,2022-04-08
ORD-00776,CUST-00326,2024-03-30,Pending,Credit Card,Kitchen,LUNCH BAG SUKI DESIGN,1,1.40,EU,2024-03-30
ORD-00777,CUST-00284,2023-07-09,Cancelled,Credit Card,Bathroom,DOORMAT SPOTTY,12,5.27,UK,2023-07-09
ORD-00778,CUST-00832,2023-12-09,Delivered,Apple Pay,Clothing,FELTCRAFT CUSHION FLOWER,3,10.68,UK,2023-12-09
ORD-00779,CUST-00674,2024-08-11,Pending,Bank Transfer,Bathroom,DOORMAT SPOTTY,1,5.05,EU,2024-08-11
ORD-00780,CUST-00096,2022-05-21,Pending,Apple Pay,Jewelry,REGENCY TEACUP AND SAUCER,2,4.21,EU,2022-05-21
ORD-00781,CUST-00005,2024-04-08,Shipped,Apple Pay,Kitchen,LUNCH BAG RED RETROSPOT,12,1.32,EU,2024-04-08
ORD-00782,CUST-00110,2024-07-05,Delivered,Credit Card,Bathroom,BATH BOMB FIZZER SHEA BUTTER,1,1.71,EU,2024-07-05
ORD-00783,CUST-00343,2023-12-19,Delivered,Credit Card,Home Decor,REGENCY CAKESTAND 3 TIER,1,14.99,UK,2023-12-19
ORD-00784,CUST-00482,2024-01-26,Refunded,Apple Pay,Home Decor,SET OF 3 BUTTERFLY COOKIE CUTTERS,4,1.83,EU,2024-01-26
ORD-00785,CUST-00245,2022-10-07,Delivered,Debit Card,Stationery,PAPER CHAIN KIT VINTAGE CHRISTMAS,1,1.53,EU,2022-10-07
ORD-00786,CUST-00505,2023-09-20,Delivered,Debit Card,Toys,FELTCRAFT BUTTERFLY PURSE,1,6.12,UK,2023-09-20
ORD-00787,CUST-00845,2024-09-24,Delivered,Apple Pay,Toys,FELTCRAFT GIRL AMELIE KIT,1,8.42,EU,2024-09-24
ORD-00788,CUST-00295,2022-05-08,Delivered,PayPal,Bathroom,DOORMAT UNION JACK,1,5.73,UK,2022-05-08
ORD-00789,CUST-00664,2023-02-20,Delivered,PayPal,Jewelry,HEART OF WICKER SMALL,2,2.33,UK,2023-02-20
ORD-00790,CUST-00708,2023-08-18,Pending,Debit Card,Kitchen,LUNCH BAG WITH BLACK CAT,3,1.66,UK,2023-08-18
ORD-00791,CUST-00136,2024-02-02,Pending,Credit Card,Clothing,FELTCRAFT CUSHION FLOWER,1,11.93,UK,2024-02-02
ORD-00792,CUST-00701,2024-09-09,Pending,Credit Card,Stationery,PAPER CHAIN KIT 50'S CHRISTMAS,1,1.40,UK,2024-09-09
ORD-00793,CUST-00668,2022-01-15,Delivered,PayPal,Home Decor,SET OF 3 BUTTERFLY COOKIE CUTTERS,4,2.24,EU,2022-01-15
ORD-00794,CUST-00212,2024-03-15,Pending,PayPal,Stationery,"PAPER CRAFT , BABY BOY",1,3.30,UK,2024-03-15
ORD-00795,CUST-00333,2022-10-09,Delivered,Debit Card,Stationery,PAPER CHAIN KIT VINTAGE CHRISTMAS,2,1.53,UK,2022-10-09
ORD-00796,CUST-00879,2022-07-12,Delivered,Debit Card,Jewelry,WHITE SKULL GIFT BAG,1,1.47,EU,2022-07-12
ORD-00797,CUST-00502,2022-09-16,Pending,Bank Transfer,Toys,WOODEN HEART CHRISTMAS SCANDI,24,2.01,EU,2022-09-16
ORD-00798,CUST-00163,2024-02-06,Delivered,PayPal,Kitchen,JUMBO BAG RED RETROSPOT,6,5.69,UK,2024-02-06
ORD-00799,CUST-00209,2022-10-18,Shipped,Bank Transfer,Stationery,PAPER CHAIN KIT VINTAGE CHRISTMAS,1,1.43,UK,2022-10-18
ORD-00800,CUST-00788,2022-03-08,Delivered,PayPal,Home Decor,WHITE HANGING HEART T-LIGHT HOLDER,2,3.33,UK,2022-03-08
ORD-00801,CUST-00311,2024-06-03,Shipped,Bank Transfer,Jewelry,BLACK SKULL GIFT BAG,1,1.39,EU,2024-06-03
ORD-00802,CUST-00987,2023-03-25,Cancelled,Credit Card,Garden,BIRD HOUSE WOODLAND,1,10.39,UK,2023-03-25
ORD-00803,CUST-00800,2024-08-29,Delivered,Debit Card,Bathroom,BATH BUILDING BLOCK WORD,3,6.04,EU,2024-08-29
ORD-00804,CUST-00113,2023-12-08,Pending,Apple Pay,Bathroom,DOORMAT UNION JACK,4,5.23,EU,2023-12-08
ORD-00805,CUST-00819,2023-08-04,Refunded,Credit Card,Bathroom,DOORMAT SPOTTY,4,4.49,UK,2023-08-04
ORD-00806,CUST-00248,2024-09-07,Delivered,Apple Pay,Bathroom,DOORMAT ENGLAND,1,4.82,UK,2024-09-07
ORD-00807,CUST-00877,2024-08-01,Shipped,Bank Transfer,Jewelry,HEART OF WICKER LARGE,3,5.83,EU,2024-08-01
ORD-00808,CUST-00542,2024-02-26,Delivered,Apple Pay,Home Decor,WHITE HANGING HEART T-LIGHT HOLDER,1,2.67,EU,2024-02-26
ORD-00809,CUST-00430,2022-07-11,Pending,PayPal,Jewelry,PACK OF 6 SKULL PAPER CUPS,2,1.31,UK,2022-07-11
ORD-00810,CUST-00739,2022-10-06,Delivered,Bank Transfer,Clothing,MINI PAINT SET VINTAGE,2,3.27,UK,2022-10-06
ORD-00811,CUST-00686,2023-01-25,Delivered,Debit Card,Jewelry,HEART OF WICKER SMALL,3,1.96,UK,2023-01-25
ORD-00812,CUST-00912,2023-01-01,Delivered,Debit Card,Bathroom,BATH BUILDING BLOCK WORD,2,6.89,UK,2023-01-01
ORD-00813,CUST-00546,2023-07-30,Pending,Credit Card,Garden,GARDEN TOOL SET 3PC,2,13.33,EU,2023-07-30
ORD-00814,CUST-00106,2024-06-06,Pending,Bank Transfer,Jewelry,PACK OF 6 SKULL PAPER CUPS,12,1.21,UK,2024-06-06
ORD-00815,CUST-00423,2023-11-29,Refunded,Apple Pay,Toys,FELTCRAFT PRINCESS CHARLOTTE DOLL,48,8.25,EU,2023-11-29
ORD-00816,CUST-00452,2022-08-12,Shipped,Credit Card,Clothing,FELTCRAFT CUSHION FLOWER,1,11.16,EU,2022-08-12
ORD-00817,CUST-00263,2022-10-15,Delivered,Bank Transfer,Home Decor,WHITE HANGING HEART T-LIGHT HOLDER,24,3.02,UK,2022-10-15
ORD-00818,CUST-00915,2023-09-19,Pending,PayPal,Home Decor,SET OF 3 BUTTERFLY COOKIE CUTTERS,1,2.30,EU,2023-09-19
ORD-00819,CUST-00811,2024-02-19,Shipped,Bank Transfer,Jewelry,HEART OF WICKER SMALL,3,2.12,EU,2024-02-19
ORD-00820,CUST-00706,2023-12-14,Delivered,Bank Transfer,Bathroom,DOORMAT UNION JACK,3,5.43,UK,2023-12-14
ORD-00821,CUST-00837,2022-04-13,Pending,Apple Pay,Home Decor,SET OF 3 BUTTERFLY COOKIE CUTTERS,6,2.27,UK,2022-04-13
ORD-00822,CUST-00235,2022-12-24,Cancelled,Bank Transfer,Jewelry,PACK OF 6 SKULL PAPER CUPS,1,1.29,UK,2022-12-24
ORD-00823,CUST-00570,2023-10-05,Delivered,PayPal,Clothing,WORLD WAR 2 GLIDERS ASSTD DESIGNS,1,3.31,UK,2023-10-05
ORD-00824,CUST-00198,2022-02-16,Delivered,Debit Card,Home Decor,JUMBO BAG VINTAGE LEAF,6,4.80,EU,2022-02-16
ORD-00825,CUST-00848,2022-03-04,Delivered,Debit Card,Home Decor,SET OF 3 BUTTERFLY COOKIE CUTTERS,1,1.93,UK,2022-03-04
ORD-00826,CUST-00634,2024-01-12,Shipped,PayPal,Kitchen,LUNCH BAG WITH BLACK CAT,1,1.62,UK,2024-01-12
ORD-00827,CUST-00855,2024-05-03,Cancelled,Bank Transfer,Clothing,WOOLLY HOPPIE WHITE HEART,2,4.15,UK,2024-05-03
ORD-00828,CUST-00388,2022-06-29,Delivered,Bank Transfer,Home Decor,WHITE HANGING HEART T-LIGHT HOLDER,1,2.69,UK,2022-06-29
ORD-00829,CUST-00112,2022-06-07,Delivered,Bank Transfer,Kitchen,JUMBO SHOPPER VINTAGE RED PAISLEY,6,6.70,EU,2022-06-07
ORD-00830,CUST-00235,2023-06-17,Delivered,Apple Pay,Clothing,WORLD WAR 2 GLIDERS ASSTD DESIGNS,6,2.89,UK,2023-06-17
ORD-00831,CUST-00973,2022-12-04,Delivered,Debit Card,Jewelry,PACK OF 6 SKULL PAPER PLATES,12,1.47,UK,2022-12-04
ORD-00832,CUST-00849,2024-09-03,Delivered,Debit Card,Jewelry,HEART OF WICKER SMALL,3,2.09,UK,2024-09-03
ORD-00833,CUST-00626,2022-08-08,Cancelled,Credit Card,Stationery,"PAPER CRAFT , BABY BOY",1,2.89,UK,2022-08-08
ORD-00834,CUST-00201,2023-04-22,Cancelled,Apple Pay,Stationery,PAPER CHAIN KIT 50'S CHRISTMAS,1,1.64,UK,2023-04-22
ORD-00835,CUST-00119,2024-01-25,Delivered,Credit Card,Clothing,WORLD WAR 2 GLIDERS ASSTD DESIGNS,1,2.70,EU,2024-01-25
ORD-00836,CUST-00574,2023-12-31,Delivered,Debit Card,Toys,WOODEN STAR CHRISTMAS SCANDI,2,2.14,EU,2023-12-31
ORD-00837,CUST-00055,2024-03-29,Pending,Credit Card,Toys,FELTCRAFT GIRL AMELIE KIT,1,10.41,EU,2024-03-29
ORD-00838,CUST-00521,2023-07-06,Delivered,PayPal,Jewelry,HEART OF WICKER SMALL,3,1.80,EU,2023-07-06
ORD-00839,CUST-00538,2023-07-17,Pending,Debit Card,Toys,FELTCRAFT PRINCESS CHARLOTTE DOLL,1,8.76,UK,2023-07-17
ORD-00840,CUST-00046,2022-05-24,Delivered,Debit Card,Stationery,"PAPER CRAFT , BABY GIRL",2,3.40,UK,2022-05-24
ORD-00841,CUST-00716,2023-03-29,Pending,Apple Pay,Jewelry,WHITE SKULL GIFT BAG,1,1.37,UK,2023-03-29
ORD-00842,CUST-00083,2023-11-29,Shipped,PayPal,Clothing,FELTCRAFT PETAL BAG,6,6.18,UK,2023-11-29
ORD-00843,CUST-00031,2024-03-04,Delivered,Credit Card,Home Decor,HAND WARMER RED POLKA DOT,6,3.84,UK,2024-03-04
ORD-00844,CUST-00884,2024-02-15,Delivered,Apple Pay,Clothing,FELTCRAFT DOLL MEGGY,1,8.92,EU,2024-02-15
ORD-00845,CUST-00084,2024-04-04,Pending,Apple Pay,Kitchen,JUMBO SHOPPER VINTAGE RED PAISLEY,4,7.26,EU,2024-04-04
ORD-00846,CUST-00664,2024-09-18,Delivered,Debit Card,Garden,WATERING CAN PINK,1,6.48,UK,2024-09-18
ORD-00847,CUST-00362,2024-07-25,Delivered,PayPal,Garden,GARDENERS KNEELER DESK,2,7.43,UK,2024-07-25
ORD-00848,CUST-00771,2024-04-12,Pending,Apple Pay,Bathroom,DOORMAT ENGLAND,1,4.58,UK,2024-04-12
ORD-00849,CUST-00553,2024-02-26,Pending,Debit Card,Toys,WOODEN STAR CHRISTMAS SCANDI,1,2.06,UK,2024-02-26
ORD-00850,CUST-00845,2022-02-13,Shipped,Bank Transfer,Clothing,MINI PAINT SET VINTAGE,1,3.21,EU,2022-02-13
ORD-00851,CUST-00042,2023-09-06,Pending,PayPal,Toys,VINTAGE CHRISTMAS PAPER GIFT BAG,2,1.32,EU,2023-09-06
ORD-00852,CUST-00908,2022-04-01,Shipped,Apple Pay,Bathroom,BATH BUILDING BLOCK WORD,2,6.49,EU,2022-04-01
ORD-00853,CUST-00282,2022-05-06,Shipped,Debit Card,Toys,FELTCRAFT GIRL AMELIE KIT,1,9.07,UK,2022-05-06
ORD-00854,CUST-00817,2023-01-14,Delivered,PayPal,Bathroom,DOORMAT UNION JACK,3,5.93,EU,2023-01-14
ORD-00855,CUST-00318,2022-02-12,Delivered,Credit Card,Home Decor,REGENCY CAKESTAND 3 TIER,6,12.91,EU,2022-02-12
ORD-00856,CUST-00641,2023-02-25,Delivered,Apple Pay,Toys,WOODEN STAR CHRISTMAS SCANDI,1,1.88,UK,2023-02-25
ORD-00857,CUST-00572,2022-01-18,Delivered,Apple Pay,Stationery,GREETING CARD SAFARI,3,1.42,UK,2022-01-18
ORD-00858,CUST-00190,2022-02-18,Cancelled,Bank Transfer,Kitchen,LUNCH BAG WITH BLACK CAT,1,1.42,EU,2022-02-18
ORD-00859,CUST-00259,2023-06-26,Delivered,PayPal,Toys,FELTCRAFT GIRL AMELIE KIT,1,9.55,UK,2023-06-26
ORD-00860,CUST-00641,2022-07-01,Delivered,Bank Transfer,Clothing,FELTCRAFT DOLL MEGGY,1,10.36,UK,2022-07-01
ORD-00861,CUST-00511,2024-02-22,Shipped,Credit Card,Bathroom,BATH BUILDING BLOCK WORD,3,6.03,UK,2024-02-22
ORD-00862,CUST-00410,2022-05-25,Delivered,Apple Pay,Bathroom,DOORMAT UNION JACK,1,5.45,UK,2022-05-25
ORD-00863,CUST-00695,2023-10-23,Delivered,PayPal,Bathroom,DOORMAT ENGLAND,4,5.23,EU,2023-10-23
ORD-00864,CUST-00418,2023-03-06,Delivered,Debit Card,Bathroom,DOORMAT SPOTTY,1,4.82,UK,2023-03-06
ORD-00865,CUST-00378,2022-08-08,Pending,PayPal,Clothing,FELTCRAFT DOLL MEGGY,4,9.47,UK,2022-08-08
ORD-00866,CUST-00085,2022-10-26,Cancelled,Bank Transfer,Stationery,GREETING CARD SAFARI,12,1.43,UK,2022-10-26
ORD-00867,CUST-00161,2022-10-25,Delivered,Credit Card,Garden,PLANT POT HOLDER,24,2.99,UK,2022-10-25
ORD-00868,CUST-00192,2023-01-13,Shipped,Debit Card,Stationery,PAPER CHAIN KIT 50'S CHRISTMAS,6,1.62,EU,2023-01-13
ORD-00869,CUST-00301,2022-01-24,Delivered,Bank Transfer,Home Decor,ROSES REGENCY TEACUP AND SAUCER,48,4.40,EU,2022-01-24
ORD-00870,CUST-00387,2022-10-25,Delivered,Apple Pay,Bathroom,DOORMAT SPOTTY,2,4.87,EU,2022-10-25
ORD-00871,CUST-00518,2023-01-13,Shipped,Apple Pay,Home Decor,HAND WARMER UNION JACK FLG,6,3.79,EU,2023-01-13
ORD-00872,CUST-00532,2024-01-13,Refunded,Bank Transfer,Home Decor,JUMBO BAG VINTAGE LEAF,12,4.86,EU,2024-01-13
ORD-00873,CUST-00625,2022-02-08,Shipped,Credit Card,Clothing,WORLD WAR 2 GLIDERS ASSTD DESIGNS,1,3.26,EU,2022-02-08
ORD-00874,CUST-00874,2022-08-02,Refunded,PayPal,Bathroom,DOORMAT ENGLAND,1,5.82,UK,2022-08-02
ORD-00875,CUST-00199,2023-12-27,Pending,Debit Card,Toys,FELTCRAFT GIRL AMELIE KIT,1,8.90,UK,2023-12-27
ORD-00876,CUST-00827,2023-12-30,Delivered,Apple Pay,Kitchen,LUNCH BOX WITH CUTLERY,6,3.48,UK,2023-12-30
ORD-00877,CUST-00478,2022-02-19,Delivered,Debit Card,Clothing,FELTCRAFT DOLL MEGGY,12,8.39,EU,2022-02-19
ORD-00878,CUST-00247,2023-05-20,Shipped,Bank Transfer,Jewelry,PACK OF 6 SKULL PAPER PLATES,1,1.38,EU,2023-05-20
ORD-00879,CUST-00660,2023-02-21,Delivered,Credit Card,Garden,GARDENERS KNEELER DESK,48,7.25,UK,2023-02-21
ORD-00880,CUST-00980,2023-06-02,Delivered,PayPal,Kitchen,JUMBO SHOPPER VINTAGE RED PAISLEY,24,7.53,UK,2023-06-02
ORD-00881,CUST-00399,2023-02-21,Delivered,Apple Pay,Kitchen,LUNCH BAG RED RETROSPOT,2,1.52,UK,2023-02-21
ORD-00882,CUST-00914,2024-04-20,Pending,Credit Card,Home Decor,WHITE HANGING HEART T-LIGHT HOLDER,1,2.82,UK,2024-04-20
ORD-00883,CUST-00601,2023-07-17,Pending,Apple Pay,Kitchen,LUNCH BAG RED RETROSPOT,2,1.49,UK,2023-07-17
ORD-00884,CUST-00537,2023-04-29,Delivered,Bank Transfer,Home Decor,WHITE HANGING HEART T-LIGHT HOLDER,1,2.99,UK,2023-04-29
ORD-00885,CUST-00271,2022-05-03,Refunded,Bank Transfer,Clothing,FELTCRAFT DOLL MEGGY,1,10.68,EU,2022-05-03
ORD-00886,CUST-00939,2023-02-06,Shipped,PayPal,Home Decor,WHITE HANGING HEART T-LIGHT HOLDER,12,3.26,UK,2023-02-06
ORD-00887,CUST-00138,2024-04-07,Pending,Apple Pay,Kitchen,JUMBO BAG RED RETROSPOT,1,5.35,EU,2024-04-07
ORD-00888,CUST-00655,2022-08-20,Shipped,Apple Pay,Jewelry,PACK OF 6 SKULL PAPER CUPS,1,1.33,EU,2022-08-20
ORD-00889,CUST-00489,2024-02-14,Refunded,Debit Card,Garden,GARDEN TOOL SET 3PC,12,13.93,UK,2024-02-14
ORD-00890,CUST-00175,2023-09-09,Delivered,Credit Card,Clothing,FELTCRAFT DOLL MEGGY,1,8.63,EU,2023-09-09
ORD-00891,CUST-00246,2022-03-20,Pending,Credit Card,Stationery,"PAPER CRAFT , BABY BOY",1,2.95,EU,2022-03-20
ORD-00892,CUST-00713,2023-06-17,Delivered,Credit Card,Clothing,FELTCRAFT PETAL BAG,12,5.88,UK,2023-06-17
ORD-00893,CUST-00850,2022-12-12,Shipped,Bank Transfer,Garden,WATERING CAN PINK,3,6.74,UK,2022-12-12
ORD-00894,CUST-00439,2023-06-16,Delivered,Credit Card,Stationery,"PAPER CRAFT , BABY GIRL",48,3.31,UK,2023-06-16
ORD-00895,CUST-00765,2024-08-19,Pending,Debit Card,Kitchen,LUNCH BAG WITH BLACK CAT,2,1.67,UK,2024-08-19
ORD-00896,CUST-00896,2023-02-04,Shipped,Apple Pay,Kitchen,JUMBO BAG RED RETROSPOT,3,4.76,EU,2023-02-04
ORD-00897,CUST-00091,2023-04-12,Pending,Debit Card,Clothing,MINI PAINT SET VINTAGE,1,2.79,EU,2023-04-12
ORD-00898,CUST-00103,2022-12-15,Shipped,Bank Transfer,Home Decor,JUMBO BAG VINTAGE LEAF,6,4.83,UK,2022-12-15
ORD-00899,CUST-00522,2023-05-13,Delivered,Bank Transfer,Toys,FELTCRAFT BUTTERFLY PURSE,1,6.38,UK,2023-05-13
ORD-00900,CUST-00435,2023-09-29,Shipped,Apple Pay,Clothing,MINI PAINT SET VINTAGE,3,3.45,UK,2023-09-29
ORD-00901,CUST-00852,2022-04-29,Shipped,Apple Pay,Bathroom,BATH BOMB FIZZER SHEA BUTTER,1,1.72,UK,2022-04-29
ORD-00902,CUST-00006,2022-12-17,Shipped,Bank Transfer,Toys,FELTCRAFT GIRL AMELIE KIT,48,10.15,EU,2022-12-17
ORD-00903,CUST-00884,2023-06-26,Pending,Credit Card,Jewelry,REGENCY TEACUP AND SAUCER,24,4.20,EU,2023-06-26
ORD-00904,CUST-00218,2022-05-08,Pending,PayPal,Home Decor,SET OF 6 SKULLS GIFT BAGS,3,1.36,UK,2022-05-08
ORD-00905,CUST-00463,2022-02-18,Delivered,Apple Pay,Clothing,WORLD WAR 2 GLIDERS ASSTD DESIGNS,4,3.19,UK,2022-02-18
ORD-00906,CUST-00595,2023-08-11,Shipped,Credit Card,Clothing,FELTCRAFT CUSHION FLOWER,1,9.82,EU,2023-08-11
ORD-00907,CUST-00732,2022-06-19,Delivered,Apple Pay,Stationery,"PAPER CRAFT , BABY BOY",48,3.17,UK,2022-06-19
ORD-00908,CUST-00724,2024-02-25,Delivered,Bank Transfer,Jewelry,PACK OF 6 SKULL PAPER CUPS,3,1.36,UK,2024-02-25
ORD-00909,CUST-00891,2023-09-12,Delivered,Bank Transfer,Jewelry,REGENCY TEACUP AND SAUCER,1,4.00,UK,2023-09-12
ORD-00910,CUST-00092,2023-01-10,Delivered,Apple Pay,Toys,FELTCRAFT GIRL AMELIE KIT,1,9.49,UK,2023-01-10
ORD-00911,CUST-00255,2022-01-22,Delivered,PayPal,Kitchen,LUNCH BOX WITH CUTLERY,2,3.49,EU,2022-01-22
ORD-00912,CUST-00584,2024-09-03,Shipped,Debit Card,Jewelry,HEART OF WICKER LARGE,6,5.73,UK,2024-09-03
ORD-00913,CUST-00111,2022-08-17,Shipped,Debit Card,Home Decor,JUMBO BAG VINTAGE LEAF,12,5.65,UK,2022-08-17
ORD-00914,CUST-00795,2024-08-18,Pending,Apple Pay,Stationery,"PAPER CRAFT , BABY GIRL",2,3.15,EU,2024-08-18
ORD-00915,CUST-00717,2023-02-12,Delivered,Bank Transfer,Home Decor,HAND WARMER UNION JACK FLG,48,3.53,UK,2023-02-12
ORD-00916,CUST-00783,2023-03-29,Shipped,Debit Card,Stationery,PAPER CHAIN KIT VINTAGE CHRISTMAS,48,1.32,UK,2023-03-29
ORD-00917,CUST-00317,2023-06-17,Delivered,PayPal,Toys,FELTCRAFT BUTTERFLY PURSE,24,6.65,EU,2023-06-17
ORD-00918,CUST-00687,2022-09-07,Delivered,Apple Pay,Jewelry,REGENCY TEACUP AND SAUCER,3,3.78,EU,2022-09-07
ORD-00919,CUST-00142,2024-05-06,Delivered,PayPal,Jewelry,REGENCY TEACUP AND SAUCER,12,4.23,EU,2024-05-06
ORD-00920,CUST-00848,2024-06-27,Delivered,Debit Card,Home Decor,WHITE HANGING HEART T-LIGHT HOLDER,12,3.50,UK,2024-06-27
ORD-00921,CUST-00924,2022-01-31,Delivered,Debit Card,Clothing,WORLD WAR 2 GLIDERS ASSTD DESIGNS,3,3.04,EU,2022-01-31
ORD-00922,CUST-00416,2022-05-31,Delivered,PayPal,Jewelry,PACK OF 6 SKULL PAPER PLATES,6,1.33,UK,2022-05-31
ORD-00923,CUST-00096,2023-02-21,Delivered,Debit Card,Toys,FELTCRAFT BUTTERFLY PURSE,2,6.03,EU,2023-02-21
ORD-00924,CUST-00016,2023-11-20,Delivered,Debit Card,Toys,FELTCRAFT BUTTERFLY PURSE,2,6.12,EU,2023-11-20
ORD-00925,CUST-00785,2022-12-11,Refunded,Credit Card,Home Decor,ROSES REGENCY TEACUP AND SAUCER,6,3.73,UK,2022-12-11
ORD-00926,CUST-00258,2022-06-02,Shipped,PayPal,Home Decor,ROSES REGENCY TEACUP AND SAUCER,6,3.82,UK,2022-06-02
ORD-00927,CUST-00871,2024-05-25,Pending,Debit Card,Toys,VINTAGE CHRISTMAS PAPER GIFT BAG,1,1.70,EU,2024-05-25
ORD-00928,CUST-00490,2024-05-22,Delivered,Apple Pay,Clothing,MINI PAINT SET VINTAGE,1,2.66,UK,2024-05-22
ORD-00929,CUST-00401,2024-05-03,Refunded,Bank Transfer,Garden,BIRD HOUSE WOODLAND,1,9.12,EU,2024-05-03
ORD-00930,CUST-00516,2024-04-13,Delivered,Credit Card,Home Decor,ROSES REGENCY TEACUP AND SAUCER,1,4.13,EU,2024-04-13
ORD-00931,CUST-00050,2023-10-26,Shipped,PayPal,Kitchen,JUMBO BAG STRAWBERRY,2,4.54,EU,2023-10-26
ORD-00932,CUST-00645,2022-02-25,Delivered,Debit Card,Jewelry,HEART OF WICKER SMALL,1,2.19,EU,2022-02-25
ORD-00933,CUST-00884,2024-08-30,Delivered,Bank Transfer,Jewelry,WHITE SKULL GIFT BAG,3,1.68,EU,2024-08-30
ORD-00934,CUST-00643,2023-10-15,Shipped,Credit Card,Kitchen,LUNCH BOX WITH CUTLERY,1,3.79,EU,2023-10-15
ORD-00935,CUST-00918,2023-02-05,Shipped,Bank Transfer,Toys,WOODEN HEART CHRISTMAS SCANDI,2,2.11,EU,2023-02-05
ORD-00936,CUST-00907,2023-02-26,Delivered,Apple Pay,Kitchen,LUNCH BAG WITH BLACK CAT,4,1.64,UK,2023-02-26
ORD-00937,CUST-00141,2024-02-03,Delivered,Bank Transfer,Garden,PLANT POT HOLDER,1,3.36,UK,2024-02-03
ORD-00938,CUST-00945,2023-08-02,Delivered,Apple Pay,Garden,BIRD HOUSE WOODLAND,24,11.89,EU,2023-08-02
ORD-00939,CUST-00069,2023-11-22,Delivered,Credit Card,Bathroom,BATH BOMB FIZZER SHEA BUTTER,1,1.71,UK,2023-11-22
ORD-00940,CUST-00994,2022-04-02,Cancelled,PayPal,Home Decor,ROSES REGENCY TEACUP AND SAUCER,1,3.89,UK,2022-04-02
ORD-00941,CUST-00367,2024-07-26,Refunded,Credit Card,Clothing,FELTCRAFT CUSHION FLOWER,24,9.56,EU,2024-07-26
ORD-00942,CUST-00479,2022-07-29,Delivered,Debit Card,Toys,FELTCRAFT PRINCESS CHARLOTTE DOLL,24,9.30,EU,2022-07-29
ORD-00943,CUST-00695,2023-01-24,Pending,Bank Transfer,Kitchen,LUNCH BAG RED RETROSPOT,1,1.38,EU,2023-01-24
ORD-00944,CUST-00244,2023-04-24,Delivered,Apple Pay,Toys,VINTAGE CHRISTMAS PAPER GIFT BAG,48,1.44,UK,2023-04-24
ORD-00945,CUST-01000,2023-04-04,Pending,Apple Pay,Garden,PLANT POT HOLDER,2,2.82,UK,2023-04-04
ORD-00946,CUST-00304,2024-09-11,Shipped,Apple Pay,Bathroom,DOORMAT SPOTTY,1,4.53,EU,2024-09-11
ORD-00947,CUST-00331,2023-06-07,Pending,Credit Card,Kitchen,JUMBO BAG RED RETROSPOT,1,5.04,EU,2023-06-07
ORD-00948,CUST-00442,2023-04-08,Shipped,PayPal,Bathroom,DOORMAT UNION JACK,1,4.53,EU,2023-04-08
ORD-00949,CUST-00852,2024-08-07,Pending,Bank Transfer,Kitchen,LUNCH BAG RED RETROSPOT,2,1.54,UK,2024-08-07
ORD-00950,CUST-00759,2022-07-11,Pending,Debit Card,Toys,WOODEN HEART CHRISTMAS SCANDI,4,1.85,UK,2022-07-11
ORD-00951,CUST-00655,2023-08-27,Delivered,Debit Card,Kitchen,JUMBO SHOPPER VINTAGE RED PAISLEY,12,8.12,EU,2023-08-27
ORD-00952,CUST-00105,2024-09-24,Delivered,Apple Pay,Jewelry,WHITE SKULL GIFT BAG,1,1.53,EU,2024-09-24
ORD-00953,CUST-00560,2024-01-19,Delivered,Bank Transfer,Garden,GARDEN TOOL SET 3PC,4,13.56,UK,2024-01-19
ORD-00954,CUST-00240,2024-06-14,Delivered,Debit Card,Clothing,MINI PAINT SET VINTAGE,2,3.39,EU,2024-06-14
ORD-00955,CUST-00898,2023-11-29,Refunded,Bank Transfer,Kitchen,LUNCH BAG SUKI DESIGN,12,1.38,UK,2023-11-29
ORD-00956,CUST-00030,2024-09-09,Delivered,Bank Transfer,Garden,GARDEN TOOL SET 3PC,1,14.57,UK,2024-09-09
ORD-00957,CUST-00805,2023-03-15,Delivered,Credit Card,Clothing,WORLD WAR 2 GLIDERS ASSTD DESIGNS,3,3.29,EU,2023-03-15
ORD-00958,CUST-00465,2024-08-18,Delivered,Bank Transfer,Toys,WOODEN STAR CHRISTMAS SCANDI,4,1.99,UK,2024-08-18
ORD-00959,CUST-00531,2024-02-22,Pending,Apple Pay,Kitchen,LUNCH BOX WITH CUTLERY,12,3.39,EU,2024-02-22
ORD-00960,CUST-00148,2022-08-18,Delivered,PayPal,Kitchen,JUMBO SHOPPER VINTAGE RED PAISLEY,4,6.61,EU,2022-08-18
ORD-00961,CUST-00691,2024-06-13,Delivered,Credit Card,Home Decor,REGENCY CAKESTAND 3 TIER,1,12.98,UK,2024-06-13
ORD-00962,CUST-00796,2022-04-18,Delivered,Bank Transfer,Garden,GARDEN TOOL SET 3PC,3,13.39,UK,2022-04-18
ORD-00963,CUST-00584,2024-02-28,Cancelled,Credit Card,Kitchen,LUNCH BOX WITH CUTLERY,4,3.96,UK,2024-02-28
ORD-00964,CUST-00585,2023-04-13,Delivered,Credit Card,Kitchen,LUNCH BAG WITH BLACK CAT,2,1.48,UK,2023-04-13
ORD-00965,CUST-00571,2022-08-29,Delivered,Apple Pay,Jewelry,PACK OF 6 SKULL PAPER PLATES,3,1.38,EU,2022-08-29
ORD-00966,CUST-00555,2024-09-02,Shipped,Credit Card,Bathroom,DOORMAT ENGLAND,6,5.74,UK,2024-09-02
ORD-00967,CUST-00872,2023-12-10,Delivered,Apple Pay,Garden,GARDEN TOOL SET 3PC,6,15.35,UK,2023-12-10
ORD-00968,CUST-00444,2023-06-04,Refunded,Debit Card,Clothing,FELTCRAFT DOLL MEGGY,3,9.91,EU,2023-06-04
ORD-00969,CUST-00306,2023-06-09,Delivered,Credit Card,Jewelry,HEART OF WICKER SMALL,2,2.19,EU,2023-06-09
ORD-00970,CUST-00663,2023-07-13,Delivered,Credit Card,Kitchen,JUMBO SHOPPER VINTAGE RED PAISLEY,1,7.20,UK,2023-07-13
ORD-00971,CUST-00712,2022-07-03,Shipped,Apple Pay,Jewelry,BLACK SKULL GIFT BAG,2,1.46,UK,2022-07-03
ORD-00972,CUST-00412,2024-02-27,Refunded,Debit Card,Stationery,"PAPER CRAFT , BABY BOY",2,2.83,EU,2024-02-27
ORD-00973,CUST-00027,2022-03-21,Refunded,Credit Card,Jewelry,HEART OF WICKER LARGE,2,5.02,EU,2022-03-21
ORD-00974,CUST-00737,2023-09-18,Delivered,Bank Transfer,Jewelry,WHITE SKULL GIFT BAG,4,1.51,UK,2023-09-18
ORD-00975,CUST-00555,2023-03-23,Delivered,Debit Card,Kitchen,LUNCH BOX WITH CUTLERY,12,4.02,UK,2023-03-23
ORD-00976,CUST-00858,2023-05-21,Refunded,Credit Card,Kitchen,LUNCH BAG WITH BLACK CAT,2,1.56,UK,2023-05-21
ORD-00977,CUST-00810,2022-01-01,Shipped,Debit Card,Jewelry,BLACK SKULL GIFT BAG,3,1.60,UK,2022-01-01
ORD-00978,CUST-00699,2023-12-14,Shipped,Credit Card,Jewelry,WHITE SKULL GIFT BAG,6,1.47,UK,2023-12-14
ORD-00979,CUST-00680,2024-01-16,Delivered,Bank Transfer,Garden,WATERING CAN PINK,6,6.05,EU,2024-01-16
ORD-00980,CUST-00583,2022-10-14,Delivered,Debit Card,Home Decor,HAND WARMER RED POLKA DOT,1,3.18,UK,2022-10-14
ORD-00981,CUST-00798,2022-09-15,Shipped,Apple Pay,Clothing,FELTCRAFT PETAL BAG,2,6.02,EU,2022-09-15
ORD-00982,CUST-00403,2022-12-28,Delivered,Apple Pay,Stationery,GREETING CARD SAFARI,3,1.20,EU,2022-12-28
ORD-00983,CUST-00302,2022-05-17,Delivered,Apple Pay,Home Decor,JUMBO BAG VINTAGE LEAF,3,5.40,EU,2022-05-17
ORD-00984,CUST-00868,2022-08-16,Delivered,Debit Card,Bathroom,DOORMAT UNION JACK,6,5.69,UK,2022-08-16
ORD-00985,CUST-00560,2022-06-18,Shipped,PayPal,Jewelry,PACK OF 6 SKULL PAPER CUPS,24,1.25,UK,2022-06-18
ORD-00986,CUST-00192,2024-08-12,Delivered,PayPal,Toys,FELTCRAFT PRINCESS CHARLOTTE DOLL,6,9.99,EU,2024-08-12
ORD-00987,CUST-00399,2024-08-26,Delivered,Debit Card,Home Decor,REGENCY CAKESTAND 3 TIER,48,12.13,UK,2024-08-26
ORD-00988,CUST-00352,2022-04-15,Shipped,Apple Pay,Toys,FELTCRAFT GIRL AMELIE KIT,3,9.90,EU,2022-04-15
ORD-00989,CUST-00109,2022-01-27,Refunded,Bank Transfer,Toys,FELTCRAFT BUTTERFLY PURSE,4,6.01,EU,2022-01-27
ORD-00990,CUST-00532,2023-07-27,Shipped,Apple Pay,Bathroom,BATH BOMB FIZZER SHEA BUTTER,48,1.72,EU,2023-07-27
ORD-00991,CUST-00329,2024-04-24,Shipped,Credit Card,Clothing,MINI PAINT SET VINTAGE,2,3.26,UK,2024-04-24
ORD-00992,CUST-00199,2023-11-23,Delivered,Apple Pay,Bathroom,DOORMAT SPOTTY,3,4.63,UK,2023-11-23
ORD-00993,CUST-00077,2022-06-18,Pending,Apple Pay,Kitchen,LUNCH BAG SUKI DESIGN,24,1.57,EU,2022-06-18
ORD-00994,CUST-00854,2024-03-23,Pending,PayPal,Clothing,FELTCRAFT CUSHION FLOWER,2,9.66,EU,2024-03-23
ORD-00995,CUST-00216,2023-04-10,Pending,PayPal,Stationery,PAPER CHAIN KIT 50'S CHRISTMAS,2,1.45,UK,2023-04-10
ORD-00996,CUST-00208,2023-09-27,Delivered,Bank Transfer,Kitchen,LUNCH BAG RED RETROSPOT,1,1.38,EU,2023-09-27
ORD-00997,CUST-00488,2022-09-01,Delivered,Bank Transfer,Clothing,FELTCRAFT DOLL MEGGY,12,9.46,UK,2022-09-01
ORD-00998,CUST-00872,2022-09-30,Refunded,Debit Card,Garden,GARDENERS KNEELER DESK,1,9.44,UK,2022-09-30
ORD-00999,CUST-00714,2024-02-28,Delivered,Credit Card,Jewelry,BLACK SKULL GIFT BAG,6,1.43,UK,2024-02-28
ORD-01000,CUST-00795,2023-06-26,Cancelled,Credit Card,Garden,PLANT POT HOLDER,1,2.99,EU,2023-06-26
ORD-01001,CUST-00713,2023-09-12,Delivered,Debit Card,Jewelry,PACK OF 6 SKULL PAPER PLATES,3,1.34,UK,2023-09-12
ORD-01002,CUST-00776,2022-08-29,Delivered,Apple Pay,Toys,WOODEN STAR CHRISTMAS SCANDI,1,1.97,EU,2022-08-29
ORD-01003,CUST-00572,2024-08-15,Shipped,Bank Transfer,Garden,PLANT POT HOLDER,2,3.44,UK,2024-08-15
ORD-01004,CUST-00427,2023-08-21,Delivered,Bank Transfer,Kitchen,JUMBO BAG RED RETROSPOT,48,5.74,UK,2023-08-21
ORD-01005,CUST-00552,2022-05-22,Delivered,PayPal,Stationery,"PAPER CRAFT , BABY BOY",1,3.42,UK,2022-05-22
ORD-01006,CUST-00523,2022-10-14,Delivered,PayPal,Garden,GARDEN TOOL SET 3PC,48,15.12,UK,2022-10-14
ORD-01007,CUST-00751,2024-06-06,Shipped,Apple Pay,Jewelry,PACK OF 6 SKULL PAPER PLATES,2,1.26,EU,2024-06-06
ORD-01008,CUST-00295,2023-09-22,Cancelled,Credit Card,Home Decor,JUMBO BAG VINTAGE LEAF,3,4.91,UK,2023-09-22
ORD-01009,CUST-00832,2022-05-20,Cancelled,Credit Card,Clothing,WORLD WAR 2 GLIDERS ASSTD DESIGNS,2,2.95,UK,2022-05-20
ORD-01010,CUST-00904,2023-01-17,Delivered,Apple Pay,Home Decor,HAND WARMER RED POLKA DOT,1,3.87,EU,2023-01-17
ORD-01011,CUST-00663,2023-10-21,Delivered,Credit Card,Home Decor,SET OF 6 SKULLS GIFT BAGS,1,1.21,UK,2023-10-21
ORD-01012,CUST-00819,2022-01-06,Shipped,Bank Transfer,Garden,GARDENERS KNEELER DESK,12,7.32,UK,2022-01-06
ORD-01013,CUST-00035,2023-07-23,Delivered,Credit Card,Toys,FELTCRAFT GIRL AMELIE KIT,1,9.75,EU,2023-07-23
ORD-01014,CUST-00291,2023-09-24,Shipped,Apple Pay,Bathroom,DOORMAT SPOTTY,1,5.23,UK,2023-09-24
ORD-01015,CUST-00635,2024-05-20,Delivered,Debit Card,Clothing,FELTCRAFT CUSHION FLOWER,2,10.45,UK,2024-05-20
ORD-01016,CUST-00434,2024-01-07,Cancelled,Bank Transfer,Stationery,"PAPER CRAFT , BABY BOY",12,3.35,EU,2024-01-07
ORD-01017,CUST-00154,2023-06-12,Refunded,Debit Card,Clothing,FELTCRAFT PETAL BAG,1,6.01,EU,2023-06-12
ORD-01018,CUST-00942,2022-03-13,Delivered,Debit Card,Garden,WATERING CAN PINK,1,7.05,UK,2022-03-13
ORD-01019,CUST-00725,2022-05-17,Shipped,Credit Card,Toys,FELTCRAFT PRINCESS CHARLOTTE DOLL,6,8.34,UK,2022-05-17
ORD-01020,CUST-00130,2023-10-23,Pending,PayPal,Home Decor,ROSES REGENCY TEACUP AND SAUCER,3,4.36,EU,2023-10-23
ORD-01021,CUST-00640,2024-06-25,Pending,Debit Card,Kitchen,JUMBO SHOPPER VINTAGE RED PAISLEY,1,7.79,EU,2024-06-25
ORD-01022,CUST-00426,2023-07-21,Delivered,Credit Card,Bathroom,BATH BOMB FIZZER SHEA BUTTER,2,1.39,UK,2023-07-21
ORD-01023,CUST-00546,2023-12-25,Pending,Bank Transfer,Home Decor,REGENCY CAKESTAND 3 TIER,6,13.02,EU,2023-12-25
ORD-01024,CUST-00182,2022-11-25,Shipped,PayPal,Home Decor,JUMBO BAG VINTAGE LEAF,12,5.17,EU,2022-11-25
ORD-01025,CUST-00576,2022-06-08,Delivered,Credit Card,Jewelry,WHITE SKULL GIFT BAG,1,1.36,EU,2022-06-08
ORD-01026,CUST-00334,2024-03-05,Delivered,Bank Transfer,Kitchen,LUNCH BOX WITH CUTLERY,3,3.95,UK,2024-03-05
ORD-01027,CUST-00392,2023-02-06,Pending,Debit Card,Jewelry,REGENCY TEACUP AND SAUCER,3,4.20,UK,2023-02-06
ORD-01028,CUST-00736,2022-06-29,Pending,Debit Card,Stationery,"PAPER CRAFT , BABY BOY",48,3.23,EU,2022-06-29
ORD-01029,CUST-00204,2024-08-06,Delivered,Apple Pay,Stationery,"PAPER CRAFT , BABY BOY",6,3.30,UK,2024-08-06
ORD-01030,CUST-00990,2022-11-30,Shipped,Debit Card,Home Decor,JUMBO BAG VINTAGE LEAF,48,5.83,UK,2022-11-30
ORD-01031,CUST-00591,2023-02-26,Delivered,Credit Card,Jewelry,PACK OF 6 SKULL PAPER CUPS,24,1.21,EU,2023-02-26
ORD-01032,CUST-00751,2023-08-23,Pending,PayPal,Stationery,"PAPER CRAFT , BABY GIRL",6,3.24,EU,2023-08-23
ORD-01033,CUST-00242,2022-06-20,Shipped,PayPal,Toys,FELTCRAFT BUTTERFLY PURSE,3,5.78,UK,2022-06-20
ORD-01034,CUST-00720,2023-07-08,Shipped,Apple Pay,Bathroom,BATH BUILDING BLOCK WORD,6,6.88,EU,2023-07-08
ORD-01035,CUST-00963,2024-01-13,Delivered,Bank Transfer,Bathroom,DOORMAT SPOTTY,1,4.64,EU,2024-01-13
ORD-01036,CUST-00225,2024-08-22,Pending,PayPal,Home Decor,REGENCY CAKESTAND 3 TIER,6,12.58,UK,2024-08-22
ORD-01037,CUST-00268,2023-05-26,Delivered,Credit Card,Bathroom,BATH BOMB FIZZER SHEA BUTTER,3,1.72,EU,2023-05-26
ORD-01038,CUST-00185,2023-08-20,Delivered,Debit Card,Stationery,"PAPER CRAFT , BABY BOY",3,3.41,EU,2023-08-20
ORD-01039,CUST-00585,2022-12-06,Shipped,Apple Pay,Home Decor,JUMBO BAG VINTAGE LEAF,2,4.70,UK,2022-12-06
ORD-01040,CUST-00480,2022-04-26,Shipped,PayPal,Clothing,MINI PAINT SET VINTAGE,3,3.10,UK,2022-04-26
ORD-01041,CUST-00142,2023-06-16,Shipped,Debit Card,Jewelry,PACK OF 6 SKULL PAPER PLATES,48,1.48,EU,2023-06-16
ORD-01042,CUST-00029,2024-03-23,Shipped,Credit Card,Clothing,WOOLLY HOPPIE WHITE HEART,6,3.49,UK,2024-03-23
ORD-01043,CUST-00562,2022-09-29,Delivered,Bank Transfer,Home Decor,ROSES REGENCY TEACUP AND SAUCER,1,4.37,EU,2022-09-29
ORD-01044,CUST-00622,2023-06-03,Delivered,Bank Transfer,Clothing,WOOLLY HOPPIE WHITE HEART,12,3.96,EU,2023-06-03
ORD-01045,CUST-00358,2023-12-23,Delivered,Apple Pay,Clothing,WOOLLY HOPPIE WHITE HEART,1,4.21,EU,2023-12-23
ORD-01046,CUST-00366,2024-08-04,Pending,Credit Card,Home Decor,JUMBO BAG VINTAGE LEAF,1,5.25,UK,2024-08-04
ORD-01047,CUST-00207,2024-08-02,Shipped,Credit Card,Home Decor,HAND WARMER UNION JACK FLG,1,3.36,UK,2024-08-02
ORD-01048,CUST-00835,2022-04-23,Delivered,PayPal,Jewelry,PACK OF 6 SKULL PAPER CUPS,12,1.34,UK,2022-04-23
ORD-01049,CUST-00856,2023-08-08,Delivered,Credit Card,Home Decor,REGENCY CAKESTAND 3 TIER,48,14.81,UK,2023-08-08
ORD-01050,CUST-00024,2024-08-07,Delivered,Apple Pay,Kitchen,LUNCH BOX WITH CUTLERY,3,3.56,UK,2024-08-07
ORD-01051,CUST-00768,2022-07-23,Delivered,Apple Pay,Garden,PLANT POT HOLDER,4,2.74,UK,2022-07-23
ORD-01052,CUST-00198,2022-01-06,Delivered,Bank Transfer,Kitchen,JUMBO BAG RED RETROSPOT,3,4.75,EU,2022-01-06
ORD-01053,CUST-00085,2023-09-16,Refunded,Debit Card,Home Decor,SET OF 3 BUTTERFLY COOKIE CUTTERS,4,2.05,UK,2023-09-16
ORD-01054,CUST-00408,2022-04-29,Shipped,Credit Card,Kitchen,JUMBO BAG RED RETROSPOT,3,5.54,EU,2022-04-29
ORD-01055,CUST-00888,2023-02-24,Delivered,Debit Card,Clothing,WOOLLY HOPPIE WHITE HEART,24,4.46,EU,2023-02-24
ORD-01056,CUST-00055,2022-04-02,Pending,Bank Transfer,Kitchen,LUNCH BAG SUKI DESIGN,3,1.63,EU,2022-04-02
ORD-01057,CUST-00413,2022-05-04,Delivered,Credit Card,Kitchen,LUNCH BAG RED RETROSPOT,1,1.38,EU,2022-05-04
ORD-01058,CUST-00458,2024-08-05,Delivered,Bank Transfer,Kitchen,LUNCH BAG WITH BLACK CAT,4,1.59,EU,2024-08-05
ORD-01059,CUST-00955,2024-01-18,Shipped,PayPal,Bathroom,BATH BUILDING BLOCK WORD,1,6.47,EU,2024-01-18
ORD-01060,CUST-00586,2023-07-04,Pending,Debit Card,Home Decor,ROSES REGENCY TEACUP AND SAUCER,2,3.75,EU,2023-07-04
ORD-01061,CUST-00467,2024-03-06,Delivered,Debit Card,Jewelry,BLACK SKULL GIFT BAG,12,1.66,EU,2024-03-06
ORD-01062,CUST-00783,2022-01-24,Delivered,Bank Transfer,Bathroom,DOORMAT ENGLAND,1,4.59,UK,2022-01-24
ORD-01063,CUST-00641,2022-01-09,Delivered,PayPal,Toys,FELTCRAFT GIRL AMELIE KIT,1,8.96,UK,2022-01-09
ORD-01064,CUST-00138,2022-01-18,Delivered,Apple Pay,Kitchen,LUNCH BOX WITH CUTLERY,3,3.80,EU,2022-01-18
ORD-01065,CUST-00199,2022-12-25,Delivered,Credit Card,Clothing,WORLD WAR 2 GLIDERS ASSTD DESIGNS,12,3.54,UK,2022-12-25
ORD-01066,CUST-00830,2024-08-11,Shipped,Apple Pay,Clothing,FELTCRAFT PETAL BAG,4,5.36,UK,2024-08-11
ORD-01067,CUST-00611,2023-05-24,Delivered,Credit Card,Garden,PLANT POT HOLDER,1,3.27,EU,2023-05-24
ORD-01068,CUST-00235,2023-03-11,Cancelled,Apple Pay,Stationery,GREETING CARD SAFARI,1,1.23,UK,2023-03-11
ORD-01069,CUST-00335,2024-08-04,Pending,Credit Card,Toys,FELTCRAFT PRINCESS CHARLOTTE DOLL,2,8.88,UK,2024-08-04
ORD-01070,CUST-00266,2022-01-27,Pending,Bank Transfer,Kitchen,JUMBO BAG STRAWBERRY,12,5.61,UK,2022-01-27
ORD-01071,CUST-00953,2022-06-15,Delivered,Apple Pay,Kitchen,JUMBO BAG RED RETROSPOT,2,4.99,UK,2022-06-15
ORD-01072,CUST-00507,2022-03-04,Delivered,Credit Card,Bathroom,DOORMAT UNION JACK,1,5.34,EU,2022-03-04
ORD-01073,CUST-00442,2022-08-22,Pending,PayPal,Stationery,"PAPER CRAFT , BABY GIRL",12,2.67,EU,2022-08-22
ORD-01074,CUST-00544,2022-11-24,Shipped,Debit Card,Jewelry,BLACK SKULL GIFT BAG,24,1.35,EU,2022-11-24
ORD-01075,CUST-00848,2023-12-20,Delivered,PayPal,Clothing,WOOLLY HOPPIE WHITE HEART,3,3.38,UK,2023-12-20
ORD-01076,CUST-00034,2023-01-07,Cancelled,Bank Transfer,Bathroom,BATH BUILDING BLOCK WORD,1,5.39,EU,2023-01-07
ORD-01077,CUST-00980,2023-04-08,Shipped,PayPal,Toys,WOODEN HEART CHRISTMAS SCANDI,3,2.20,UK,2023-04-08
ORD-01078,CUST-00638,2024-03-08,Refunded,PayPal,Kitchen,JUMBO BAG STRAWBERRY,2,5.33,EU,2024-03-08
ORD-01079,CUST-00292,2022-09-15,Delivered,Credit Card,Stationery,"PAPER CRAFT , BABY GIRL",12,3.49,EU,2022-09-15
ORD-01080,CUST-00141,2022-02-15,Delivered,Credit Card,Bathroom,BATH BOMB FIZZER SHEA BUTTER,2,1.31,UK,2022-02-15
ORD-01081,CUST-00817,2024-04-05,Cancelled,Bank Transfer,Toys,VINTAGE CHRISTMAS PAPER GIFT BAG,1,1.40,EU,2024-04-05
ORD-01082,CUST-00568,2024-02-21,Cancelled,Bank Transfer,Home Decor,SET OF 6 SKULLS GIFT BAGS,1,1.27,EU,2024-02-21
ORD-01083,CUST-00166,2023-06-14,Pending,PayPal,Stationery,"PAPER CRAFT , BABY GIRL",3,3.14,EU,2023-06-14
ORD-01084,CUST-00459,2024-01-08,Pending,PayPal,Kitchen,LUNCH BAG RED RETROSPOT,1,1.32,UK,2024-01-08
ORD-01085,CUST-00722,2022-02-13,Delivered,Credit Card,Kitchen,JUMBO BAG RED RETROSPOT,2,4.75,UK,2022-02-13
ORD-01086,CUST-00253,2022-03-23,Refunded,PayPal,Kitchen,JUMBO BAG RED RETROSPOT,2,4.80,UK,2022-03-23
ORD-01087,CUST-00370,2022-07-24,Delivered,Debit Card,Toys,FELTCRAFT GIRL AMELIE KIT,48,9.38,UK,2022-07-24
ORD-01088,CUST-00117,2023-03-22,Shipped,Apple Pay,Clothing,FELTCRAFT CUSHION FLOWER,1,9.01,UK,2023-03-22
ORD-01089,CUST-00881,2023-12-22,Delivered,PayPal,Toys,FELTCRAFT GIRL AMELIE KIT,4,9.25,UK,2023-12-22
ORD-01090,CUST-00509,2022-12-08,Shipped,Debit Card,Home Decor,HAND WARMER UNION JACK FLG,1,3.62,EU,2022-12-08
ORD-01091,CUST-00622,2024-08-19,Delivered,PayPal,Stationery,PAPER CHAIN KIT 50'S CHRISTMAS,1,1.66,EU,2024-08-19
ORD-01092,CUST-00859,2022-06-02,Pending,Apple Pay,Stationery,"PAPER CRAFT , BABY GIRL",12,3.04,EU,2022-06-02
ORD-01093,CUST-00066,2024-05-24,Delivered,Credit Card,Toys,FELTCRAFT GIRL AMELIE KIT,1,8.43,UK,2024-05-24
ORD-01094,CUST-00059,2022-11-15,Refunded,Apple Pay,Bathroom,DOORMAT UNION JACK,2,5.09,UK,2022-11-15
ORD-01095,CUST-00026,2023-04-03,Delivered,Bank Transfer,Clothing,MINI PAINT SET VINTAGE,1,2.76,UK,2023-04-03
ORD-01096,CUST-00128,2022-09-26,Delivered,Apple Pay,Bathroom,BATH BOMB FIZZER SHEA BUTTER,1,1.63,EU,2022-09-26
ORD-01097,CUST-00787,2024-02-15,Delivered,PayPal,Toys,FELTCRAFT BUTTERFLY PURSE,1,6.63,EU,2024-02-15
ORD-01098,CUST-00588,2023-12-26,Pending,Debit Card,Home Decor,WHITE HANGING HEART T-LIGHT HOLDER,2,3.25,EU,2023-12-26
ORD-01099,CUST-00044,2024-04-07,Delivered,Apple Pay,Bathroom,BATH BOMB FIZZER SHEA BUTTER,3,1.52,UK,2024-04-07
ORD-01100,CUST-00842,2023-09-13,Delivered,Bank Transfer,Toys,WOODEN HEART CHRISTMAS SCANDI,24,1.99,UK,2023-09-13
ORD-01101,CUST-00655,2023-08-28,Delivered,Credit Card,Home Decor,SET OF 6 SKULLS GIFT BAGS,3,1.20,EU,2023-08-28
ORD-01102,CUST-00834,2022-10-27,Pending,Bank Transfer,Stationery,PAPER CHAIN KIT VINTAGE CHRISTMAS,2,1.55,UK,2022-10-27
ORD-01103,CUST-00979,2024-09-02,Pending,Bank Transfer,Kitchen,LUNCH BAG RED RETROSPOT,1,1.52,EU,2024-09-02
ORD-01104,CUST-00585,2024-02-20,Shipped,Debit Card,Bathroom,DOORMAT UNION JACK,1,5.69,UK,2024-02-20
ORD-01105,CUST-00216,2023-08-29,Delivered,Apple Pay,Clothing,FELTCRAFT PETAL BAG,4,6.27,UK,2023-08-29
ORD-01106,CUST-00583,2022-01-16,Pending,PayPal,Kitchen,LUNCH BAG SUKI DESIGN,48,1.50,UK,2022-01-16
ORD-01107,CUST-00170,2022-05-23,Pending,Bank Transfer,Stationery,"PAPER CRAFT , BABY GIRL",12,3.50,UK,2022-05-23
ORD-01108,CUST-00053,2024-05-14,Shipped,Credit Card,Toys,VINTAGE CHRISTMAS PAPER GIFT BAG,2,1.70,EU,2024-05-14
ORD-01109,CUST-00421,2023-11-07,Pending,PayPal,Kitchen,JUMBO BAG RED RETROSPOT,12,5.44,UK,2023-11-07
ORD-01110,CUST-00098,2022-08-29,Shipped,Apple Pay,Toys,FELTCRAFT PRINCESS CHARLOTTE DOLL,24,10.20,EU,2022-08-29
ORD-01111,CUST-00586,2024-03-09,Delivered,Debit Card,Toys,VINTAGE CHRISTMAS PAPER GIFT BAG,3,1.69,EU,2024-03-09
ORD-01112,CUST-00919,2022-01-23,Delivered,Apple Pay,Kitchen,LUNCH BAG SUKI DESIGN,1,1.50,UK,2022-01-23
ORD-01113,CUST-00516,2023-11-09,Delivered,Credit Card,Jewelry,WHITE SKULL GIFT BAG,3,1.43,EU,2023-11-09
ORD-01114,CUST-00994,2022-11-08,Delivered,Debit Card,Toys,FELTCRAFT PRINCESS CHARLOTTE DOLL,24,10.46,UK,2022-11-08
ORD-01115,CUST-00777,2022-12-31,Delivered,Debit Card,Kitchen,LUNCH BAG SUKI DESIGN,2,1.69,EU,2022-12-31
ORD-01116,CUST-00585,2024-08-12,Pending,Debit Card,Stationery,"PAPER CRAFT , BABY BOY",48,2.99,UK,2024-08-12
ORD-01117,CUST-00064,2023-05-01,Shipped,Credit Card,Home Decor,HAND WARMER UNION JACK FLG,1,3.10,EU,2023-05-01
ORD-01118,CUST-00849,2022-03-29,Shipped,Bank Transfer,Home Decor,JUMBO BAG VINTAGE LEAF,12,5.02,UK,2022-03-29
ORD-01119,CUST-00094,2022-06-11,Delivered,Bank Transfer,Clothing,MINI PAINT SET VINTAGE,3,2.73,UK,2022-06-11
ORD-01120,CUST-00691,2023-11-18,Delivered,Apple Pay,Jewelry,PACK OF 6 SKULL PAPER PLATES,1,1.19,UK,2023-11-18
ORD-01121,CUST-00155,2024-08-23,Refunded,Bank Transfer,Stationery,GREETING CARD SAFARI,4,1.27,EU,2024-08-23
ORD-01122,CUST-00681,2022-12-30,Shipped,Credit Card,Jewelry,WHITE SKULL GIFT BAG,1,1.32,UK,2022-12-30
ORD-01123,CUST-00265,2022-12-30,Delivered,Bank Transfer,Kitchen,JUMBO SHOPPER VINTAGE RED PAISLEY,6,7.14,EU,2022-12-30
ORD-01124,CUST-00922,2022-10-18,Delivered,Apple Pay,Toys,FELTCRAFT BUTTERFLY PURSE,3,5.67,EU,2022-10-18
ORD-01125,CUST-00572,2022-04-20,Delivered,Bank Transfer,Home Decor,SET OF 6 SKULLS GIFT BAGS,2,1.27,UK,2022-04-20
ORD-01126,CUST-00595,2022-10-27,Delivered,Apple Pay,Jewelry,REGENCY TEACUP AND SAUCER,4,3.82,EU,2022-10-27
ORD-01127,CUST-00949,2023-09-17,Shipped,Apple Pay,Stationery,PAPER CHAIN KIT VINTAGE CHRISTMAS,4,1.43,EU,2023-09-17
ORD-01128,CUST-00255,2022-01-27,Shipped,Apple Pay,Clothing,FELTCRAFT DOLL MEGGY,1,9.70,EU,2022-01-27
ORD-01129,CUST-00320,2023-07-29,Shipped,Bank Transfer,Kitchen,LUNCH BOX WITH CUTLERY,1,3.39,EU,2023-07-29
ORD-01130,CUST-00146,2024-02-18,Shipped,Bank Transfer,Home Decor,REGENCY CAKESTAND 3 TIER,48,12.84,UK,2024-02-18
ORD-01131,CUST-00282,2024-09-17,Delivered,Debit Card,Toys,FELTCRAFT PRINCESS CHARLOTTE DOLL,3,8.06,UK,2024-09-17
ORD-01132,CUST-00273,2022-08-22,Delivered,Bank Transfer,Toys,FELTCRAFT PRINCESS CHARLOTTE DOLL,2,9.93,EU,2022-08-22
ORD-01133,CUST-00141,2024-02-10,Delivered,Apple Pay,Bathroom,BATH BOMB FIZZER SHEA BUTTER,2,1.37,UK,2024-02-10
ORD-01134,CUST-00590,2022-03-06,Pending,Credit Card,Kitchen,JUMBO BAG STRAWBERRY,2,5.38,UK,2022-03-06
ORD-01135,CUST-00220,2024-01-13,Shipped,Apple Pay,Kitchen,LUNCH BAG SUKI DESIGN,3,1.63,EU,2024-01-13
ORD-01136,CUST-00656,2024-01-02,Delivered,Debit Card,Home Decor,REGENCY CAKESTAND 3 TIER,48,14.81,EU,2024-01-02
ORD-01137,CUST-00219,2022-12-16,Shipped,Debit Card,Toys,WOODEN STAR CHRISTMAS SCANDI,4,2.28,UK,2022-12-16
ORD-01138,CUST-00045,2023-02-15,Shipped,Credit Card,Bathroom,BATH BOMB FIZZER SHEA BUTTER,2,1.53,UK,2023-02-15
ORD-01139,CUST-00932,2024-02-08,Shipped,Debit Card,Home Decor,REGENCY CAKESTAND 3 TIER,2,15.13,UK,2024-02-08
ORD-01140,CUST-00269,2023-10-28,Pending,Debit Card,Kitchen,LUNCH BAG SUKI DESIGN,3,1.49,UK,2023-10-28
ORD-01141,CUST-00714,2023-03-03,Delivered,Credit Card,Bathroom,DOORMAT ENGLAND,1,5.62,UK,2023-03-03
ORD-01142,CUST-00482,2024-08-11,Delivered,Apple Pay,Clothing,MINI PAINT SET VINTAGE,4,3.45,EU,2024-08-11
ORD-01143,CUST-00130,2024-02-11,Delivered,Credit Card,Clothing,WORLD WAR 2 GLIDERS ASSTD DESIGNS,1,3.13,EU,2024-02-11
ORD-01144,CUST-00560,2024-06-06,Delivered,Apple Pay,Toys,FELTCRAFT PRINCESS CHARLOTTE DOLL,48,10.01,UK,2024-06-06
ORD-01145,CUST-00149,2023-02-28,Delivered,Credit Card,Kitchen,LUNCH BAG RED RETROSPOT,1,1.50,EU,2023-02-28
ORD-01146,CUST-00807,2024-07-30,Shipped,Bank Transfer,Home Decor,SET OF 6 SKULLS GIFT BAGS,12,1.36,EU,2024-07-30
ORD-01147,CUST-00970,2023-07-06,Delivered,Debit Card,Bathroom,BATH BOMB FIZZER SHEA BUTTER,3,1.57,EU,2023-07-06
ORD-01148,CUST-00716,2023-03-27,Shipped,Apple Pay,Jewelry,PACK OF 6 SKULL PAPER PLATES,2,1.36,UK,2023-03-27
ORD-01149,CUST-00391,2022-04-03,Shipped,Apple Pay,Jewelry,PACK OF 6 SKULL PAPER CUPS,2,1.46,EU,2022-04-03
ORD-01150,CUST-00268,2022-05-08,Delivered,Apple Pay,Garden,GARDENERS KNEELER DESK,6,7.27,EU,2022-05-08
ORD-01151,CUST-00696,2023-05-05,Refunded,Debit Card,Home Decor,JUMBO BAG VINTAGE LEAF,1,5.48,UK,2023-05-05
ORD-01152,CUST-00714,2022-04-27,Pending,Credit Card,Garden,BIRD HOUSE WOODLAND,12,9.09,UK,2022-04-27
ORD-01153,CUST-00433,2023-09-03,Delivered,Apple Pay,Clothing,WOOLLY HOPPIE WHITE HEART,4,3.63,EU,2023-09-03
ORD-01154,CUST-00827,2023-02-25,Refunded,Debit Card,Stationery,PAPER CHAIN KIT 50'S CHRISTMAS,1,1.44,UK,2023-02-25
ORD-01155,CUST-00103,2023-09-06,Pending,Bank Transfer,Toys,VINTAGE CHRISTMAS PAPER GIFT BAG,3,1.45,UK,2023-09-06
ORD-01156,CUST-00008,2023-08-10,Shipped,Debit Card,Kitchen,JUMBO BAG RED RETROSPOT,1,5.43,UK,2023-08-10
ORD-01157,CUST-00306,2022-02-18,Shipped,Bank Transfer,Toys,FELTCRAFT GIRL AMELIE KIT,48,8.73,EU,2022-02-18
ORD-01158,CUST-00385,2024-01-29,Delivered,Apple Pay,Clothing,WOOLLY HOPPIE WHITE HEART,12,4.26,EU,2024-01-29
ORD-01159,CUST-00446,2024-03-19,Delivered,Debit Card,Stationery,"PAPER CRAFT , BABY GIRL",2,2.70,EU,2024-03-19
ORD-01160,CUST-00015,2023-05-17,Delivered,PayPal,Bathroom,DOORMAT SPOTTY,2,5.74,UK,2023-05-17
ORD-01161,CUST-00551,2022-11-12,Delivered,Debit Card,Home Decor,HAND WARMER UNION JACK FLG,3,3.85,UK,2022-11-12
ORD-01162,CUST-00197,2022-05-14,Shipped,PayPal,Toys,VINTAGE CHRISTMAS PAPER GIFT BAG,6,1.32,UK,2022-05-14
ORD-01163,CUST-00265,2024-05-24,Delivered,Bank Transfer,Stationery,PAPER CHAIN KIT 50'S CHRISTMAS,12,1.65,EU,2024-05-24
ORD-01164,CUST-00345,2023-10-10,Shipped,Apple Pay,Clothing,WORLD WAR 2 GLIDERS ASSTD DESIGNS,1,2.75,UK,2023-10-10
ORD-01165,CUST-00356,2024-08-12,Delivered,Debit Card,Home Decor,SET OF 6 SKULLS GIFT BAGS,24,1.13,UK,2024-08-12
ORD-01166,CUST-00877,2022-07-05,Refunded,Bank Transfer,Home Decor,JUMBO BAG VINTAGE LEAF,1,4.68,EU,2022-07-05
ORD-01167,CUST-00439,2023-02-15,Pending,PayPal,Toys,WOODEN STAR CHRISTMAS SCANDI,4,2.03,UK,2023-02-15
ORD-01168,CUST-00628,2022-07-01,Shipped,Credit Card,Kitchen,JUMBO BAG STRAWBERRY,2,4.61,EU,2022-07-01
ORD-01169,CUST-00095,2024-04-14,Refunded,Apple Pay,Garden,WATERING CAN PINK,24,6.88,UK,2024-04-14
ORD-01170,CUST-00817,2022-01-07,Delivered,Apple Pay,Toys,FELTCRAFT GIRL AMELIE KIT,3,10.72,EU,2022-01-07
ORD-01171,CUST-00016,2023-02-10,Delivered,Bank Transfer,Kitchen,LUNCH BAG RED RETROSPOT,2,1.53,EU,2023-02-10
ORD-01172,CUST-00573,2023-08-15,Delivered,PayPal,Kitchen,LUNCH BAG WITH BLACK CAT,1,1.34,UK,2023-08-15
ORD-01173,CUST-00455,2022-05-19,Refunded,Bank Transfer,Home Decor,WHITE HANGING HEART T-LIGHT HOLDER,24,2.90,UK,2022-05-19
ORD-01174,CUST-00812,2023-03-12,Pending,Credit Card,Bathroom,BATH BOMB FIZZER SHEA BUTTER,12,1.58,UK,2023-03-12
ORD-01175,CUST-00942,2022-08-23,Delivered,Bank Transfer,Home Decor,REGENCY CAKESTAND 3 TIER,1,13.50,UK,2022-08-23
ORD-01176,CUST-00351,2024-01-18,Shipped,Apple Pay,Home Decor,SET OF 6 SKULLS GIFT BAGS,2,1.39,EU,2024-01-18
ORD-01177,CUST-00050,2023-10-13,Shipped,PayPal,Stationery,GREETING CARD SAFARI,3,1.49,EU,2023-10-13
ORD-01178,CUST-00971,2023-11-19,Delivered,Debit Card,Toys,VINTAGE CHRISTMAS PAPER GIFT BAG,1,1.36,EU,2023-11-19
ORD-01179,CUST-00516,2024-02-10,Refunded,PayPal,Garden,GARDENERS KNEELER DESK,12,8.02,EU,2024-02-10
ORD-01180,CUST-00049,2022-11-09,Delivered,PayPal,Home Decor,HAND WARMER RED POLKA DOT,4,3.49,EU,2022-11-09
ORD-01181,CUST-00668,2022-07-21,Delivered,Credit Card,Stationery,GREETING CARD SAFARI,2,1.18,EU,2022-07-21
ORD-01182,CUST-00115,2024-01-01,Refunded,PayPal,Kitchen,LUNCH BAG WITH BLACK CAT,24,1.37,UK,2024-01-01
ORD-01183,CUST-00789,2024-09-27,Delivered,Apple Pay,Toys,FELTCRAFT PRINCESS CHARLOTTE DOLL,3,10.03,UK,2024-09-27
ORD-01184,CUST-00752,2023-02-12,Delivered,Debit Card,Kitchen,JUMBO SHOPPER VINTAGE RED PAISLEY,2,8.13,EU,2023-02-12
ORD-01185,CUST-00681,2022-06-20,Delivered,Credit Card,Bathroom,DOORMAT ENGLAND,3,5.46,UK,2022-06-20
ORD-01186,CUST-00197,2024-04-19,Pending,Bank Transfer,Toys,FELTCRAFT BUTTERFLY PURSE,3,6.58,UK,2024-04-19
ORD-01187,CUST-00363,2024-03-31,Delivered,Apple Pay,Clothing,FELTCRAFT CUSHION FLOWER,1,10.58,EU,2024-03-31
ORD-01188,CUST-00803,2022-09-19,Shipped,Debit Card,Garden,BIRD HOUSE WOODLAND,48,11.42,UK,2022-09-19
ORD-01189,CUST-00034,2022-08-24,Shipped,Apple Pay,Garden,BIRD HOUSE WOODLAND,3,11.32,EU,2022-08-24
ORD-01190,CUST-00516,2022-12-05,Delivered,PayPal,Kitchen,LUNCH BOX WITH CUTLERY,1,4.38,EU,2022-12-05
ORD-01191,CUST-00013,2024-03-17,Delivered,Credit Card,Home Decor,HAND WARMER RED POLKA DOT,12,3.93,UK,2024-03-17
ORD-01192,CUST-00528,2023-05-01,Delivered,Apple Pay,Kitchen,JUMBO BAG STRAWBERRY,4,5.04,UK,2023-05-01
ORD-01193,CUST-00927,2022-06-26,Shipped,PayPal,Kitchen,JUMBO BAG STRAWBERRY,12,4.97,UK,2022-06-26
ORD-01194,CUST-00939,2023-03-14,Pending,Apple Pay,Jewelry,REGENCY TEACUP AND SAUCER,48,3.67,UK,2023-03-14
ORD-01195,CUST-00216,2023-05-02,Delivered,Debit Card,Toys,FELTCRAFT PRINCESS CHARLOTTE DOLL,12,9.90,UK,2023-05-02
ORD-01196,CUST-00462,2023-10-20,Delivered,PayPal,Clothing,FELTCRAFT CUSHION FLOWER,6,9.27,UK,2023-10-20
ORD-01197,CUST-00247,2023-04-13,Refunded,Apple Pay,Jewelry,BLACK SKULL GIFT BAG,3,1.37,EU,2023-04-13
ORD-01198,CUST-00677,2024-04-03,Delivered,Apple Pay,Bathroom,BATH BOMB FIZZER SHEA BUTTER,12,1.62,EU,2024-04-03
ORD-01199,CUST-00436,2024-06-25,Delivered,Apple Pay,Jewelry,PACK OF 6 SKULL PAPER PLATES,3,1.42,EU,2024-06-25
ORD-01200,CUST-00063,2023-08-16,Delivered,Bank Transfer,Bathroom,DOORMAT SPOTTY,48,4.92,UK,2023-08-16
ORD-01201,CUST-00108,2022-09-17,Shipped,Credit Card,Bathroom,DOORMAT UNION JACK,12,5.47,EU,2022-09-17
ORD-01202,CUST-00830,2023-07-08,Delivered,Bank Transfer,Kitchen,JUMBO SHOPPER VINTAGE RED PAISLEY,12,8.31,UK,2023-07-08
ORD-01203,CUST-00728,2022-07-28,Delivered,Debit Card,Bathroom,BATH BOMB FIZZER SHEA BUTTER,1,1.36,UK,2022-07-28
ORD-01204,CUST-00607,2023-08-05,Delivered,Debit Card,Stationery,"PAPER CRAFT , BABY BOY",1,2.86,EU,2023-08-05
ORD-01205,CUST-01000,2023-05-27,Pending,Debit Card,Kitchen,LUNCH BAG SUKI DESIGN,48,1.59,UK,2023-05-27
ORD-01206,CUST-00967,2024-06-06,Delivered,Credit Card,Jewelry,PACK OF 6 SKULL PAPER CUPS,1,1.19,UK,2024-06-06
ORD-01207,CUST-00729,2022-05-30,Pending,Credit Card,Jewelry,PACK OF 6 SKULL PAPER CUPS,3,1.20,EU,2022-05-30
ORD-01208,CUST-00016,2022-01-17,Pending,Apple Pay,Home Decor,JUMBO BAG VINTAGE LEAF,1,5.78,EU,2022-01-17
ORD-01209,CUST-00396,2024-07-20,Pending,Apple Pay,Stationery,GREETING CARD SAFARI,2,1.17,EU,2024-07-20
ORD-01210,CUST-00688,2024-01-03,Shipped,Credit Card,Toys,FELTCRAFT BUTTERFLY PURSE,24,6.56,UK,2024-01-03
ORD-01211,CUST-00561,2023-01-28,Delivered,PayPal,Kitchen,JUMBO SHOPPER VINTAGE RED PAISLEY,6,6.65,UK,2023-01-28
ORD-01212,CUST-00064,2024-08-08,Shipped,Debit Card,Clothing,FELTCRAFT DOLL MEGGY,1,9.54,EU,2024-08-08
ORD-01213,CUST-00657,2024-03-16,Delivered,Bank Transfer,Kitchen,JUMBO SHOPPER VINTAGE RED PAISLEY,3,7.83,UK,2024-03-16
ORD-01214,CUST-00802,2022-05-22,Shipped,PayPal,Clothing,MINI PAINT SET VINTAGE,6,3.14,UK,2022-05-22
ORD-01215,CUST-00419,2022-04-11,Pending,Debit Card,Jewelry,PACK OF 6 SKULL PAPER PLATES,2,1.38,UK,2022-04-11
ORD-01216,CUST-00751,2024-07-26,Shipped,PayPal,Home Decor,HAND WARMER UNION JACK FLG,2,3.82,EU,2024-07-26
ORD-01217,CUST-00837,2023-08-26,Shipped,Credit Card,Bathroom,DOORMAT UNION JACK,24,5.87,UK,2023-08-26
ORD-01218,CUST-00340,2023-03-20,Refunded,Bank Transfer,Home Decor,HAND WARMER UNION JACK FLG,24,3.10,UK,2023-03-20
ORD-01219,CUST-00433,2023-10-25,Shipped,PayPal,Bathroom,DOORMAT UNION JACK,1,4.47,EU,2023-10-25
ORD-01220,CUST-00307,2024-07-02,Refunded,Debit Card,Kitchen,JUMBO SHOPPER VINTAGE RED PAISLEY,4,7.72,UK,2024-07-02
ORD-01221,CUST-00289,2022-04-13,Shipped,Apple Pay,Home Decor,WHITE HANGING HEART T-LIGHT HOLDER,6,3.13,EU,2022-04-13
ORD-01222,CUST-00276,2022-01-16,Shipped,Apple Pay,Jewelry,HEART OF WICKER LARGE,2,5.23,UK,2022-01-16
ORD-01223,CUST-00779,2022-10-29,Delivered,Bank Transfer,Home Decor,ROSES REGENCY TEACUP AND SAUCER,2,3.99,EU,2022-10-29
ORD-01224,CUST-00548,2022-06-13,Shipped,Bank Transfer,Clothing,FELTCRAFT DOLL MEGGY,3,9.72,UK,2022-06-13
ORD-01225,CUST-00804,2023-07-26,Delivered,Apple Pay,Home Decor,WHITE HANGING HEART T-LIGHT HOLDER,3,3.13,EU,2023-07-26
ORD-01226,CUST-00122,2023-10-19,Delivered,Apple Pay,Toys,WOODEN STAR CHRISTMAS SCANDI,3,2.15,EU,2023-10-19
ORD-01227,CUST-00075,2023-03-16,Shipped,Bank Transfer,Garden,WATERING CAN PINK,1,6.79,EU,2023-03-16
ORD-01228,CUST-00865,2022-01-24,Delivered,Debit Card,Kitchen,JUMBO BAG STRAWBERRY,3,5.79,EU,2022-01-24
ORD-01229,CUST-00130,2024-06-21,Delivered,PayPal,Home Decor,HAND WARMER UNION JACK FLG,24,3.19,EU,2024-06-21
ORD-01230,CUST-00466,2024-06-12,Shipped,Credit Card,Jewelry,WHITE SKULL GIFT BAG,3,1.55,UK,2024-06-12
ORD-01231,CUST-00310,2024-08-24,Refunded,Apple Pay,Kitchen,JUMBO SHOPPER VINTAGE RED PAISLEY,3,6.27,EU,2024-08-24
ORD-01232,CUST-00378,2023-01-05,Shipped,PayPal,Kitchen,LUNCH BAG WITH BLACK CAT,24,1.65,UK,2023-01-05
ORD-01233,CUST-00995,2023-12-25,Pending,Debit Card,Kitchen,LUNCH BAG SUKI DESIGN,2,1.50,EU,2023-12-25
ORD-01234,CUST-00500,2022-03-18,Pending,Apple Pay,Bathroom,DOORMAT ENGLAND,2,4.73,EU,2022-03-18
ORD-01235,CUST-00149,2023-02-17,Cancelled,Bank Transfer,Bathroom,DOORMAT UNION JACK,1,5.51,EU,2023-02-17
ORD-01236,CUST-00273,2023-05-04,Shipped,Apple Pay,Home Decor,JUMBO BAG VINTAGE LEAF,1,5.35,EU,2023-05-04
ORD-01237,CUST-00077,2024-07-24,Delivered,PayPal,Stationery,"PAPER CRAFT , BABY BOY",1,3.28,EU,2024-07-24
ORD-01238,CUST-00273,2023-11-29,Shipped,Bank Transfer,Kitchen,LUNCH BAG WITH BLACK CAT,1,1.55,EU,2023-11-29
ORD-01239,CUST-00854,2022-05-10,Pending,Apple Pay,Home Decor,HAND WARMER RED POLKA DOT,2,3.84,EU,2022-05-10
ORD-01240,CUST-00145,2024-04-30,Pending,Apple Pay,Kitchen,LUNCH BAG WITH BLACK CAT,12,1.46,UK,2024-04-30
ORD-01241,CUST-00019,2022-08-13,Cancelled,PayPal,Clothing,FELTCRAFT DOLL MEGGY,1,9.75,UK,2022-08-13
ORD-01242,CUST-00420,2022-08-05,Delivered,PayPal,Bathroom,DOORMAT UNION JACK,48,5.14,UK,2022-08-05
ORD-01243,CUST-00868,2024-07-30,Delivered,PayPal,Toys,WOODEN STAR CHRISTMAS SCANDI,48,2.05,UK,2024-07-30
ORD-01244,CUST-00909,2022-03-01,Pending,Apple Pay,Clothing,FELTCRAFT DOLL MEGGY,12,8.81,UK,2022-03-01
ORD-01245,CUST-00668,2024-01-05,Delivered,Credit Card,Toys,FELTCRAFT GIRL AMELIE KIT,1,9.90,EU,2024-01-05
ORD-01246,CUST-00140,2023-07-10,Cancelled,PayPal,Stationery,PAPER CHAIN KIT VINTAGE CHRISTMAS,1,1.71,EU,2023-07-10
ORD-01247,CUST-00007,2024-08-23,Delivered,Credit Card,Toys,WOODEN STAR CHRISTMAS SCANDI,1,2.21,UK,2024-08-23
ORD-01248,CUST-00094,2023-09-18,Shipped,Bank Transfer,Kitchen,LUNCH BAG SUKI DESIGN,3,1.73,UK,2023-09-18
ORD-01249,CUST-00908,2022-11-19,Shipped,Credit Card,Kitchen,LUNCH BAG RED RETROSPOT,48,1.59,EU,2022-11-19
ORD-01250,CUST-00766,2024-04-16,Delivered,Bank Transfer,Home Decor,HAND WARMER RED POLKA DOT,4,3.28,UK,2024-04-16
ORD-01251,CUST-00055,2023-04-19,Pending,Bank Transfer,Jewelry,PACK OF 6 SKULL PAPER CUPS,1,1.14,EU,2023-04-19
ORD-01252,CUST-00608,2023-05-11,Shipped,Credit Card,Garden,GARDENERS KNEELER DESK,4,7.17,UK,2023-05-11
ORD-01253,CUST-00899,2023-12-30,Shipped,PayPal,Toys,VINTAGE CHRISTMAS PAPER GIFT BAG,3,1.44,EU,2023-12-30
ORD-01254,CUST-00233,2023-04-25,Delivered,Apple Pay,Jewelry,BLACK SKULL GIFT BAG,1,1.55,UK,2023-04-25
ORD-01255,CUST-00587,2022-05-15,Delivered,PayPal,Home Decor,SET OF 3 BUTTERFLY COOKIE CUTTERS,12,2.00,UK,2022-05-15
ORD-01256,CUST-00980,2024-01-21,Pending,Apple Pay,Toys,WOODEN STAR CHRISTMAS SCANDI,6,2.00,UK,2024-01-21
ORD-01257,CUST-00813,2023-05-01,Shipped,PayPal,Clothing,FELTCRAFT DOLL MEGGY,3,8.43,EU,2023-05-01
ORD-01258,CUST-00831,2024-01-13,Delivered,Credit Card,Toys,FELTCRAFT PRINCESS CHARLOTTE DOLL,1,10.48,UK,2024-01-13
ORD-01259,CUST-00265,2023-07-29,Delivered,Bank Transfer,Garden,GARDEN TOOL SET 3PC,1,13.02,EU,2023-07-29
ORD-01260,CUST-00228,2022-10-31,Shipped,PayPal,Clothing,WOOLLY HOPPIE WHITE HEART,1,3.90,UK,2022-10-31
ORD-01261,CUST-00449,2022-09-05,Shipped,Debit Card,Bathroom,BATH BOMB FIZZER SHEA BUTTER,3,1.69,EU,2022-09-05
ORD-01262,CUST-00431,2023-07-13,Delivered,Bank Transfer,Toys,FELTCRAFT GIRL AMELIE KIT,1,10.37,EU,2023-07-13
ORD-01263,CUST-00459,2024-01-05,Refunded,PayPal,Home Decor,ROSES REGENCY TEACUP AND SAUCER,3,3.62,UK,2024-01-05
ORD-01264,CUST-00954,2024-09-17,Shipped,Debit Card,Toys,FELTCRAFT PRINCESS CHARLOTTE DOLL,3,9.52,EU,2024-09-17
ORD-01265,CUST-00392,2024-07-25,Pending,Credit Card,Jewelry,WHITE SKULL GIFT BAG,48,1.43,UK,2024-07-25
ORD-01266,CUST-00339,2024-08-07,Shipped,Credit Card,Garden,GARDEN TOOL SET 3PC,1,14.83,UK,2024-08-07
ORD-01267,CUST-00403,2022-03-23,Shipped,Bank Transfer,Garden,WATERING CAN PINK,2,5.95,EU,2022-03-23
ORD-01268,CUST-00164,2022-01-10,Delivered,Apple Pay,Home Decor,SET OF 3 BUTTERFLY COOKIE CUTTERS,3,2.18,EU,2022-01-10
ORD-01269,CUST-00960,2022-02-13,Delivered,PayPal,Garden,GARDEN TOOL SET 3PC,24,12.92,UK,2022-02-13
ORD-01270,CUST-00749,2024-06-29,Shipped,Credit Card,Home Decor,HAND WARMER UNION JACK FLG,4,3.66,EU,2024-06-29
ORD-01271,CUST-00103,2022-04-08,Delivered,Credit Card,Stationery,GREETING CARD SAFARI,6,1.48,UK,2022-04-08
ORD-01272,CUST-00146,2023-04-01,Delivered,Credit Card,Garden,GARDEN TOOL SET 3PC,6,14.39,UK,2023-04-01
ORD-01273,CUST-00704,2023-02-20,Delivered,PayPal,Clothing,WORLD WAR 2 GLIDERS ASSTD DESIGNS,1,3.22,UK,2023-02-20
ORD-01274,CUST-00942,2022-10-02,Delivered,Credit Card,Home Decor,SET OF 6 SKULLS GIFT BAGS,2,1.47,UK,2022-10-02
ORD-01275,CUST-00699,2023-11-14,Pending,Bank Transfer,Home Decor,JUMBO BAG VINTAGE LEAF,48,5.78,UK,2023-11-14
ORD-01276,CUST-00923,2023-01-01,Delivered,Credit Card,Garden,GARDENERS KNEELER DESK,6,9.30,UK,2023-01-01
ORD-01277,CUST-00011,2023-12-18,Cancelled,Credit Card,Home Decor,REGENCY CAKESTAND 3 TIER,12,14.38,UK,2023-12-18
ORD-01278,CUST-00328,2024-08-10,Shipped,PayPal,Kitchen,LUNCH BAG SUKI DESIGN,2,1.68,EU,2024-08-10
ORD-01279,CUST-00990,2023-03-27,Delivered,Apple Pay,Jewelry,BLACK SKULL GIFT BAG,4,1.56,UK,2023-03-27
ORD-01280,CUST-00348,2024-05-04,Delivered,Bank Transfer,Home Decor,HAND WARMER RED POLKA DOT,2,3.10,EU,2024-05-04
ORD-01281,CUST-00722,2023-07-18,Pending,PayPal,Home Decor,ROSES REGENCY TEACUP AND SAUCER,12,3.90,UK,2023-07-18
ORD-01282,CUST-00726,2022-01-29,Cancelled,Credit Card,Clothing,FELTCRAFT PETAL BAG,3,6.01,EU,2022-01-29
ORD-01283,CUST-00050,2023-11-25,Delivered,PayPal,Home Decor,WHITE HANGING HEART T-LIGHT HOLDER,48,2.91,EU,2023-11-25
ORD-01284,CUST-00792,2023-08-16,Pending,PayPal,Clothing,FELTCRAFT DOLL MEGGY,1,9.91,EU,2023-08-16
ORD-01285,CUST-00357,2023-03-15,Pending,Apple Pay,Kitchen,LUNCH BAG WITH BLACK CAT,24,1.69,EU,2023-03-15
ORD-01286,CUST-00716,2022-11-04,Delivered,Credit Card,Clothing,MINI PAINT SET VINTAGE,1,2.72,UK,2022-11-04
ORD-01287,CUST-00979,2023-09-23,Delivered,Debit Card,Home Decor,SET OF 6 SKULLS GIFT BAGS,48,1.25,EU,2023-09-23
ORD-01288,CUST-00983,2022-09-07,Cancelled,Apple Pay,Toys,FELTCRAFT PRINCESS CHARLOTTE DOLL,2,10.10,EU,2022-09-07
ORD-01289,CUST-00349,2022-02-04,Pending,Bank Transfer,Kitchen,LUNCH BOX WITH CUTLERY,1,3.81,EU,2022-02-04
ORD-01290,CUST-00584,2023-08-08,Delivered,Apple Pay,Jewelry,PACK OF 6 SKULL PAPER CUPS,1,1.13,UK,2023-08-08
ORD-01291,CUST-00061,2023-05-04,Shipped,Debit Card,Kitchen,JUMBO BAG STRAWBERRY,3,5.52,EU,2023-05-04
ORD-01292,CUST-00491,2024-01-04,Delivered,Debit Card,Toys,VINTAGE CHRISTMAS PAPER GIFT BAG,1,1.60,EU,2024-01-04
ORD-01293,CUST-00679,2023-08-18,Delivered,PayPal,Home Decor,ROSES REGENCY TEACUP AND SAUCER,3,3.70,UK,2023-08-18
ORD-01294,CUST-00883,2023-04-15,Shipped,Debit Card,Home Decor,SET OF 6 SKULLS GIFT BAGS,1,1.27,EU,2023-04-15
ORD-01295,CUST-00343,2022-12-23,Delivered,Credit Card,Garden,GARDENERS KNEELER DESK,1,7.54,UK,2022-12-23
ORD-01296,CUST-00506,2022-05-14,Delivered,Debit Card,Home Decor,SET OF 3 BUTTERFLY COOKIE CUTTERS,48,1.94,EU,2022-05-14
ORD-01297,CUST-00293,2023-08-20,Pending,Debit Card,Kitchen,LUNCH BAG RED RETROSPOT,2,1.42,UK,2023-08-20
ORD-01298,CUST-00678,2024-03-19,Shipped,PayPal,Jewelry,PACK OF 6 SKULL PAPER CUPS,4,1.18,UK,2024-03-19
ORD-01299,CUST-00877,2022-02-02,Delivered,Bank Transfer,Kitchen,LUNCH BAG RED RETROSPOT,1,1.63,EU,2022-02-02
ORD-01300,CUST-00860,2023-10-15,Delivered,Apple Pay,Clothing,WOOLLY HOPPIE WHITE HEART,1,3.65,UK,2023-10-15
ORD-01301,CUST-00570,2022-06-05,Delivered,Credit Card,Stationery,PAPER CHAIN KIT VINTAGE CHRISTMAS,3,1.41,UK,2022-06-05
ORD-01302,CUST-00091,2022-05-20,Delivered,Credit Card,Garden,BIRD HOUSE WOODLAND,2,9.61,EU,2022-05-20
ORD-01303,CUST-00289,2024-07-22,Delivered,Apple Pay,Clothing,WOOLLY HOPPIE WHITE HEART,2,4.47,EU,2024-07-22
ORD-01304,CUST-00570,2024-05-31,Shipped,Debit Card,Toys,FELTCRAFT PRINCESS CHARLOTTE DOLL,2,10.36,UK,2024-05-31
ORD-01305,CUST-00608,2022-06-21,Shipped,Debit Card,Clothing,FELTCRAFT PETAL BAG,3,6.11,UK,2022-06-21
ORD-01306,CUST-00977,2022-07-03,Delivered,Debit Card,Bathroom,BATH BUILDING BLOCK WORD,2,6.79,UK,2022-07-03
ORD-01307,CUST-00469,2022-09-19,Delivered,Bank Transfer,Garden,WATERING CAN PINK,2,5.69,UK,2022-09-19
ORD-01308,CUST-00912,2024-07-18,Delivered,Credit Card,Home Decor,HAND WARMER UNION JACK FLG,4,3.18,UK,2024-07-18
ORD-01309,CUST-00821,2024-02-09,Delivered,Debit Card,Garden,PLANT POT HOLDER,12,2.85,UK,2024-02-09
ORD-01310,CUST-00194,2023-10-25,Delivered,Debit Card,Stationery,"PAPER CRAFT , BABY GIRL",4,2.80,UK,2023-10-25
ORD-01311,CUST-00070,2022-05-08,Delivered,Bank Transfer,Garden,PLANT POT HOLDER,24,3.12,EU,2022-05-08
ORD-01312,CUST-00741,2023-03-21,Pending,Credit Card,Home Decor,WHITE HANGING HEART T-LIGHT HOLDER,4,3.16,EU,2023-03-21
ORD-01313,CUST-00516,2023-07-18,Delivered,Apple Pay,Stationery,"PAPER CRAFT , BABY GIRL",1,2.98,EU,2023-07-18
ORD-01314,CUST-00902,2024-09-23,Delivered,Credit Card,Garden,GARDENERS KNEELER DESK,3,8.26,EU,2024-09-23
ORD-01315,CUST-00391,2024-02-08,Refunded,PayPal,Toys,FELTCRAFT BUTTERFLY PURSE,3,6.62,EU,2024-02-08
ORD-01316,CUST-00940,2023-12-18,Delivered,Debit Card,Bathroom,BATH BUILDING BLOCK WORD,2,6.72,UK,2023-12-18
ORD-01317,CUST-00069,2022-06-08,Delivered,Apple Pay,Toys,FELTCRAFT BUTTERFLY PURSE,48,6.44,UK,2022-06-08
ORD-01318,CUST-00492,2024-09-11,Delivered,Credit Card,Home Decor,JUMBO BAG VINTAGE LEAF,6,4.87,EU,2024-09-11
ORD-01319,CUST-00674,2024-01-10,Delivered,Debit Card,Kitchen,LUNCH BAG RED RETROSPOT,48,1.37,EU,2024-01-10
ORD-01320,CUST-00002,2022-10-29,Delivered,Debit Card,Kitchen,JUMBO BAG RED RETROSPOT,1,4.77,UK,2022-10-29
ORD-01321,CUST-00139,2022-04-01,Shipped,Bank Transfer,Jewelry,REGENCY TEACUP AND SAUCER,24,3.44,UK,2022-04-01
ORD-01322,CUST-00286,2024-02-07,Delivered,Credit Card,Jewelry,BLACK SKULL GIFT BAG,1,1.36,EU,2024-02-07
ORD-01323,CUST-00068,2023-08-15,Delivered,Debit Card,Stationery,PAPER CHAIN KIT VINTAGE CHRISTMAS,48,1.72,UK,2023-08-15
ORD-01324,CUST-00718,2024-01-23,Pending,Credit Card,Home Decor,WHITE HANGING HEART T-LIGHT HOLDER,4,3.31,EU,2024-01-23
ORD-01325,CUST-00650,2024-01-02,Delivered,Debit Card,Home Decor,SET OF 3 BUTTERFLY COOKIE CUTTERS,48,1.92,EU,2024-01-02
ORD-01326,CUST-00873,2023-01-03,Delivered,Debit Card,Kitchen,LUNCH BAG WITH BLACK CAT,1,1.50,EU,2023-01-03
ORD-01327,CUST-00713,2022-02-12,Delivered,Debit Card,Kitchen,LUNCH BAG RED RETROSPOT,1,1.62,UK,2022-02-12
ORD-01328,CUST-00516,2023-02-21,Shipped,Debit Card,Kitchen,JUMBO SHOPPER VINTAGE RED PAISLEY,2,8.10,EU,2023-02-21
ORD-01329,CUST-00003,2024-01-03,Delivered,Debit Card,Clothing,WOOLLY HOPPIE WHITE HEART,48,3.44,EU,2024-01-03
ORD-01330,CUST-00958,2024-07-13,Delivered,Apple Pay,Stationery,"PAPER CRAFT , BABY BOY",2,2.97,EU,2024-07-13
ORD-01331,CUST-00551,2022-01-24,Delivered,Apple Pay,Home Decor,SET OF 6 SKULLS GIFT BAGS,1,1.15,UK,2022-01-24
ORD-01332,CUST-00092,2024-01-31,Pending,PayPal,Stationery,PAPER CHAIN KIT VINTAGE CHRISTMAS,4,1.66,UK,2024-01-31
ORD-01333,CUST-00388,2023-08-20,Delivered,Apple Pay,Jewelry,HEART OF WICKER SMALL,1,2.31,UK,2023-08-20
ORD-01334,CUST-00224,2022-09-11,Delivered,Apple Pay,Kitchen,LUNCH BAG SUKI DESIGN,24,1.32,EU,2022-09-11
ORD-01335,CUST-00841,2022-06-16,Shipped,Credit Card,Bathroom,DOORMAT UNION JACK,1,5.03,UK,2022-06-16
ORD-01336,CUST-00821,2022-01-15,Delivered,PayPal,Home Decor,ROSES REGENCY TEACUP AND SAUCER,24,3.85,UK,2022-01-15
ORD-01337,CUST-00416,2023-03-04,Delivered,Bank Transfer,Toys,FELTCRAFT BUTTERFLY PURSE,12,7.08,UK,2023-03-04
ORD-01338,CUST-00472,2022-08-28,Delivered,Debit Card,Clothing,MINI PAINT SET VINTAGE,12,2.69,EU,2022-08-28
ORD-01339,CUST-00087,2023-01-06,Pending,Apple Pay,Jewelry,PACK OF 6 SKULL PAPER CUPS,3,1.27,EU,2023-01-06
ORD-01340,CUST-00294,2022-02-07,Delivered,Bank Transfer,Clothing,MINI PAINT SET VINTAGE,6,2.92,EU,2022-02-07
ORD-01341,CUST-00401,2022-07-13,Delivered,Apple Pay,Home Decor,ROSES REGENCY TEACUP AND SAUCER,4,4.06,EU,2022-07-13
ORD-01342,CUST-00427,2023-01-21,Shipped,Debit Card,Garden,PLANT POT HOLDER,1,3.23,UK,2023-01-21
ORD-01343,CUST-00133,2024-05-04,Pending,PayPal,Home Decor,REGENCY CAKESTAND 3 TIER,2,13.13,UK,2024-05-04
ORD-01344,CUST-00992,2023-11-13,Pending,PayPal,Kitchen,LUNCH BOX WITH CUTLERY,1,4.26,UK,2023-11-13
ORD-01345,CUST-00964,2023-11-21,Shipped,Apple Pay,Jewelry,BLACK SKULL GIFT BAG,3,1.44,UK,2023-11-21
ORD-01346,CUST-00871,2023-07-01,Delivered,Apple Pay,Toys,VINTAGE CHRISTMAS PAPER GIFT BAG,3,1.72,EU,2023-07-01
ORD-01347,CUST-00974,2024-08-10,Delivered,Debit Card,Clothing,WOOLLY HOPPIE WHITE HEART,3,4.21,EU,2024-08-10
ORD-01348,CUST-00742,2023-11-05,Delivered,Bank Transfer,Bathroom,DOORMAT SPOTTY,24,5.51,EU,2023-11-05
ORD-01349,CUST-00270,2022-09-03,Delivered,PayPal,Home Decor,SET OF 6 SKULLS GIFT BAGS,1,1.25,EU,2022-09-03
ORD-01350,CUST-00970,2023-01-10,Delivered,PayPal,Stationery,GREETING CARD SAFARI,48,1.19,EU,2023-01-10
ORD-01351,CUST-00545,2022-07-27,Cancelled,Credit Card,Bathroom,BATH BUILDING BLOCK WORD,1,5.82,EU,2022-07-27
ORD-01352,CUST-00829,2024-05-04,Shipped,Apple Pay,Clothing,WORLD WAR 2 GLIDERS ASSTD DESIGNS,1,2.72,UK,2024-05-04
ORD-01353,CUST-00512,2022-10-01,Shipped,Bank Transfer,Stationery,PAPER CHAIN KIT 50'S CHRISTMAS,1,1.73,EU,2022-10-01
ORD-01354,CUST-00798,2023-11-23,Shipped,PayPal,Clothing,FELTCRAFT DOLL MEGGY,2,9.91,EU,2023-11-23
ORD-01355,CUST-00816,2024-01-08,Delivered,PayPal,Stationery,GREETING CARD SAFARI,2,1.39,EU,2024-01-08
ORD-01356,CUST-00740,2024-09-17,Shipped,PayPal,Jewelry,WHITE SKULL GIFT BAG,2,1.39,UK,2024-09-17
ORD-01357,CUST-00578,2023-01-31,Cancelled,Apple Pay,Toys,WOODEN STAR CHRISTMAS SCANDI,48,1.91,EU,2023-01-31
ORD-01358,CUST-00796,2023-03-18,Shipped,PayPal,Toys,VINTAGE CHRISTMAS PAPER GIFT BAG,2,1.66,UK,2023-03-18
ORD-01359,CUST-00130,2022-01-23,Delivered,Credit Card,Kitchen,JUMBO SHOPPER VINTAGE RED PAISLEY,1,6.85,EU,2022-01-23
ORD-01360,CUST-00587,2024-07-28,Cancelled,Apple Pay,Garden,GARDEN TOOL SET 3PC,24,15.29,UK,2024-07-28
ORD-01361,CUST-00090,2022-05-27,Shipped,PayPal,Garden,GARDEN TOOL SET 3PC,1,13.21,UK,2022-05-27
ORD-01362,CUST-00590,2022-07-06,Pending,Debit Card,Garden,BIRD HOUSE WOODLAND,2,11.48,UK,2022-07-06
ORD-01363,CUST-00014,2022-09-03,Shipped,Apple Pay,Stationery,GREETING CARD SAFARI,12,1.23,UK,2022-09-03
ORD-01364,CUST-00122,2024-04-13,Shipped,PayPal,Bathroom,DOORMAT UNION JACK,1,4.64,EU,2024-04-13
ORD-01365,CUST-00667,2024-07-07,Shipped,Bank Transfer,Toys,FELTCRAFT PRINCESS CHARLOTTE DOLL,3,8.72,UK,2024-07-07
ORD-01366,CUST-00837,2022-11-13,Shipped,Credit Card,Kitchen,LUNCH BAG SUKI DESIGN,2,1.44,UK,2022-11-13
ORD-01367,CUST-00464,2023-04-14,Shipped,Credit Card,Jewelry,PACK OF 6 SKULL PAPER CUPS,2,1.37,EU,2023-04-14
ORD-01368,CUST-00031,2023-05-23,Cancelled,PayPal,Toys,FELTCRAFT PRINCESS CHARLOTTE DOLL,3,10.02,UK,2023-05-23
ORD-01369,CUST-00942,2023-01-13,Delivered,Bank Transfer,Home Decor,REGENCY CAKESTAND 3 TIER,1,11.93,UK,2023-01-13
ORD-01370,CUST-00095,2023-01-07,Delivered,PayPal,Toys,FELTCRAFT BUTTERFLY PURSE,1,5.63,UK,2023-01-07
ORD-01371,CUST-00757,2024-03-27,Delivered,PayPal,Home Decor,JUMBO BAG VINTAGE LEAF,2,5.80,EU,2024-03-27
ORD-01372,CUST-00865,2022-02-19,Pending,Debit Card,Clothing,WOOLLY HOPPIE WHITE HEART,4,4.14,EU,2022-02-19
ORD-01373,CUST-00659,2023-11-24,Pending,Apple Pay,Home Decor,REGENCY CAKESTAND 3 TIER,12,15.05,EU,2023-11-24
ORD-01374,CUST-00421,2022-08-16,Cancelled,Bank Transfer,Garden,GARDEN TOOL SET 3PC,12,14.84,UK,2022-08-16
ORD-01375,CUST-00464,2022-11-28,Delivered,Debit Card,Kitchen,LUNCH BAG WITH BLACK CAT,3,1.48,EU,2022-11-28
ORD-01376,CUST-00480,2023-10-24,Delivered,PayPal,Home Decor,WHITE HANGING HEART T-LIGHT HOLDER,1,3.46,UK,2023-10-24
ORD-01377,CUST-00835,2022-03-06,Pending,PayPal,Kitchen,LUNCH BOX WITH CUTLERY,6,4.42,UK,2022-03-06
ORD-01378,CUST-00334,2022-02-07,Pending,Debit Card,Jewelry,BLACK SKULL GIFT BAG,3,1.73,UK,2022-02-07
ORD-01379,CUST-00496,2022-11-13,Shipped,Bank Transfer,Clothing,WOOLLY HOPPIE WHITE HEART,1,3.52,UK,2022-11-13
ORD-01380,CUST-00679,2022-11-05,Shipped,Apple Pay,Home Decor,ROSES REGENCY TEACUP AND SAUCER,1,3.40,UK,2022-11-05
ORD-01381,CUST-00709,2023-02-12,Delivered,Credit Card,Kitchen,LUNCH BAG SUKI DESIGN,6,1.40,UK,2023-02-12
ORD-01382,CUST-00507,2022-07-22,Shipped,PayPal,Home Decor,REGENCY CAKESTAND 3 TIER,24,12.23,EU,2022-07-22
ORD-01383,CUST-00360,2022-06-30,Cancelled,Credit Card,Clothing,FELTCRAFT CUSHION FLOWER,1,11.27,UK,2022-06-30
ORD-01384,CUST-00616,2024-05-26,Delivered,Debit Card,Jewelry,BLACK SKULL GIFT BAG,1,1.62,EU,2024-05-26
ORD-01385,CUST-00353,2022-12-27,Delivered,Debit Card,Kitchen,LUNCH BAG WITH BLACK CAT,4,1.73,UK,2022-12-27
ORD-01386,CUST-00932,2023-12-11,Delivered,Bank Transfer,Bathroom,BATH BUILDING BLOCK WORD,1,5.62,UK,2023-12-11
ORD-01387,CUST-00233,2023-09-10,Delivered,Credit Card,Clothing,WORLD WAR 2 GLIDERS ASSTD DESIGNS,3,3.45,UK,2023-09-10
ORD-01388,CUST-00295,2024-04-28,Delivered,Debit Card,Garden,WATERING CAN PINK,12,6.59,UK,2024-04-28
ORD-01389,CUST-00801,2023-03-14,Pending,PayPal,Garden,PLANT POT HOLDER,1,2.86,UK,2023-03-14
ORD-01390,CUST-00996,2022-02-20,Delivered,Bank Transfer,Home Decor,HAND WARMER RED POLKA DOT,2,3.14,UK,2022-02-20
ORD-01391,CUST-00047,2024-03-17,Refunded,Apple Pay,Toys,VINTAGE CHRISTMAS PAPER GIFT BAG,1,1.57,UK,2024-03-17
ORD-01392,CUST-00827,2022-02-09,Pending,Bank Transfer,Home Decor,REGENCY CAKESTAND 3 TIER,6,12.24,UK,2022-02-09
ORD-01393,CUST-00128,2024-05-15,Refunded,Apple Pay,Kitchen,LUNCH BOX WITH CUTLERY,2,3.77,EU,2024-05-15
ORD-01394,CUST-00228,2022-07-07,Delivered,Bank Transfer,Toys,FELTCRAFT BUTTERFLY PURSE,4,6.48,UK,2022-07-07
ORD-01395,CUST-00683,2022-09-26,Delivered,PayPal,Jewelry,WHITE SKULL GIFT BAG,2,1.61,EU,2022-09-26
ORD-01396,CUST-00799,2024-02-11,Shipped,Debit Card,Stationery,PAPER CHAIN KIT 50'S CHRISTMAS,2,1.45,EU,2024-02-11
ORD-01397,CUST-00215,2022-05-26,Refunded,Apple Pay,Home Decor,SET OF 3 BUTTERFLY COOKIE CUTTERS,48,2.33,UK,2022-05-26
ORD-01398,CUST-00018,2022-09-17,Refunded,PayPal,Jewelry,WHITE SKULL GIFT BAG,1,1.57,UK,2022-09-17
ORD-01399,CUST-00574,2024-01-05,Delivered,Debit Card,Jewelry,REGENCY TEACUP AND SAUCER,12,4.01,EU,2024-01-05
ORD-01400,CUST-00183,2023-01-22,Shipped,Apple Pay,Clothing,FELTCRAFT DOLL MEGGY,48,9.14,UK,2023-01-22
ORD-01401,CUST-00346,2023-02-03,Shipped,Bank Transfer,Home Decor,SET OF 3 BUTTERFLY COOKIE CUTTERS,2,1.78,EU,2023-02-03
ORD-01402,CUST-00886,2023-06-29,Pending,Bank Transfer,Bathroom,BATH BUILDING BLOCK WORD,1,6.51,UK,2023-06-29
ORD-01403,CUST-00701,2022-01-07,Delivered,PayPal,Toys,WOODEN HEART CHRISTMAS SCANDI,1,2.24,UK,2022-01-07
ORD-01404,CUST-00235,2023-10-31,Delivered,Debit Card,Toys,FELTCRAFT BUTTERFLY PURSE,24,6.73,UK,2023-10-31
ORD-01405,CUST-00014,2022-06-28,Delivered,Credit Card,Jewelry,REGENCY TEACUP AND SAUCER,1,4.25,UK,2022-06-28
ORD-01406,CUST-00521,2024-04-28,Delivered,PayPal,Bathroom,DOORMAT ENGLAND,4,4.80,EU,2024-04-28
ORD-01407,CUST-00396,2023-05-03,Pending,PayPal,Kitchen,JUMBO BAG STRAWBERRY,2,4.87,EU,2023-05-03
ORD-01408,CUST-00258,2023-10-04,Delivered,PayPal,Jewelry,PACK OF 6 SKULL PAPER CUPS,1,1.19,UK,2023-10-04
ORD-01409,CUST-00089,2022-03-21,Delivered,PayPal,Stationery,"PAPER CRAFT , BABY GIRL",48,2.89,UK,2022-03-21
ORD-01410,CUST-00338,2023-11-18,Pending,Bank Transfer,Stationery,"PAPER CRAFT , BABY GIRL",1,3.16,UK,2023-11-18
ORD-01411,CUST-00607,2023-05-24,Shipped,Debit Card,Home Decor,SET OF 3 BUTTERFLY COOKIE CUTTERS,3,2.02,EU,2023-05-24
ORD-01412,CUST-00062,2022-01-19,Shipped,Bank Transfer,Toys,WOODEN STAR CHRISTMAS SCANDI,6,2.23,UK,2022-01-19
ORD-01413,CUST-01000,2024-06-06,Delivered,Credit Card,Home Decor,REGENCY CAKESTAND 3 TIER,4,11.75,UK,2024-06-06
ORD-01414,CUST-00140,2022-03-17,Cancelled,Apple Pay,Clothing,FELTCRAFT DOLL MEGGY,4,8.46,EU,2022-03-17
ORD-01415,CUST-00250,2023-09-28,Delivered,Apple Pay,Clothing,MINI PAINT SET VINTAGE,4,3.46,UK,2023-09-28
ORD-01416,CUST-00581,2024-09-04,Delivered,Debit Card,Jewelry,BLACK SKULL GIFT BAG,2,1.32,EU,2024-09-04
ORD-01417,CUST-00076,2022-08-25,Pending,Apple Pay,Home Decor,REGENCY CAKESTAND 3 TIER,2,14.89,UK,2022-08-25
ORD-01418,CUST-00789,2023-11-23,Delivered,Bank Transfer,Home Decor,JUMBO BAG VINTAGE LEAF,1,5.42,UK,2023-11-23
ORD-01419,CUST-00983,2023-07-02,Delivered,Apple Pay,Garden,GARDEN TOOL SET 3PC,4,15.40,EU,2023-07-02
ORD-01420,CUST-00431,2022-08-01,Cancelled,Apple Pay,Garden,PLANT POT HOLDER,1,3.22,EU,2022-08-01
ORD-01421,CUST-00922,2023-09-10,Pending,Bank Transfer,Clothing,WORLD WAR 2 GLIDERS ASSTD DESIGNS,4,2.83,EU,2023-09-10
ORD-01422,CUST-00337,2023-11-20,Delivered,Apple Pay,Bathroom,DOORMAT SPOTTY,1,5.87,UK,2023-11-20
ORD-01423,CUST-00653,2022-02-16,Shipped,Apple Pay,Garden,GARDEN TOOL SET 3PC,1,12.14,EU,2022-02-16
ORD-01424,CUST-00071,2023-05-13,Delivered,PayPal,Garden,PLANT POT HOLDER,12,3.34,EU,2023-05-13
ORD-01425,CUST-00290,2022-10-18,Delivered,Credit Card,Jewelry,PACK OF 6 SKULL PAPER CUPS,3,1.42,UK,2022-10-18
ORD-01426,CUST-00002,2023-02-10,Shipped,Apple Pay,Kitchen,LUNCH BAG WITH BLACK CAT,2,1.55,UK,2023-02-10
ORD-01427,CUST-00682,2023-08-10,Delivered,Bank Transfer,Clothing,MINI PAINT SET VINTAGE,2,3.01,UK,2023-08-10
ORD-01428,CUST-00946,2024-04-15,Shipped,PayPal,Bathroom,DOORMAT SPOTTY,12,4.59,EU,2024-04-15
ORD-01429,CUST-00437,2022-12-05,Pending,Bank Transfer,Clothing,WORLD WAR 2 GLIDERS ASSTD DESIGNS,48,2.88,UK,2022-12-05
ORD-01430,CUST-00251,2022-07-23,Pending,Bank Transfer,Garden,PLANT POT HOLDER,2,2.85,UK,2022-07-23
ORD-01431,CUST-00999,2024-09-12,Delivered,Credit Card,Bathroom,DOORMAT UNION JACK,3,5.37,EU,2024-09-12
ORD-01432,CUST-00113,2023-08-06,Delivered,Debit Card,Jewelry,WHITE SKULL GIFT BAG,3,1.46,EU,2023-08-06
ORD-01433,CUST-00329,2023-04-23,Delivered,Debit Card,Home Decor,SET OF 3 BUTTERFLY COOKIE CUTTERS,1,1.97,UK,2023-04-23
ORD-01434,CUST-00377,2023-04-19,Delivered,Debit Card,Garden,PLANT POT HOLDER,1,3.12,UK,2023-04-19
ORD-01435,CUST-00437,2022-11-18,Delivered,Apple Pay,Bathroom,DOORMAT SPOTTY,1,4.57,UK,2022-11-18
ORD-01436,CUST-00636,2023-09-19,Shipped,PayPal,Toys,FELTCRAFT BUTTERFLY PURSE,12,6.72,EU,2023-09-19
ORD-01437,CUST-00424,2022-12-05,Delivered,PayPal,Jewelry,REGENCY TEACUP AND SAUCER,2,3.71,UK,2022-12-05
ORD-01438,CUST-00764,2022-03-16,Delivered,PayPal,Home Decor,SET OF 6 SKULLS GIFT BAGS,2,1.22,EU,2022-03-16
ORD-01439,CUST-00627,2023-08-27,Shipped,Apple Pay,Kitchen,LUNCH BAG SUKI DESIGN,2,1.71,UK,2023-08-27
ORD-01440,CUST-00249,2023-08-16,Delivered,Debit Card,Clothing,FELTCRAFT CUSHION FLOWER,24,9.73,UK,2023-08-16
ORD-01441,CUST-00589,2023-06-23,Delivered,Apple Pay,Bathroom,DOORMAT UNION JACK,12,4.85,EU,2023-06-23
ORD-01442,CUST-00176,2023-05-28,Delivered,Apple Pay,Kitchen,LUNCH BOX WITH CUTLERY,1,4.04,EU,2023-05-28
ORD-01443,CUST-00741,2023-08-13,Delivered,Apple Pay,Toys,WOODEN STAR CHRISTMAS SCANDI,4,1.88,EU,2023-08-13
ORD-01444,CUST-00658,2022-04-13,Shipped,Credit Card,Toys,FELTCRAFT GIRL AMELIE KIT,3,10.56,UK,2022-04-13
ORD-01445,CUST-00991,2023-04-02,Pending,Debit Card,Home Decor,WHITE HANGING HEART T-LIGHT HOLDER,48,3.33,UK,2023-04-02
ORD-01446,CUST-00118,2022-11-05,Delivered,Apple Pay,Toys,WOODEN STAR CHRISTMAS SCANDI,6,2.04,UK,2022-11-05
ORD-01447,CUST-00357,2023-02-27,Shipped,Bank Transfer,Home Decor,ROSES REGENCY TEACUP AND SAUCER,1,4.17,EU,2023-02-27
ORD-01448,CUST-00820,2022-02-08,Shipped,Credit Card,Jewelry,PACK OF 6 SKULL PAPER PLATES,1,1.42,EU,2022-02-08
ORD-01449,CUST-00310,2023-01-26,Cancelled,Debit Card,Bathroom,DOORMAT UNION JACK,3,5.71,EU,2023-01-26
ORD-01450,CUST-00741,2022-01-29,Pending,PayPal,Jewelry,HEART OF WICKER LARGE,1,4.54,EU,2022-01-29
ORD-01451,CUST-00110,2024-06-03,Delivered,Bank Transfer,Kitchen,LUNCH BAG WITH BLACK CAT,6,1.39,EU,2024-06-03
ORD-01452,CUST-00886,2022-07-14,Shipped,PayPal,Garden,PLANT POT HOLDER,3,3.18,UK,2022-07-14
ORD-01453,CUST-00644,2023-07-23,Cancelled,Credit Card,Clothing,WOOLLY HOPPIE WHITE HEART,12,4.46,EU,2023-07-23
ORD-01454,CUST-00945,2022-09-25,Delivered,Apple Pay,Jewelry,PACK OF 6 SKULL PAPER CUPS,3,1.48,EU,2022-09-25
ORD-01455,CUST-00306,2023-02-02,Shipped,Credit Card,Home Decor,ROSES REGENCY TEACUP AND SAUCER,1,3.74,EU,2023-02-02
ORD-01456,CUST-00229,2022-07-29,Shipped,Debit Card,Toys,FELTCRAFT PRINCESS CHARLOTTE DOLL,3,8.18,UK,2022-07-29
ORD-01457,CUST-00196,2022-05-19,Pending,Debit Card,Stationery,PAPER CHAIN KIT VINTAGE CHRISTMAS,1,1.60,EU,2022-05-19
ORD-01458,CUST-00200,2023-02-21,Shipped,Credit Card,Bathroom,DOORMAT SPOTTY,2,4.73,UK,2023-02-21
ORD-01459,CUST-00020,2023-08-17,Delivered,Bank Transfer,Bathroom,DOORMAT SPOTTY,1,5.12,UK,2023-08-17
ORD-01460,CUST-00801,2024-03-21,Cancelled,PayPal,Toys,FELTCRAFT PRINCESS CHARLOTTE DOLL,12,8.14,UK,2024-03-21
ORD-01461,CUST-00728,2022-10-15,Shipped,Apple Pay,Clothing,FELTCRAFT CUSHION FLOWER,12,10.65,UK,2022-10-15
ORD-01462,CUST-00983,2022-04-02,Delivered,Bank Transfer,Kitchen,JUMBO BAG RED RETROSPOT,1,5.65,EU,2022-04-02
ORD-01463,CUST-00449,2022-02-08,Shipped,PayPal,Bathroom,DOORMAT ENGLAND,1,4.85,EU,2022-02-08
ORD-01464,CUST-00060,2024-05-04,Shipped,Credit Card,Kitchen,LUNCH BOX WITH CUTLERY,1,4.27,UK,2024-05-04
ORD-01465,CUST-00168,2022-10-15,Delivered,PayPal,Home Decor,REGENCY CAKESTAND 3 TIER,6,13.81,UK,2022-10-15
ORD-01466,CUST-00186,2024-02-11,Cancelled,Debit Card,Stationery,"PAPER CRAFT , BABY BOY",6,3.30,EU,2024-02-11
ORD-01467,CUST-00204,2023-10-01,Delivered,Credit Card,Home Decor,ROSES REGENCY TEACUP AND SAUCER,1,4.49,UK,2023-10-01
ORD-01468,CUST-00140,2022-04-21,Shipped,Credit Card,Home Decor,HAND WARMER UNION JACK FLG,1,3.46,EU,2022-04-21
ORD-01469,CUST-00236,2023-04-25,Delivered,Credit Card,Home Decor,HAND WARMER UNION JACK FLG,1,3.31,UK,2023-04-25
ORD-01470,CUST-00687,2024-04-15,Pending,Bank Transfer,Stationery,"PAPER CRAFT , BABY GIRL",6,2.98,EU,2024-04-15
ORD-01471,CUST-00146,2024-04-13,Shipped,Credit Card,Toys,WOODEN STAR CHRISTMAS SCANDI,3,1.96,UK,2024-04-13
ORD-01472,CUST-00178,2022-03-22,Cancelled,Debit Card,Bathroom,DOORMAT UNION JACK,3,4.77,EU,2022-03-22
ORD-01473,CUST-00933,2022-09-22,Delivered,Debit Card,Home Decor,SET OF 6 SKULLS GIFT BAGS,4,1.33,EU,2022-09-22
ORD-01474,CUST-00241,2024-08-31,Delivered,Credit Card,Home Decor,HAND WARMER UNION JACK FLG,1,3.78,UK,2024-08-31
ORD-01475,CUST-00131,2024-09-22,Delivered,Credit Card,Toys,FELTCRAFT PRINCESS CHARLOTTE DOLL,1,8.24,UK,2024-09-22
ORD-01476,CUST-00094,2023-11-09,Delivered,PayPal,Stationery,GREETING CARD SAFARI,4,1.48,UK,2023-11-09
ORD-01477,CUST-00054,2024-01-10,Delivered,PayPal,Garden,WATERING CAN PINK,1,6.81,UK,2024-01-10
ORD-01478,CUST-00677,2022-04-15,Delivered,Bank Transfer,Toys,FELTCRAFT PRINCESS CHARLOTTE DOLL,2,10.14,EU,2022-04-15
ORD-01479,CUST-00658,2022-09-24,Delivered,Apple Pay,Jewelry,WHITE SKULL GIFT BAG,4,1.44,UK,2022-09-24
ORD-01480,CUST-00806,2022-09-28,Pending,PayPal,Jewelry,HEART OF WICKER SMALL,24,1.86,EU,2022-09-28
ORD-01481,CUST-00656,2023-03-28,Shipped,Bank Transfer,Toys,FELTCRAFT PRINCESS CHARLOTTE DOLL,1,10.40,EU,2023-03-28
ORD-01482,CUST-00645,2022-03-07,Shipped,PayPal,Kitchen,LUNCH BOX WITH CUTLERY,2,4.36,EU,2022-03-07
ORD-01483,CUST-00614,2023-12-06,Shipped,Bank Transfer,Home Decor,HAND WARMER RED POLKA DOT,6,3.65,UK,2023-12-06
ORD-01484,CUST-00777,2023-06-04,Delivered,Debit Card,Toys,FELTCRAFT PRINCESS CHARLOTTE DOLL,1,8.74,EU,2023-06-04
ORD-01485,CUST-00970,2023-04-08,Delivered,Credit Card,Bathroom,BATH BUILDING BLOCK WORD,2,6.47,EU,2023-04-08
ORD-01486,CUST-00814,2022-02-18,Pending,Bank Transfer,Home Decor,JUMBO BAG VINTAGE LEAF,1,4.58,UK,2022-02-18
ORD-01487,CUST-00990,2023-12-06,Delivered,Apple Pay,Toys,VINTAGE CHRISTMAS PAPER GIFT BAG,1,1.61,UK,2023-12-06
ORD-01488,CUST-00052,2022-03-17,Delivered,Credit Card,Jewelry,REGENCY TEACUP AND SAUCER,24,4.47,UK,2022-03-17
ORD-01489,CUST-00884,2023-10-07,Cancelled,Apple Pay,Toys,WOODEN HEART CHRISTMAS SCANDI,1,1.78,EU,2023-10-07
ORD-01490,CUST-00155,2023-09-25,Shipped,PayPal,Garden,PLANT POT HOLDER,1,3.51,EU,2023-09-25
ORD-01491,CUST-00183,2024-02-22,Pending,Credit Card,Jewelry,HEART OF WICKER SMALL,2,2.27,UK,2024-02-22
ORD-01492,CUST-00177,2023-02-02,Delivered,Debit Card,Home Decor,JUMBO BAG VINTAGE LEAF,1,5.19,EU,2023-02-02
ORD-01493,CUST-00226,2023-01-05,Delivered,Debit Card,Toys,FELTCRAFT BUTTERFLY PURSE,2,5.65,UK,2023-01-05
ORD-01494,CUST-00148,2022-11-25,Delivered,PayPal,Kitchen,LUNCH BAG SUKI DESIGN,2,1.47,EU,2022-11-25
ORD-01495,CUST-00606,2024-07-19,Shipped,Credit Card,Jewelry,BLACK SKULL GIFT BAG,2,1.72,EU,2024-07-19
ORD-01496,CUST-00709,2022-10-24,Shipped,Bank Transfer,Toys,FELTCRAFT PRINCESS CHARLOTTE DOLL,6,8.60,UK,2022-10-24
ORD-01497,CUST-00899,2023-05-27,Delivered,Apple Pay,Home Decor,HAND WARMER UNION JACK FLG,2,3.91,EU,2023-05-27
ORD-01498,CUST-00945,2024-04-03,Shipped,PayPal,Garden,GARDEN TOOL SET 3PC,1,13.46,EU,2024-04-03
ORD-01499,CUST-00629,2022-12-24,Pending,PayPal,Clothing,WOOLLY HOPPIE WHITE HEART,2,3.95,EU,2022-12-24
ORD-01500,CUST-00195,2023-12-20,Cancelled,Bank Transfer,Clothing,WOOLLY HOPPIE WHITE HEART,2,3.66,UK,2023-12-20
ORD-01501,CUST-00438,2024-06-17,Delivered,PayPal,Jewelry,WHITE SKULL GIFT BAG,4,1.37,UK,2024-06-17
ORD-01502,CUST-00425,2023-05-25,Delivered,Debit Card,Home Decor,SET OF 6 SKULLS GIFT BAGS,1,1.29,EU,2023-05-25
ORD-01503,CUST-00164,2022-03-24,Delivered,PayPal,Garden,PLANT POT HOLDER,3,2.67,EU,2022-03-24
ORD-01504,CUST-00556,2022-01-29,Delivered,Apple Pay,Kitchen,JUMBO SHOPPER VINTAGE RED PAISLEY,1,7.52,UK,2022-01-29
ORD-01505,CUST-00743,2022-03-15,Shipped,Bank Transfer,Home Decor,REGENCY CAKESTAND 3 TIER,1,12.57,UK,2022-03-15
ORD-01506,CUST-00224,2024-02-15,Delivered,Apple Pay,Home Decor,HAND WARMER RED POLKA DOT,1,3.37,EU,2024-02-15
ORD-01507,CUST-00412,2024-01-08,Delivered,Bank Transfer,Home Decor,SET OF 6 SKULLS GIFT BAGS,2,1.30,EU,2024-01-08
ORD-01508,CUST-00177,2024-09-03,Shipped,Bank Transfer,Jewelry,HEART OF WICKER LARGE,4,5.44,EU,2024-09-03
ORD-01509,CUST-00387,2023-06-11,Pending,Apple Pay,Kitchen,JUMBO BAG STRAWBERRY,2,4.84,EU,2023-06-11
ORD-01510,CUST-00348,2022-08-17,Delivered,Credit Card,Kitchen,LUNCH BAG RED RETROSPOT,1,1.62,EU,2022-08-17
ORD-01511,CUST-00045,2022-08-18,Delivered,Debit Card,Bathroom,DOORMAT UNION JACK,3,5.72,UK,2022-08-18
ORD-01512,CUST-00066,2022-04-07,Cancelled,Debit Card,Jewelry,BLACK SKULL GIFT BAG,1,1.67,UK,2022-04-07
ORD-01513,CUST-00801,2023-11-10,Cancelled,Credit Card,Kitchen,JUMBO BAG STRAWBERRY,2,4.89,UK,2023-11-10
ORD-01514,CUST-00729,2023-07-11,Delivered,Bank Transfer,Garden,WATERING CAN PINK,3,6.91,EU,2023-07-11
ORD-01515,CUST-00412,2023-08-20,Pending,PayPal,Bathroom,DOORMAT SPOTTY,12,4.61,EU,2023-08-20
ORD-01516,CUST-00269,2022-11-09,Delivered,Credit Card,Toys,FELTCRAFT BUTTERFLY PURSE,3,6.05,UK,2022-11-09
ORD-01517,CUST-00044,2024-07-26,Cancelled,Bank Transfer,Garden,BIRD HOUSE WOODLAND,1,11.73,UK,2024-07-26
ORD-01518,CUST-00654,2023-06-18,Shipped,Bank Transfer,Toys,FELTCRAFT GIRL AMELIE KIT,2,10.29,EU,2023-06-18
ORD-01519,CUST-00654,2024-02-06,Shipped,Credit Card,Stationery,PAPER CHAIN KIT 50'S CHRISTMAS,1,1.68,EU,2024-02-06
ORD-01520,CUST-00611,2023-11-06,Shipped,Apple Pay,Stationery,"PAPER CRAFT , BABY GIRL",4,2.85,EU,2023-11-06
ORD-01521,CUST-00145,2022-07-03,Pending,Debit Card,Clothing,FELTCRAFT CUSHION FLOWER,24,11.37,UK,2022-07-03
ORD-01522,CUST-00018,2022-06-17,Delivered,Apple Pay,Bathroom,DOORMAT SPOTTY,4,4.52,UK,2022-06-17
ORD-01523,CUST-00223,2023-06-08,Cancelled,Apple Pay,Kitchen,LUNCH BAG SUKI DESIGN,1,1.52,UK,2023-06-08
ORD-01524,CUST-00792,2024-06-02,Delivered,Debit Card,Clothing,WORLD WAR 2 GLIDERS ASSTD DESIGNS,12,2.73,EU,2024-06-02
ORD-01525,CUST-00846,2024-09-27,Delivered,Apple Pay,Clothing,MINI PAINT SET VINTAGE,2,3.19,EU,2024-09-27
ORD-01526,CUST-00708,2023-12-17,Shipped,Apple Pay,Toys,FELTCRAFT GIRL AMELIE KIT,1,8.49,UK,2023-12-17
ORD-01527,CUST-00021,2023-02-24,Pending,Debit Card,Kitchen,JUMBO BAG RED RETROSPOT,1,5.10,UK,2023-02-24
ORD-01528,CUST-00724,2022-07-21,Delivered,Apple Pay,Home Decor,WHITE HANGING HEART T-LIGHT HOLDER,1,2.96,UK,2022-07-21
ORD-01529,CUST-00345,2022-04-09,Pending,Credit Card,Home Decor,ROSES REGENCY TEACUP AND SAUCER,3,3.59,UK,2022-04-09
ORD-01530,CUST-00335,2024-07-09,Shipped,Credit Card,Home Decor,JUMBO BAG VINTAGE LEAF,1,5.77,UK,2024-07-09
ORD-01531,CUST-00958,2023-03-04,Delivered,Apple Pay,Garden,PLANT POT HOLDER,3,2.80,EU,2023-03-04
ORD-01532,CUST-00176,2022-03-05,Pending,Bank Transfer,Jewelry,REGENCY TEACUP AND SAUCER,6,4.24,EU,2022-03-05
ORD-01533,CUST-00547,2024-02-14,Delivered,Debit Card,Clothing,WORLD WAR 2 GLIDERS ASSTD DESIGNS,2,3.38,UK,2024-02-14
ORD-01534,CUST-00879,2024-06-29,Shipped,Apple Pay,Home Decor,SET OF 6 SKULLS GIFT BAGS,1,1.33,EU,2024-06-29
ORD-01535,CUST-00625,2022-07-28,Shipped,Bank Transfer,Garden,BIRD HOUSE WOODLAND,4,11.59,EU,2022-07-28
ORD-01536,CUST-00418,2022-04-27,Delivered,Apple Pay,Clothing,FELTCRAFT PETAL BAG,1,5.96,UK,2022-04-27
ORD-01537,CUST-00935,2023-02-12,Delivered,Debit Card,Clothing,MINI PAINT SET VINTAGE,6,3.01,UK,2023-02-12
ORD-01538,CUST-00445,2022-01-01,Refunded,Debit Card,Toys,FELTCRAFT BUTTERFLY PURSE,2,6.74,UK,2022-01-01
ORD-01539,CUST-00159,2024-07-10,Shipped,Apple Pay,Jewelry,REGENCY TEACUP AND SAUCER,3,3.55,UK,2024-07-10
ORD-01540,CUST-00157,2024-01-19,Refunded,PayPal,Kitchen,LUNCH BAG RED RETROSPOT,4,1.67,UK,2024-01-19
ORD-01541,CUST-00920,2024-05-26,Pending,Bank Transfer,Home Decor,JUMBO BAG VINTAGE LEAF,2,5.35,EU,2024-05-26
ORD-01542,CUST-00334,2023-12-19,Pending,Bank Transfer,Clothing,FELTCRAFT CUSHION FLOWER,24,11.15,UK,2023-12-19
ORD-01543,CUST-00505,2024-02-13,Delivered,PayPal,Garden,BIRD HOUSE WOODLAND,1,9.08,UK,2024-02-13
ORD-01544,CUST-00846,2024-08-14,Delivered,Credit Card,Jewelry,PACK OF 6 SKULL PAPER PLATES,1,1.36,EU,2024-08-14
ORD-01545,CUST-00877,2022-03-18,Delivered,Bank Transfer,Jewelry,BLACK SKULL GIFT BAG,6,1.41,EU,2022-03-18
ORD-01546,CUST-00622,2024-07-29,Delivered,Credit Card,Stationery,"PAPER CRAFT , BABY BOY",48,2.76,EU,2024-07-29
ORD-01547,CUST-00361,2023-10-21,Shipped,PayPal,Jewelry,PACK OF 6 SKULL PAPER PLATES,2,1.44,EU,2023-10-21
ORD-01548,CUST-00359,2022-01-18,Refunded,Debit Card,Jewelry,REGENCY TEACUP AND SAUCER,2,4.20,EU,2022-01-18
ORD-01549,CUST-00719,2024-04-21,Shipped,Bank Transfer,Stationery,PAPER CHAIN KIT 50'S CHRISTMAS,2,1.61,EU,2024-04-21
ORD-01550,CUST-00783,2024-04-29,Pending,PayPal,Home Decor,REGENCY CAKESTAND 3 TIER,3,12.83,UK,2024-04-29
ORD-01551,CUST-00459,2023-08-03,Delivered,Debit Card,Home Decor,SET OF 3 BUTTERFLY COOKIE CUTTERS,2,2.05,UK,2023-08-03
ORD-01552,CUST-00352,2023-03-22,Delivered,Credit Card,Garden,GARDENERS KNEELER DESK,1,7.81,EU,2023-03-22
ORD-01553,CUST-00783,2023-08-17,Delivered,Credit Card,Stationery,"PAPER CRAFT , BABY BOY",4,3.44,UK,2023-08-17
ORD-01554,CUST-00456,2023-09-25,Delivered,Apple Pay,Bathroom,DOORMAT UNION JACK,3,4.67,EU,2023-09-25
ORD-01555,CUST-00312,2023-02-10,Delivered,Apple Pay,Kitchen,JUMBO BAG STRAWBERRY,6,5.31,EU,2023-02-10
ORD-01556,CUST-00004,2023-12-04,Delivered,PayPal,Toys,FELTCRAFT BUTTERFLY PURSE,6,6.17,EU,2023-12-04
ORD-01557,CUST-00573,2022-10-19,Delivered,Credit Card,Garden,PLANT POT HOLDER,4,3.41,UK,2022-10-19
ORD-01558,CUST-00977,2023-06-01,Delivered,Credit Card,Toys,VINTAGE CHRISTMAS PAPER GIFT BAG,1,1.57,UK,2023-06-01
ORD-01559,CUST-00421,2023-06-16,Cancelled,PayPal,Stationery,GREETING CARD SAFARI,1,1.44,UK,2023-06-16
ORD-01560,CUST-00212,2023-07-01,Pending,Bank Transfer,Stationery,PAPER CHAIN KIT 50'S CHRISTMAS,4,1.54,UK,2023-07-01
ORD-01561,CUST-00300,2022-11-20,Pending,Apple Pay,Jewelry,PACK OF 6 SKULL PAPER PLATES,3,1.22,EU,2022-11-20
ORD-01562,CUST-00171,2024-06-15,Pending,Debit Card,Jewelry,REGENCY TEACUP AND SAUCER,3,4.28,EU,2024-06-15
ORD-01563,CUST-00122,2023-04-15,Pending,Bank Transfer,Home Decor,HAND WARMER RED POLKA DOT,1,3.19,EU,2023-04-15
ORD-01564,CUST-00297,2024-05-10,Delivered,PayPal,Toys,FELTCRAFT BUTTERFLY PURSE,3,5.46,EU,2024-05-10
ORD-01565,CUST-00548,2022-08-15,Pending,Apple Pay,Bathroom,BATH BOMB FIZZER SHEA BUTTER,2,1.35,UK,2022-08-15
ORD-01566,CUST-00587,2022-02-12,Shipped,PayPal,Toys,FELTCRAFT BUTTERFLY PURSE,1,6.54,UK,2022-02-12
ORD-01567,CUST-00683,2024-01-25,Delivered,Credit Card,Toys,FELTCRAFT PRINCESS CHARLOTTE DOLL,3,9.72,EU,2024-01-25
ORD-01568,CUST-00567,2022-01-15,Pending,Bank Transfer,Garden,PLANT POT HOLDER,2,3.42,UK,2022-01-15
ORD-01569,CUST-00808,2022-08-06,Pending,PayPal,Garden,WATERING CAN PINK,24,5.44,EU,2022-08-06
ORD-01570,CUST-00738,2023-08-30,Delivered,Apple Pay,Garden,BIRD HOUSE WOODLAND,6,10.16,UK,2023-08-30
ORD-01571,CUST-00365,2024-08-31,Shipped,PayPal,Jewelry,BLACK SKULL GIFT BAG,1,1.70,EU,2024-08-31
ORD-01572,CUST-00100,2024-04-25,Delivered,Apple Pay,Toys,FELTCRAFT BUTTERFLY PURSE,1,6.36,EU,2024-04-25
ORD-01573,CUST-00681,2023-05-30,Delivered,Credit Card,Bathroom,DOORMAT ENGLAND,2,5.30,UK,2023-05-30
ORD-01574,CUST-00670,2024-06-18,Delivered,Credit Card,Kitchen,LUNCH BAG SUKI DESIGN,3,1.38,EU,2024-06-18
ORD-01575,CUST-00032,2023-01-17,Delivered,Credit Card,Kitchen,LUNCH BAG SUKI DESIGN,3,1.39,EU,2023-01-17
ORD-01576,CUST-00049,2024-08-30,Refunded,Debit Card,Home Decor,SET OF 6 SKULLS GIFT BAGS,1,1.24,EU,2024-08-30
ORD-01577,CUST-00616,2022-10-08,Delivered,Bank Transfer,Jewelry,HEART OF WICKER SMALL,24,1.99,EU,2022-10-08
ORD-01578,CUST-00573,2022-11-05,Cancelled,Bank Transfer,Stationery,PAPER CHAIN KIT 50'S CHRISTMAS,6,1.47,UK,2022-11-05
ORD-01579,CUST-00146,2023-09-18,Delivered,Bank Transfer,Kitchen,LUNCH BAG WITH BLACK CAT,1,1.70,UK,2023-09-18
ORD-01580,CUST-00141,2022-07-08,Cancelled,Debit Card,Garden,GARDENERS KNEELER DESK,24,8.99,UK,2022-07-08
ORD-01581,CUST-00128,2024-08-12,Delivered,PayPal,Jewelry,HEART OF WICKER SMALL,1,1.89,EU,2024-08-12
ORD-01582,CUST-00451,2024-07-11,Shipped,Apple Pay,Home Decor,HAND WARMER UNION JACK FLG,1,3.36,UK,2024-07-11
ORD-01583,CUST-00296,2022-08-17,Delivered,PayPal,Clothing,WOOLLY HOPPIE WHITE HEART,6,3.79,EU,2022-08-17
ORD-01584,CUST-00175,2023-07-02,Shipped,Credit Card,Kitchen,LUNCH BAG RED RETROSPOT,12,1.66,EU,2023-07-02
ORD-01585,CUST-00501,2024-01-17,Shipped,Credit Card,Kitchen,JUMBO SHOPPER VINTAGE RED PAISLEY,48,6.85,UK,2024-01-17
ORD-01586,CUST-00171,2022-02-27,Pending,Debit Card,Clothing,WORLD WAR 2 GLIDERS ASSTD DESIGNS,6,3.45,EU,2022-02-27
ORD-01587,CUST-00404,2024-08-10,Delivered,Bank Transfer,Kitchen,LUNCH BAG WITH BLACK CAT,4,1.72,UK,2024-08-10
ORD-01588,CUST-00243,2023-05-22,Shipped,PayPal,Jewelry,WHITE SKULL GIFT BAG,1,1.73,EU,2023-05-22
ORD-01589,CUST-00549,2022-12-21,Delivered,PayPal,Jewelry,BLACK SKULL GIFT BAG,3,1.41,EU,2022-12-21
ORD-01590,CUST-00568,2022-11-09,Shipped,PayPal,Garden,GARDENERS KNEELER DESK,1,8.55,EU,2022-11-09
ORD-01591,CUST-00144,2022-04-29,Refunded,PayPal,Clothing,FELTCRAFT CUSHION FLOWER,12,9.26,UK,2022-04-29
ORD-01592,CUST-00501,2022-02-26,Shipped,Credit Card,Garden,WATERING CAN PINK,3,6.16,UK,2022-02-26
ORD-01593,CUST-00542,2022-04-05,Shipped,Bank Transfer,Jewelry,WHITE SKULL GIFT BAG,1,1.44,EU,2022-04-05
ORD-01594,CUST-00315,2023-10-16,Shipped,Debit Card,Bathroom,DOORMAT UNION JACK,2,5.59,EU,2023-10-16
ORD-01595,CUST-00305,2024-05-23,Delivered,Credit Card,Stationery,"PAPER CRAFT , BABY BOY",12,3.30,UK,2024-05-23
ORD-01596,CUST-00854,2023-12-21,Delivered,Apple Pay,Stationery,GREETING CARD SAFARI,1,1.34,EU,2023-12-21
ORD-01597,CUST-00471,2023-09-10,Shipped,PayPal,Home Decor,ROSES REGENCY TEACUP AND SAUCER,1,4.33,EU,2023-09-10
ORD-01598,CUST-00237,2022-07-19,Pending,Debit Card,Toys,WOODEN HEART CHRISTMAS SCANDI,3,1.77,UK,2022-07-19
ORD-01599,CUST-00432,2022-07-25,Shipped,Apple Pay,Kitchen,JUMBO SHOPPER VINTAGE RED PAISLEY,12,6.40,EU,2022-07-25
ORD-01600,CUST-00941,2022-02-08,Delivered,Apple Pay,Jewelry,HEART OF WICKER SMALL,48,2.00,UK,2022-02-08
ORD-01601,CUST-00548,2022-12-28,Delivered,Bank Transfer,Home Decor,JUMBO BAG VINTAGE LEAF,6,5.28,UK,2022-12-28
ORD-01602,CUST-00557,2023-07-23,Delivered,PayPal,Toys,WOODEN STAR CHRISTMAS SCANDI,1,1.92,EU,2023-07-23
ORD-01603,CUST-00701,2023-12-10,Shipped,PayPal,Kitchen,JUMBO BAG STRAWBERRY,2,4.64,UK,2023-12-10
ORD-01604,CUST-00852,2022-08-20,Delivered,Apple Pay,Jewelry,REGENCY TEACUP AND SAUCER,1,3.74,UK,2022-08-20
ORD-01605,CUST-00052,2022-12-31,Delivered,Bank Transfer,Kitchen,LUNCH BAG RED RETROSPOT,3,1.68,UK,2022-12-31
ORD-01606,CUST-00193,2022-03-31,Delivered,Bank Transfer,Bathroom,DOORMAT ENGLAND,1,5.02,EU,2022-03-31
ORD-01607,CUST-00761,2023-02-12,Delivered,Credit Card,Garden,BIRD HOUSE WOODLAND,24,10.72,UK,2023-02-12
ORD-01608,CUST-00318,2023-08-25,Delivered,PayPal,Home Decor,SET OF 6 SKULLS GIFT BAGS,1,1.27,EU,2023-08-25
ORD-01609,CUST-00910,2024-09-21,Cancelled,Credit Card,Garden,BIRD HOUSE WOODLAND,3,10.24,UK,2024-09-21
ORD-01610,CUST-00625,2023-12-08,Pending,Credit Card,Jewelry,PACK OF 6 SKULL PAPER PLATES,3,1.42,EU,2023-12-08
ORD-01611,CUST-00546,2023-08-15,Pending,Debit Card,Jewelry,HEART OF WICKER SMALL,3,2.04,EU,2023-08-15
ORD-01612,CUST-00853,2023-12-23,Pending,Apple Pay,Clothing,WOOLLY HOPPIE WHITE HEART,4,3.56,UK,2023-12-23
ORD-01613,CUST-00420,2022-06-24,Delivered,Bank Transfer,Jewelry,REGENCY TEACUP AND SAUCER,3,4.39,UK,2022-06-24
ORD-01614,CUST-00284,2022-11-01,Delivered,Apple Pay,Clothing,FELTCRAFT PETAL BAG,24,6.74,UK,2022-11-01
ORD-01615,CUST-00742,2023-07-29,Cancelled,PayPal,Stationery,GREETING CARD SAFARI,3,1.29,EU,2023-07-29
ORD-01616,CUST-00844,2022-12-23,Delivered,Debit Card,Toys,WOODEN HEART CHRISTMAS SCANDI,2,2.17,EU,2022-12-23
ORD-01617,CUST-00969,2022-02-22,Shipped,Credit Card,Toys,FELTCRAFT GIRL AMELIE KIT,4,10.32,UK,2022-02-22
ORD-01618,CUST-00452,2023-09-16,Delivered,Credit Card,Clothing,FELTCRAFT PETAL BAG,3,6.66,EU,2023-09-16
ORD-01619,CUST-00840,2023-10-17,Delivered,Bank Transfer,Kitchen,LUNCH BAG WITH BLACK CAT,1,1.54,EU,2023-10-17
ORD-01620,CUST-00921,2024-02-08,Delivered,PayPal,Kitchen,JUMBO SHOPPER VINTAGE RED PAISLEY,2,8.19,UK,2024-02-08
ORD-01621,CUST-00938,2024-03-19,Shipped,Debit Card,Bathroom,BATH BOMB FIZZER SHEA BUTTER,24,1.66,UK,2024-03-19
ORD-01622,CUST-00436,2023-02-05,Refunded,Credit Card,Toys,WOODEN HEART CHRISTMAS SCANDI,6,1.85,EU,2023-02-05
ORD-01623,CUST-00085,2022-08-03,Delivered,PayPal,Home Decor,JUMBO BAG VINTAGE LEAF,4,5.40,UK,2022-08-03
ORD-01624,CUST-00771,2022-03-25,Delivered,Apple Pay,Stationery,"PAPER CRAFT , BABY GIRL",12,2.76,UK,2022-03-25
ORD-01625,CUST-00504,2022-12-11,Delivered,Credit Card,Toys,FELTCRAFT PRINCESS CHARLOTTE DOLL,1,10.59,EU,2022-12-11
ORD-01626,CUST-00756,2024-05-13,Delivered,Debit Card,Jewelry,HEART OF WICKER LARGE,4,5.74,UK,2024-05-13
ORD-01627,CUST-00854,2023-01-15,Shipped,Apple Pay,Kitchen,LUNCH BAG RED RETROSPOT,2,1.56,EU,2023-01-15
ORD-01628,CUST-00883,2022-08-15,Delivered,PayPal,Stationery,"PAPER CRAFT , BABY GIRL",24,3.17,EU,2022-08-15
ORD-01629,CUST-00092,2023-06-01,Delivered,Credit Card,Jewelry,WHITE SKULL GIFT BAG,6,1.44,UK,2023-06-01
ORD-01630,CUST-00773,2024-02-27,Delivered,PayPal,Clothing,FELTCRAFT DOLL MEGGY,2,10.07,EU,2024-02-27
ORD-01631,CUST-00200,2024-02-02,Pending,Apple Pay,Kitchen,LUNCH BAG WITH BLACK CAT,4,1.31,UK,2024-02-02
ORD-01632,CUST-00247,2024-05-28,Delivered,Apple Pay,Jewelry,PACK OF 6 SKULL PAPER PLATES,1,1.22,EU,2024-05-28
ORD-01633,CUST-00486,2022-12-24,Pending,Bank Transfer,Bathroom,DOORMAT SPOTTY,1,5.74,UK,2022-12-24
ORD-01634,CUST-00044,2024-04-26,Delivered,Credit Card,Jewelry,PACK OF 6 SKULL PAPER CUPS,1,1.32,UK,2024-04-26
ORD-01635,CUST-00877,2022-12-02,Pending,Debit Card,Toys,VINTAGE CHRISTMAS PAPER GIFT BAG,4,1.32,EU,2022-12-02
ORD-01636,CUST-00307,2022-03-13,Cancelled,Apple Pay,Home Decor,SET OF 3 BUTTERFLY COOKIE CUTTERS,4,1.88,UK,2022-03-13
ORD-01637,CUST-00509,2024-07-25,Delivered,Debit Card,Home Decor,SET OF 3 BUTTERFLY COOKIE CUTTERS,2,1.99,EU,2024-07-25
ORD-01638,CUST-00707,2023-08-05,Shipped,PayPal,Garden,PLANT POT HOLDER,3,3.19,UK,2023-08-05
ORD-01639,CUST-00248,2022-12-08,Delivered,Bank Transfer,Jewelry,HEART OF WICKER LARGE,1,4.47,UK,2022-12-08
ORD-01640,CUST-00093,2023-11-13,Shipped,PayPal,Garden,WATERING CAN PINK,3,5.88,EU,2023-11-13
ORD-01641,CUST-00882,2023-05-15,Delivered,PayPal,Garden,BIRD HOUSE WOODLAND,6,9.67,EU,2023-05-15
ORD-01642,CUST-00356,2023-02-07,Refunded,Apple Pay,Kitchen,LUNCH BAG SUKI DESIGN,1,1.43,UK,2023-02-07
ORD-01643,CUST-00044,2022-09-03,Delivered,Debit Card,Jewelry,REGENCY TEACUP AND SAUCER,1,3.95,UK,2022-09-03
ORD-01644,CUST-00468,2023-03-08,Refunded,Bank Transfer,Home Decor,HAND WARMER UNION JACK FLG,12,3.60,EU,2023-03-08
ORD-01645,CUST-00420,2022-07-01,Delivered,Bank Transfer,Home Decor,WHITE HANGING HEART T-LIGHT HOLDER,2,2.88,UK,2022-07-01
ORD-01646,CUST-00827,2023-12-01,Delivered,Credit Card,Bathroom,BATH BOMB FIZZER SHEA BUTTER,1,1.66,UK,2023-12-01
ORD-01647,CUST-00915,2024-09-08,Cancelled,Debit Card,Kitchen,LUNCH BAG RED RETROSPOT,3,1.61,EU,2024-09-08
ORD-01648,CUST-00343,2022-11-03,Delivered,PayPal,Toys,FELTCRAFT PRINCESS CHARLOTTE DOLL,12,9.76,UK,2022-11-03
ORD-01649,CUST-00044,2023-11-17,Delivered,Credit Card,Garden,WATERING CAN PINK,48,5.42,UK,2023-11-17
ORD-01650,CUST-00139,2022-05-27,Delivered,Debit Card,Toys,WOODEN HEART CHRISTMAS SCANDI,48,1.76,UK,2022-05-27
ORD-01651,CUST-00433,2022-04-15,Shipped,PayPal,Kitchen,LUNCH BAG WITH BLACK CAT,24,1.53,EU,2022-04-15
ORD-01652,CUST-00693,2023-08-16,Shipped,PayPal,Bathroom,DOORMAT UNION JACK,2,5.24,EU,2023-08-16
ORD-01653,CUST-00814,2023-08-12,Delivered,Bank Transfer,Home Decor,SET OF 3 BUTTERFLY COOKIE CUTTERS,24,2.09,UK,2023-08-12
ORD-01654,CUST-00508,2024-07-28,Delivered,Apple Pay,Stationery,PAPER CHAIN KIT 50'S CHRISTMAS,1,1.63,UK,2024-07-28
ORD-01655,CUST-00642,2022-06-27,Delivered,PayPal,Clothing,WORLD WAR 2 GLIDERS ASSTD DESIGNS,24,3.16,EU,2022-06-27
ORD-01656,CUST-00962,2024-06-11,Shipped,PayPal,Jewelry,HEART OF WICKER LARGE,3,5.59,EU,2024-06-11
ORD-01657,CUST-00115,2022-12-03,Delivered,Bank Transfer,Clothing,FELTCRAFT CUSHION FLOWER,1,11.44,UK,2022-12-03
ORD-01658,CUST-00140,2022-07-21,Pending,Bank Transfer,Toys,WOODEN HEART CHRISTMAS SCANDI,1,1.91,EU,2022-07-21
ORD-01659,CUST-00826,2024-03-18,Pending,Bank Transfer,Toys,FELTCRAFT BUTTERFLY PURSE,48,7.11,EU,2024-03-18
ORD-01660,CUST-00860,2022-02-05,Shipped,Debit Card,Bathroom,DOORMAT UNION JACK,6,5.59,UK,2022-02-05
ORD-01661,CUST-00605,2023-06-04,Delivered,Apple Pay,Toys,VINTAGE CHRISTMAS PAPER GIFT BAG,6,1.70,EU,2023-06-04
ORD-01662,CUST-00482,2023-06-09,Shipped,Debit Card,Stationery,"PAPER CRAFT , BABY BOY",4,2.97,EU,2023-06-09
ORD-01663,CUST-00220,2022-01-15,Delivered,Credit Card,Stationery,PAPER CHAIN KIT 50'S CHRISTMAS,1,1.51,EU,2022-01-15
ORD-01664,CUST-00239,2024-07-24,Pending,PayPal,Clothing,FELTCRAFT CUSHION FLOWER,1,8.99,EU,2024-07-24
ORD-01665,CUST-00198,2024-09-19,Pending,Apple Pay,Toys,VINTAGE CHRISTMAS PAPER GIFT BAG,6,1.68,EU,2024-09-19
ORD-01666,CUST-00131,2022-06-20,Refunded,PayPal,Stationery,PAPER CHAIN KIT 50'S CHRISTMAS,1,1.42,UK,2022-06-20
ORD-01667,CUST-00070,2022-08-27,Delivered,Apple Pay,Jewelry,BLACK SKULL GIFT BAG,12,1.68,EU,2022-08-27
ORD-01668,CUST-00036,2022-05-18,Pending,PayPal,Clothing,FELTCRAFT DOLL MEGGY,4,9.26,UK,2022-05-18
ORD-01669,CUST-00068,2023-12-08,Delivered,PayPal,Home Decor,HAND WARMER UNION JACK FLG,1,3.75,UK,2023-12-08
ORD-01670,CUST-00103,2024-03-10,Shipped,Apple Pay,Jewelry,PACK OF 6 SKULL PAPER CUPS,1,1.23,UK,2024-03-10
ORD-01671,CUST-00659,2023-09-23,Shipped,Debit Card,Kitchen,JUMBO BAG STRAWBERRY,1,5.17,EU,2023-09-23
ORD-01672,CUST-00148,2022-01-29,Delivered,Apple Pay,Clothing,MINI PAINT SET VINTAGE,1,3.50,EU,2022-01-29
ORD-01673,CUST-00487,2024-06-05,Cancelled,Bank Transfer,Kitchen,LUNCH BOX WITH CUTLERY,4,4.48,EU,2024-06-05
ORD-01674,CUST-00210,2023-05-23,Delivered,Debit Card,Home Decor,JUMBO BAG VINTAGE LEAF,1,4.57,EU,2023-05-23
ORD-01675,CUST-00190,2023-12-12,Delivered,Debit Card,Bathroom,DOORMAT ENGLAND,1,5.69,EU,2023-12-12
ORD-01676,CUST-00177,2023-09-29,Pending,Debit Card,Stationery,PAPER CHAIN KIT VINTAGE CHRISTMAS,1,1.54,EU,2023-09-29
ORD-01677,CUST-00313,2023-01-26,Shipped,Bank Transfer,Garden,BIRD HOUSE WOODLAND,3,9.25,EU,2023-01-26
ORD-01678,CUST-00013,2023-10-31,Shipped,Debit Card,Kitchen,LUNCH BOX WITH CUTLERY,3,3.88,UK,2023-10-31
ORD-01679,CUST-00798,2024-03-22,Shipped,Bank Transfer,Home Decor,HAND WARMER RED POLKA DOT,1,3.39,EU,2024-03-22
ORD-01680,CUST-00739,2023-02-24,Refunded,Apple Pay,Kitchen,LUNCH BAG WITH BLACK CAT,1,1.46,UK,2023-02-24
ORD-01681,CUST-00032,2022-11-17,Pending,Credit Card,Home Decor,WHITE HANGING HEART T-LIGHT HOLDER,2,3.08,EU,2022-11-17
ORD-01682,CUST-00507,2023-07-31,Refunded,Credit Card,Bathroom,BATH BUILDING BLOCK WORD,1,7.06,EU,2023-07-31
ORD-01683,CUST-00818,2022-07-14,Delivered,Credit Card,Stationery,GREETING CARD SAFARI,1,1.30,UK,2022-07-14
ORD-01684,CUST-00671,2022-07-29,Delivered,Bank Transfer,Stationery,"PAPER CRAFT , BABY BOY",1,2.74,EU,2022-07-29
ORD-01685,CUST-00580,2022-03-19,Delivered,Bank Transfer,Home Decor,HAND WARMER RED POLKA DOT,4,3.53,UK,2022-03-19
ORD-01686,CUST-00146,2022-09-17,Shipped,PayPal,Home Decor,JUMBO BAG VINTAGE LEAF,1,5.65,UK,2022-09-17
ORD-01687,CUST-00762,2022-04-24,Delivered,Apple Pay,Stationery,PAPER CHAIN KIT VINTAGE CHRISTMAS,6,1.74,EU,2022-04-24
ORD-01688,CUST-00828,2022-09-20,Shipped,Bank Transfer,Kitchen,JUMBO BAG STRAWBERRY,2,4.46,EU,2022-09-20
ORD-01689,CUST-00056,2022-10-28,Delivered,Debit Card,Kitchen,LUNCH BOX WITH CUTLERY,6,4.23,UK,2022-10-28
ORD-01690,CUST-00189,2022-01-16,Pending,Debit Card,Garden,WATERING CAN PINK,1,6.51,UK,2022-01-16
ORD-01691,CUST-00220,2024-09-04,Delivered,Credit Card,Jewelry,PACK OF 6 SKULL PAPER PLATES,1,1.16,EU,2024-09-04
ORD-01692,CUST-00598,2024-03-27,Delivered,Debit Card,Bathroom,DOORMAT UNION JACK,2,5.68,UK,2024-03-27
ORD-01693,CUST-00385,2023-03-07,Delivered,PayPal,Jewelry,HEART OF WICKER LARGE,1,5.46,EU,2023-03-07
ORD-01694,CUST-00324,2023-02-23,Pending,Bank Transfer,Kitchen,LUNCH BAG RED RETROSPOT,1,1.36,UK,2023-02-23
ORD-01695,CUST-00618,2024-09-20,Delivered,PayPal,Bathroom,DOORMAT SPOTTY,4,4.49,UK,2024-09-20
ORD-01696,CUST-00971,2023-07-08,Shipped,Bank Transfer,Garden,PLANT POT HOLDER,6,2.97,EU,2023-07-08
ORD-01697,CUST-00038,2022-04-24,Shipped,Apple Pay,Kitchen,LUNCH BAG WITH BLACK CAT,1,1.56,EU,2022-04-24
ORD-01698,CUST-00596,2024-06-20,Delivered,PayPal,Kitchen,JUMBO SHOPPER VINTAGE RED PAISLEY,1,7.15,EU,2024-06-20
ORD-01699,CUST-00751,2022-09-19,Delivered,Bank Transfer,Jewelry,HEART OF WICKER SMALL,6,2.27,EU,2022-09-19
ORD-01700,CUST-00811,2023-04-20,Shipped,Credit Card,Toys,VINTAGE CHRISTMAS PAPER GIFT BAG,4,1.36,EU,2023-04-20
ORD-01701,CUST-00930,2023-04-13,Shipped,Apple Pay,Home Decor,WHITE HANGING HEART T-LIGHT HOLDER,3,2.89,EU,2023-04-13
ORD-01702,CUST-00768,2024-09-26,Pending,Apple Pay,Home Decor,SET OF 6 SKULLS GIFT BAGS,2,1.37,UK,2024-09-26
ORD-01703,CUST-00113,2024-05-16,Delivered,Credit Card,Jewelry,PACK OF 6 SKULL PAPER CUPS,1,1.23,EU,2024-05-16
ORD-01704,CUST-00448,2024-01-25,Delivered,Apple Pay,Bathroom,DOORMAT SPOTTY,1,5.05,EU,2024-01-25
ORD-01705,CUST-00956,2023-10-03,Pending,Debit Card,Home Decor,ROSES REGENCY TEACUP AND SAUCER,2,4.46,UK,2023-10-03
ORD-01706,CUST-00805,2022-10-03,Delivered,PayPal,Garden,GARDENERS KNEELER DESK,48,7.82,EU,2022-10-03
ORD-01707,CUST-00460,2023-08-11,Refunded,Bank Transfer,Home Decor,HAND WARMER RED POLKA DOT,3,3.17,UK,2023-08-11
ORD-01708,CUST-00327,2024-05-26,Pending,Credit Card,Bathroom,DOORMAT UNION JACK,2,4.67,UK,2024-05-26
ORD-01709,CUST-00171,2024-08-19,Delivered,Credit Card,Home Decor,ROSES REGENCY TEACUP AND SAUCER,4,3.93,EU,2024-08-19
ORD-01710,CUST-00368,2022-08-12,Pending,Credit Card,Garden,GARDEN TOOL SET 3PC,1,12.46,EU,2022-08-12
ORD-01711,CUST-00019,2022-10-26,Delivered,Bank Transfer,Toys,FELTCRAFT BUTTERFLY PURSE,3,5.80,UK,2022-10-26
ORD-01712,CUST-00465,2022-01-04,Delivered,Apple Pay,Bathroom,BATH BUILDING BLOCK WORD,3,6.45,UK,2022-01-04
ORD-01713,CUST-00787,2022-05-02,Delivered,Credit Card,Jewelry,PACK OF 6 SKULL PAPER CUPS,48,1.17,EU,2022-05-02
ORD-01714,CUST-00024,2023-01-29,Delivered,Debit Card,Jewelry,PACK OF 6 SKULL PAPER PLATES,48,1.44,UK,2023-01-29
ORD-01715,CUST-00841,2024-08-14,Delivered,Apple Pay,Bathroom,BATH BUILDING BLOCK WORD,1,6.24,UK,2024-08-14
ORD-01716,CUST-00690,2023-04-16,Delivered,Apple Pay,Toys,FELTCRAFT PRINCESS CHARLOTTE DOLL,24,9.60,UK,2023-04-16
ORD-01717,CUST-00046,2022-12-11,Shipped,Credit Card,Garden,BIRD HOUSE WOODLAND,1,11.33,UK,2022-12-11
ORD-01718,CUST-00966,2023-02-02,Shipped,Credit Card,Toys,FELTCRAFT BUTTERFLY PURSE,2,7.14,UK,2023-02-02
ORD-01719,CUST-00024,2023-06-12,Shipped,Debit Card,Jewelry,HEART OF WICKER SMALL,6,2.32,UK,2023-06-12
ORD-01720,CUST-00256,2024-05-05,Shipped,Bank Transfer,Stationery,"PAPER CRAFT , BABY GIRL",1,2.74,UK,2024-05-05
ORD-01721,CUST-00085,2022-04-05,Delivered,Apple Pay,Kitchen,LUNCH BAG RED RETROSPOT,3,1.34,UK,2022-04-05
ORD-01722,CUST-00662,2022-05-25,Delivered,PayPal,Garden,WATERING CAN PINK,4,5.94,UK,2022-05-25
ORD-01723,CUST-00154,2024-05-18,Delivered,Credit Card,Home Decor,HAND WARMER UNION JACK FLG,1,3.32,EU,2024-05-18
ORD-01724,CUST-00372,2023-02-27,Delivered,Bank Transfer,Home Decor,SET OF 3 BUTTERFLY COOKIE CUTTERS,2,1.89,EU,2023-02-27
ORD-01725,CUST-00330,2022-09-14,Shipped,PayPal,Garden,BIRD HOUSE WOODLAND,24,10.77,UK,2022-09-14
ORD-01726,CUST-00884,2022-02-24,Pending,Apple Pay,Stationery,PAPER CHAIN KIT 50'S CHRISTMAS,2,1.37,EU,2022-02-24
ORD-01727,CUST-00142,2024-04-09,Pending,Apple Pay,Bathroom,DOORMAT UNION JACK,12,5.53,EU,2024-04-09
ORD-01728,CUST-00933,2022-05-22,Delivered,Apple Pay,Kitchen,JUMBO SHOPPER VINTAGE RED PAISLEY,4,6.57,EU,2022-05-22
ORD-01729,CUST-00458,2022-01-02,Pending,Bank Transfer,Jewelry,HEART OF WICKER SMALL,24,1.92,EU,2022-01-02
ORD-01730,CUST-00145,2022-03-13,Delivered,PayPal,Home Decor,HAND WARMER RED POLKA DOT,3,3.56,UK,2022-03-13
ORD-01731,CUST-00927,2023-01-03,Delivered,Debit Card,Kitchen,LUNCH BAG WITH BLACK CAT,2,1.65,UK,2023-01-03
ORD-01732,CUST-00422,2022-12-19,Refunded,Credit Card,Bathroom,DOORMAT SPOTTY,1,5.84,UK,2022-12-19
ORD-01733,CUST-00009,2024-03-01,Delivered,Debit Card,Bathroom,DOORMAT ENGLAND,1,5.38,EU,2024-03-01
ORD-01734,CUST-00565,2023-12-05,Delivered,Credit Card,Clothing,WORLD WAR 2 GLIDERS ASSTD DESIGNS,2,3.14,UK,2023-12-05
ORD-01735,CUST-00644,2022-12-21,Delivered,PayPal,Home Decor,JUMBO BAG VINTAGE LEAF,6,5.90,EU,2022-12-21
ORD-01736,CUST-00682,2023-04-21,Delivered,Debit Card,Stationery,PAPER CHAIN KIT 50'S CHRISTMAS,1,1.32,UK,2023-04-21
ORD-01737,CUST-00057,2022-03-29,Pending,Debit Card,Bathroom,BATH BOMB FIZZER SHEA BUTTER,2,1.32,EU,2022-03-29
ORD-01738,CUST-00535,2024-01-11,Delivered,Debit Card,Kitchen,LUNCH BOX WITH CUTLERY,2,3.41,EU,2024-01-11
ORD-01739,CUST-00206,2023-10-05,Delivered,PayPal,Kitchen,LUNCH BAG WITH BLACK CAT,3,1.74,UK,2023-10-05
ORD-01740,CUST-00092,2024-08-27,Delivered,PayPal,Kitchen,LUNCH BAG WITH BLACK CAT,1,1.70,UK,2024-08-27
ORD-01741,CUST-00012,2022-11-29,Shipped,PayPal,Toys,WOODEN HEART CHRISTMAS SCANDI,4,2.01,UK,2022-11-29
ORD-01742,CUST-00320,2022-11-09,Delivered,Debit Card,Garden,BIRD HOUSE WOODLAND,4,11.85,EU,2022-11-09
ORD-01743,CUST-00451,2022-11-04,Shipped,Credit Card,Stationery,PAPER CHAIN KIT VINTAGE CHRISTMAS,48,1.68,UK,2022-11-04
ORD-01744,CUST-00110,2023-01-10,Delivered,Debit Card,Jewelry,HEART OF WICKER LARGE,1,4.81,EU,2023-01-10
ORD-01745,CUST-00988,2022-09-23,Shipped,Apple Pay,Clothing,FELTCRAFT DOLL MEGGY,2,10.32,EU,2022-09-23
ORD-01746,CUST-00985,2023-07-02,Shipped,PayPal,Stationery,PAPER CHAIN KIT VINTAGE CHRISTMAS,1,1.74,EU,2023-07-02
ORD-01747,CUST-00776,2023-04-15,Delivered,Debit Card,Kitchen,LUNCH BAG RED RETROSPOT,4,1.36,EU,2023-04-15
ORD-01748,CUST-00404,2024-05-17,Delivered,Bank Transfer,Stationery,"PAPER CRAFT , BABY BOY",48,3.11,UK,2024-05-17
ORD-01749,CUST-00958,2024-09-02,Shipped,Debit Card,Garden,PLANT POT HOLDER,24,3.35,EU,2024-09-02
ORD-01750,CUST-00283,2023-03-29,Delivered,Bank Transfer,Kitchen,JUMBO BAG STRAWBERRY,48,5.38,EU,2023-03-29
ORD-01751,CUST-00873,2022-10-04,Delivered,PayPal,Toys,FELTCRAFT PRINCESS CHARLOTTE DOLL,2,10.35,EU,2022-10-04
ORD-01752,CUST-00485,2023-08-16,Pending,Debit Card,Stationery,GREETING CARD SAFARI,6,1.37,UK,2023-08-16
ORD-01753,CUST-00371,2022-04-22,Delivered,PayPal,Home Decor,WHITE HANGING HEART T-LIGHT HOLDER,1,3.52,UK,2022-04-22
ORD-01754,CUST-00513,2022-05-30,Pending,PayPal,Jewelry,PACK OF 6 SKULL PAPER CUPS,2,1.24,UK,2022-05-30
ORD-01755,CUST-00885,2022-11-11,Delivered,Bank Transfer,Bathroom,DOORMAT UNION JACK,6,4.91,EU,2022-11-11
ORD-01756,CUST-00561,2022-12-11,Delivered,Bank Transfer,Kitchen,LUNCH BOX WITH CUTLERY,24,3.54,UK,2022-12-11
ORD-01757,CUST-00864,2022-06-17,Shipped,Apple Pay,Bathroom,BATH BOMB FIZZER SHEA BUTTER,3,1.63,UK,2022-06-17
ORD-01758,CUST-00805,2023-12-09,Shipped,PayPal,Home Decor,JUMBO BAG VINTAGE LEAF,1,5.05,EU,2023-12-09
ORD-01759,CUST-00659,2023-12-29,Delivered,Debit Card,Kitchen,JUMBO SHOPPER VINTAGE RED PAISLEY,6,6.47,EU,2023-12-29
ORD-01760,CUST-00560,2022-09-13,Pending,Bank Transfer,Toys,FELTCRAFT BUTTERFLY PURSE,1,5.62,UK,2022-09-13
ORD-01761,CUST-00240,2024-03-18,Shipped,Apple Pay,Bathroom,DOORMAT SPOTTY,1,5.46,EU,2024-03-18
ORD-01762,CUST-00826,2022-10-11,Delivered,Bank Transfer,Home Decor,JUMBO BAG VINTAGE LEAF,4,5.24,EU,2022-10-11
ORD-01763,CUST-00550,2024-06-05,Delivered,PayPal,Home Decor,HAND WARMER UNION JACK FLG,48,3.46,UK,2024-06-05
ORD-01764,CUST-00868,2022-07-06,Pending,PayPal,Kitchen,LUNCH BAG RED RETROSPOT,6,1.74,UK,2022-07-06
ORD-01765,CUST-00319,2024-04-01,Delivered,Debit Card,Home Decor,ROSES REGENCY TEACUP AND SAUCER,4,3.69,EU,2024-04-01
ORD-01766,CUST-00884,2022-11-15,Delivered,Apple Pay,Home Decor,HAND WARMER UNION JACK FLG,1,3.46,EU,2022-11-15
ORD-01767,CUST-00435,2022-05-26,Pending,Apple Pay,Home Decor,WHITE HANGING HEART T-LIGHT HOLDER,6,2.87,UK,2022-05-26
ORD-01768,CUST-00395,2022-03-05,Refunded,Debit Card,Kitchen,JUMBO BAG RED RETROSPOT,48,4.76,UK,2022-03-05
ORD-01769,CUST-00108,2023-09-30,Delivered,Credit Card,Jewelry,HEART OF WICKER SMALL,2,2.24,EU,2023-09-30
ORD-01770,CUST-00083,2022-01-14,Shipped,Bank Transfer,Kitchen,JUMBO SHOPPER VINTAGE RED PAISLEY,6,6.32,UK,2022-01-14
ORD-01771,CUST-00833,2023-05-24,Delivered,Apple Pay,Kitchen,LUNCH BAG SUKI DESIGN,1,1.63,UK,2023-05-24
ORD-01772,CUST-00843,2022-02-16,Delivered,Credit Card,Stationery,GREETING CARD SAFARI,6,1.33,EU,2022-02-16
ORD-01773,CUST-00906,2022-06-09,Delivered,PayPal,Jewelry,WHITE SKULL GIFT BAG,6,1.69,UK,2022-06-09
ORD-01774,CUST-00701,2022-02-22,Delivered,PayPal,Clothing,FELTCRAFT CUSHION FLOWER,3,11.20,UK,2022-02-22
ORD-01775,CUST-00101,2023-10-14,Delivered,Apple Pay,Jewelry,PACK OF 6 SKULL PAPER PLATES,3,1.44,EU,2023-10-14
ORD-01776,CUST-00337,2022-03-20,Shipped,Bank Transfer,Garden,WATERING CAN PINK,24,6.48,UK,2022-03-20
ORD-01777,CUST-00349,2022-05-03,Pending,Debit Card,Home Decor,SET OF 6 SKULLS GIFT BAGS,2,1.19,EU,2022-05-03
ORD-01778,CUST-00572,2023-06-20,Delivered,Bank Transfer,Toys,FELTCRAFT GIRL AMELIE KIT,4,10.30,UK,2023-06-20
ORD-01779,CUST-00141,2022-08-21,Delivered,Bank Transfer,Stationery,GREETING CARD SAFARI,3,1.15,UK,2022-08-21
ORD-01780,CUST-00109,2022-04-24,Delivered,Bank Transfer,Stationery,"PAPER CRAFT , BABY GIRL",1,3.27,EU,2022-04-24
ORD-01781,CUST-01000,2023-09-03,Delivered,Apple Pay,Kitchen,LUNCH BOX WITH CUTLERY,1,3.60,UK,2023-09-03
ORD-01782,CUST-00649,2022-05-04,Delivered,Bank Transfer,Garden,BIRD HOUSE WOODLAND,1,10.42,EU,2022-05-04
ORD-01783,CUST-00347,2023-07-28,Delivered,Credit Card,Home Decor,SET OF 6 SKULLS GIFT BAGS,1,1.45,UK,2023-07-28
ORD-01784,CUST-00187,2024-01-04,Delivered,PayPal,Bathroom,DOORMAT ENGLAND,3,5.46,EU,2024-01-04
ORD-01785,CUST-00477,2022-09-21,Delivered,PayPal,Toys,VINTAGE CHRISTMAS PAPER GIFT BAG,1,1.38,UK,2022-09-21
ORD-01786,CUST-00199,2022-07-10,Shipped,Credit Card,Kitchen,LUNCH BAG WITH BLACK CAT,1,1.48,UK,2022-07-10
ORD-01787,CUST-00401,2023-09-09,Delivered,Bank Transfer,Jewelry,PACK OF 6 SKULL PAPER PLATES,1,1.50,EU,2023-09-09
ORD-01788,CUST-00565,2023-11-14,Delivered,Bank Transfer,Garden,PLANT POT HOLDER,12,2.88,UK,2023-11-14
ORD-01789,CUST-00821,2023-03-24,Delivered,Credit Card,Stationery,"PAPER CRAFT , BABY BOY",4,2.97,UK,2023-03-24
ORD-01790,CUST-00252,2023-01-09,Delivered,Debit Card,Jewelry,PACK OF 6 SKULL PAPER CUPS,12,1.47,EU,2023-01-09
ORD-01791,CUST-00092,2023-02-21,Delivered,Debit Card,Garden,GARDENERS KNEELER DESK,1,7.43,UK,2023-02-21
ORD-01792,CUST-00398,2022-08-11,Shipped,Credit Card,Kitchen,JUMBO BAG STRAWBERRY,1,5.83,UK,2022-08-11
ORD-01793,CUST-00964,2024-03-11,Shipped,Debit Card,Jewelry,BLACK SKULL GIFT BAG,3,1.42,UK,2024-03-11
ORD-01794,CUST-00720,2024-06-05,Shipped,Debit Card,Clothing,FELTCRAFT PETAL BAG,4,6.46,EU,2024-06-05
ORD-01795,CUST-00296,2022-08-14,Pending,PayPal,Toys,FELTCRAFT PRINCESS CHARLOTTE DOLL,12,9.41,EU,2022-08-14
ORD-01796,CUST-00935,2024-04-08,Pending,Credit Card,Kitchen,LUNCH BAG RED RETROSPOT,4,1.57,UK,2024-04-08
ORD-01797,CUST-00324,2024-07-22,Pending,Bank Transfer,Home Decor,SET OF 6 SKULLS GIFT BAGS,1,1.16,UK,2024-07-22
ORD-01798,CUST-00737,2023-02-02,Delivered,Bank Transfer,Garden,WATERING CAN PINK,6,6.63,UK,2023-02-02
ORD-01799,CUST-00731,2023-09-22,Delivered,Debit Card,Bathroom,BATH BUILDING BLOCK WORD,1,6.90,EU,2023-09-22
ORD-01800,CUST-00318,2022-01-18,Delivered,PayPal,Toys,FELTCRAFT BUTTERFLY PURSE,1,5.36,EU,2022-01-18
ORD-01801,CUST-00934,2022-06-09,Delivered,Apple Pay,Toys,WOODEN HEART CHRISTMAS SCANDI,2,2.20,UK,2022-06-09
ORD-01802,CUST-00807,2023-04-29,Shipped,PayPal,Stationery,"PAPER CRAFT , BABY GIRL",12,2.76,EU,2023-04-29
ORD-01803,CUST-00329,2022-05-21,Delivered,Credit Card,Clothing,FELTCRAFT PETAL BAG,6,6.90,UK,2022-05-21
ORD-01804,CUST-00928,2022-04-11,Pending,Apple Pay,Stationery,"PAPER CRAFT , BABY BOY",24,2.95,EU,2022-04-11
ORD-01805,CUST-00382,2022-12-16,Shipped,Debit Card,Clothing,MINI PAINT SET VINTAGE,3,3.10,UK,2022-12-16
ORD-01806,CUST-00386,2023-09-05,Delivered,Debit Card,Jewelry,WHITE SKULL GIFT BAG,1,1.60,EU,2023-09-05
ORD-01807,CUST-00752,2022-10-27,Delivered,PayPal,Garden,BIRD HOUSE WOODLAND,1,9.84,EU,2022-10-27
ORD-01808,CUST-00791,2022-05-25,Pending,Credit Card,Bathroom,DOORMAT UNION JACK,2,5.14,UK,2022-05-25
ORD-01809,CUST-00453,2024-04-26,Delivered,Credit Card,Kitchen,LUNCH BAG RED RETROSPOT,1,1.39,UK,2024-04-26
ORD-01810,CUST-00371,2023-05-08,Delivered,Debit Card,Garden,BIRD HOUSE WOODLAND,6,11.21,UK,2023-05-08
ORD-01811,CUST-00493,2023-05-14,Shipped,Debit Card,Jewelry,REGENCY TEACUP AND SAUCER,4,3.62,UK,2023-05-14
ORD-01812,CUST-00543,2022-10-31,Delivered,PayPal,Home Decor,HAND WARMER UNION JACK FLG,6,3.95,UK,2022-10-31
ORD-01813,CUST-00516,2023-01-28,Pending,Apple Pay,Garden,GARDENERS KNEELER DESK,4,8.76,EU,2023-01-28
ORD-01814,CUST-00177,2023-12-03,Delivered,Debit Card,Garden,GARDEN TOOL SET 3PC,1,14.58,EU,2023-12-03
ORD-01815,CUST-00915,2022-11-04,Refunded,Bank Transfer,Stationery,"PAPER CRAFT , BABY BOY",1,3.11,EU,2022-11-04
ORD-01816,CUST-00427,2023-10-31,Delivered,Debit Card,Stationery,"PAPER CRAFT , BABY GIRL",1,2.66,UK,2023-10-31
ORD-01817,CUST-00148,2023-12-25,Shipped,PayPal,Toys,WOODEN STAR CHRISTMAS SCANDI,24,2.26,EU,2023-12-25
ORD-01818,CUST-00214,2023-05-03,Delivered,Debit Card,Clothing,FELTCRAFT DOLL MEGGY,3,10.53,EU,2023-05-03
ORD-01819,CUST-00367,2023-03-18,Delivered,Bank Transfer,Jewelry,HEART OF WICKER SMALL,1,2.28,EU,2023-03-18
ORD-01820,CUST-00622,2022-01-31,Delivered,Apple Pay,Kitchen,JUMBO BAG RED RETROSPOT,2,5.45,EU,2022-01-31
ORD-01821,CUST-00941,2022-08-28,Shipped,PayPal,Toys,FELTCRAFT GIRL AMELIE KIT,48,9.64,UK,2022-08-28
ORD-01822,CUST-00799,2022-12-22,Delivered,Apple Pay,Garden,WATERING CAN PINK,6,5.82,EU,2022-12-22
ORD-01823,CUST-00967,2023-08-15,Delivered,Credit Card,Jewelry,HEART OF WICKER SMALL,6,2.03,UK,2023-08-15
ORD-01824,CUST-00980,2024-09-01,Shipped,Credit Card,Garden,GARDENERS KNEELER DESK,3,8.23,UK,2024-09-01
ORD-01825,CUST-00322,2023-02-26,Delivered,Bank Transfer,Home Decor,ROSES REGENCY TEACUP AND SAUCER,4,4.21,EU,2023-02-26
ORD-01826,CUST-00513,2022-12-14,Shipped,Debit Card,Jewelry,HEART OF WICKER SMALL,12,2.05,UK,2022-12-14
ORD-01827,CUST-00447,2022-09-05,Delivered,Apple Pay,Kitchen,JUMBO BAG STRAWBERRY,3,5.74,UK,2022-09-05
ORD-01828,CUST-00266,2024-05-30,Delivered,Debit Card,Kitchen,LUNCH BOX WITH CUTLERY,12,3.91,UK,2024-05-30
ORD-01829,CUST-00467,2022-06-30,Shipped,Debit Card,Clothing,FELTCRAFT DOLL MEGGY,1,8.22,EU,2022-06-30
ORD-01830,CUST-00494,2023-04-21,Delivered,Bank Transfer,Kitchen,LUNCH BAG RED RETROSPOT,1,1.34,EU,2023-04-21
ORD-01831,CUST-00437,2023-03-10,Shipped,PayPal,Jewelry,HEART OF WICKER SMALL,1,2.04,UK,2023-03-10
ORD-01832,CUST-00162,2022-10-23,Shipped,Apple Pay,Jewelry,HEART OF WICKER LARGE,12,5.01,UK,2022-10-23
ORD-01833,CUST-00414,2022-06-29,Cancelled,Bank Transfer,Jewelry,PACK OF 6 SKULL PAPER CUPS,3,1.14,EU,2022-06-29
ORD-01834,CUST-00979,2024-04-05,Shipped,Credit Card,Jewelry,PACK OF 6 SKULL PAPER PLATES,1,1.34,EU,2024-04-05
ORD-01835,CUST-00921,2023-08-06,Delivered,Credit Card,Home Decor,JUMBO BAG VINTAGE LEAF,4,5.93,UK,2023-08-06
ORD-01836,CUST-00098,2023-05-23,Delivered,Credit Card,Bathroom,DOORMAT UNION JACK,1,5.05,EU,2023-05-23
ORD-01837,CUST-00433,2023-04-21,Delivered,Credit Card,Toys,FELTCRAFT PRINCESS CHARLOTTE DOLL,1,8.25,EU,2023-04-21
ORD-01838,CUST-00944,2024-08-04,Shipped,Credit Card,Home Decor,SET OF 3 BUTTERFLY COOKIE CUTTERS,6,1.80,UK,2024-08-04
ORD-01839,CUST-00910,2022-10-26,Delivered,Debit Card,Garden,GARDEN TOOL SET 3PC,4,15.31,UK,2022-10-26
ORD-01840,CUST-00190,2024-07-27,Shipped,Apple Pay,Stationery,PAPER CHAIN KIT VINTAGE CHRISTMAS,12,1.38,EU,2024-07-27
ORD-01841,CUST-00230,2023-07-31,Shipped,Bank Transfer,Kitchen,LUNCH BAG SUKI DESIGN,12,1.50,UK,2023-07-31
ORD-01842,CUST-00444,2022-08-16,Refunded,Credit Card,Bathroom,BATH BUILDING BLOCK WORD,24,5.36,EU,2022-08-16
ORD-01843,CUST-00760,2022-03-04,Shipped,PayPal,Stationery,PAPER CHAIN KIT 50'S CHRISTMAS,6,1.45,UK,2022-03-04
ORD-01844,CUST-00631,2022-11-29,Pending,Apple Pay,Clothing,FELTCRAFT DOLL MEGGY,3,10.70,EU,2022-11-29
ORD-01845,CUST-00225,2023-12-19,Shipped,Bank Transfer,Clothing,FELTCRAFT PETAL BAG,3,5.58,UK,2023-12-19
ORD-01846,CUST-00185,2023-08-10,Pending,Bank Transfer,Toys,FELTCRAFT PRINCESS CHARLOTTE DOLL,12,8.48,EU,2023-08-10
ORD-01847,CUST-00228,2024-03-01,Delivered,Bank Transfer,Garden,PLANT POT HOLDER,4,2.92,UK,2024-03-01
ORD-01848,CUST-00061,2023-04-09,Shipped,PayPal,Kitchen,LUNCH BAG WITH BLACK CAT,12,1.62,EU,2023-04-09
ORD-01849,CUST-00844,2023-10-22,Shipped,Debit Card,Home Decor,REGENCY CAKESTAND 3 TIER,2,12.11,EU,2023-10-22
ORD-01850,CUST-00603,2023-08-24,Shipped,Bank Transfer,Toys,WOODEN HEART CHRISTMAS SCANDI,1,2.19,UK,2023-08-24
ORD-01851,CUST-00741,2022-11-05,Delivered,Bank Transfer,Home Decor,WHITE HANGING HEART T-LIGHT HOLDER,3,3.14,EU,2022-11-05
ORD-01852,CUST-00767,2024-05-16,Delivered,Debit Card,Toys,WOODEN HEART CHRISTMAS SCANDI,48,2.20,EU,2024-05-16
ORD-01853,CUST-00046,2022-04-16,Delivered,Debit Card,Toys,FELTCRAFT PRINCESS CHARLOTTE DOLL,1,9.97,UK,2022-04-16
ORD-01854,CUST-00610,2024-07-14,Shipped,PayPal,Home Decor,HAND WARMER RED POLKA DOT,1,3.84,EU,2024-07-14
ORD-01855,CUST-00904,2023-07-10,Delivered,Credit Card,Bathroom,BATH BUILDING BLOCK WORD,3,5.85,EU,2023-07-10
ORD-01856,CUST-00599,2024-09-07,Shipped,Debit Card,Home Decor,SET OF 6 SKULLS GIFT BAGS,1,1.18,EU,2024-09-07
ORD-01857,CUST-00178,2022-03-10,Pending,PayPal,Home Decor,WHITE HANGING HEART T-LIGHT HOLDER,48,2.87,EU,2022-03-10
ORD-01858,CUST-00928,2024-09-23,Pending,Apple Pay,Jewelry,BLACK SKULL GIFT BAG,6,1.45,EU,2024-09-23
ORD-01859,CUST-00906,2022-12-03,Delivered,Credit Card,Clothing,FELTCRAFT DOLL MEGGY,1,8.96,UK,2022-12-03
ORD-01860,CUST-00232,2024-04-07,Delivered,Debit Card,Stationery,PAPER CHAIN KIT 50'S CHRISTMAS,3,1.66,UK,2024-04-07
ORD-01861,CUST-00639,2024-06-15,Shipped,Debit Card,Home Decor,ROSES REGENCY TEACUP AND SAUCER,6,3.65,UK,2024-06-15
ORD-01862,CUST-00404,2024-04-11,Delivered,PayPal,Home Decor,REGENCY CAKESTAND 3 TIER,3,11.98,UK,2024-04-11
ORD-01863,CUST-00578,2022-08-25,Pending,PayPal,Clothing,FELTCRAFT PETAL BAG,4,7.14,EU,2022-08-25
ORD-01864,CUST-00771,2022-02-28,Delivered,PayPal,Bathroom,DOORMAT UNION JACK,1,5.76,UK,2022-02-28
ORD-01865,CUST-00770,2023-09-19,Delivered,Debit Card,Jewelry,HEART OF WICKER SMALL,2,2.29,UK,2023-09-19
ORD-01866,CUST-00975,2023-05-24,Delivered,Credit Card,Kitchen,JUMBO BAG RED RETROSPOT,1,4.82,UK,2023-05-24
ORD-01867,CUST-00493,2022-06-13,Pending,Credit Card,Stationery,GREETING CARD SAFARI,2,1.26,UK,2022-06-13
ORD-01868,CUST-00394,2023-10-19,Pending,Debit Card,Home Decor,JUMBO BAG VINTAGE LEAF,3,5.74,UK,2023-10-19
ORD-01869,CUST-00924,2022-04-11,Delivered,Debit Card,Stationery,"PAPER CRAFT , BABY BOY",2,3.53,EU,2022-04-11
ORD-01870,CUST-00406,2023-05-09,Shipped,Bank Transfer,Stationery,"PAPER CRAFT , BABY BOY",1,2.86,EU,2023-05-09
ORD-01871,CUST-00132,2022-11-23,Shipped,Apple Pay,Stationery,"PAPER CRAFT , BABY GIRL",12,2.90,EU,2022-11-23
ORD-01872,CUST-00645,2024-07-16,Pending,Credit Card,Stationery,PAPER CHAIN KIT 50'S CHRISTMAS,1,1.35,EU,2024-07-16
ORD-01873,CUST-00912,2024-02-24,Shipped,Credit Card,Jewelry,HEART OF WICKER LARGE,2,5.12,UK,2024-02-24
ORD-01874,CUST-00585,2023-06-30,Cancelled,PayPal,Jewelry,PACK OF 6 SKULL PAPER PLATES,1,1.40,UK,2023-06-30
ORD-01875,CUST-00896,2023-12-24,Pending,PayPal,Kitchen,LUNCH BAG WITH BLACK CAT,1,1.39,EU,2023-12-24
ORD-01876,CUST-00708,2022-11-22,Pending,Debit Card,Home Decor,SET OF 6 SKULLS GIFT BAGS,12,1.26,UK,2022-11-22
ORD-01877,CUST-00738,2022-11-03,Shipped,Credit Card,Kitchen,LUNCH BAG WITH BLACK CAT,1,1.58,UK,2022-11-03
ORD-01878,CUST-00530,2023-10-16,Pending,Bank Transfer,Stationery,"PAPER CRAFT , BABY BOY",2,3.18,UK,2023-10-16
ORD-01879,CUST-00620,2024-05-30,Pending,Credit Card,Kitchen,LUNCH BAG WITH BLACK CAT,2,1.63,UK,2024-05-30
ORD-01880,CUST-00514,2023-10-06,Delivered,PayPal,Toys,FELTCRAFT PRINCESS CHARLOTTE DOLL,1,10.25,EU,2023-10-06
ORD-01881,CUST-00718,2024-01-24,Cancelled,Credit Card,Toys,FELTCRAFT PRINCESS CHARLOTTE DOLL,6,9.64,EU,2024-01-24
ORD-01882,CUST-00310,2023-05-20,Delivered,Apple Pay,Toys,FELTCRAFT PRINCESS CHARLOTTE DOLL,2,8.17,EU,2023-05-20
ORD-01883,CUST-00204,2023-08-27,Delivered,Apple Pay,Home Decor,SET OF 3 BUTTERFLY COOKIE CUTTERS,12,2.20,UK,2023-08-27
ORD-01884,CUST-00441,2024-08-23,Pending,PayPal,Garden,PLANT POT HOLDER,1,3.43,UK,2024-08-23
ORD-01885,CUST-00479,2023-03-20,Shipped,Apple Pay,Clothing,FELTCRAFT CUSHION FLOWER,3,9.82,EU,2023-03-20
ORD-01886,CUST-00342,2024-01-23,Delivered,Debit Card,Jewelry,WHITE SKULL GIFT BAG,3,1.65,EU,2024-01-23
ORD-01887,CUST-00850,2022-11-25,Delivered,Bank Transfer,Clothing,FELTCRAFT PETAL BAG,3,7.09,UK,2022-11-25
ORD-01888,CUST-00139,2023-06-05,Shipped,Bank Transfer,Stationery,PAPER CHAIN KIT 50'S CHRISTMAS,6,1.31,UK,2023-06-05
ORD-01889,CUST-00129,2022-11-09,Cancelled,PayPal,Jewelry,REGENCY TEACUP AND SAUCER,3,3.56,UK,2022-11-09
ORD-01890,CUST-00755,2022-06-22,Delivered,Debit Card,Garden,WATERING CAN PINK,1,6.40,EU,2022-06-22
ORD-01891,CUST-00188,2022-07-07,Shipped,Bank Transfer,Garden,PLANT POT HOLDER,1,2.75,UK,2022-07-07
ORD-01892,CUST-00173,2022-06-26,Delivered,Debit Card,Clothing,MINI PAINT SET VINTAGE,12,2.92,UK,2022-06-26
ORD-01893,CUST-00604,2022-01-14,Pending,Debit Card,Clothing,MINI PAINT SET VINTAGE,1,2.81,EU,2022-01-14
ORD-01894,CUST-00812,2022-10-22,Delivered,Debit Card,Home Decor,REGENCY CAKESTAND 3 TIER,1,12.52,UK,2022-10-22
ORD-01895,CUST-00609,2023-11-02,Delivered,Debit Card,Home Decor,WHITE HANGING HEART T-LIGHT HOLDER,6,3.19,UK,2023-11-02
ORD-01896,CUST-00852,2023-02-13,Pending,PayPal,Clothing,WORLD WAR 2 GLIDERS ASSTD DESIGNS,2,2.77,UK,2023-02-13
ORD-01897,CUST-00848,2022-07-18,Shipped,Bank Transfer,Kitchen,JUMBO BAG RED RETROSPOT,48,4.99,UK,2022-07-18
ORD-01898,CUST-00857,2022-08-26,Delivered,Credit Card,Bathroom,DOORMAT ENGLAND,3,4.48,EU,2022-08-26
ORD-01899,CUST-00756,2023-01-15,Delivered,Apple Pay,Clothing,MINI PAINT SET VINTAGE,1,2.85,UK,2023-01-15
ORD-01900,CUST-00635,2023-04-20,Pending,Apple Pay,Home Decor,JUMBO BAG VINTAGE LEAF,1,4.90,UK,2023-04-20
ORD-01901,CUST-00228,2023-03-06,Refunded,Apple Pay,Garden,BIRD HOUSE WOODLAND,12,11.03,UK,2023-03-06
ORD-01902,CUST-00148,2023-02-14,Shipped,Credit Card,Stationery,GREETING CARD SAFARI,2,1.14,EU,2023-02-14
ORD-01903,CUST-00946,2022-02-26,Delivered,Bank Transfer,Clothing,WOOLLY HOPPIE WHITE HEART,4,4.31,EU,2022-02-26
ORD-01904,CUST-00892,2023-06-23,Delivered,PayPal,Kitchen,LUNCH BAG WITH BLACK CAT,2,1.40,UK,2023-06-23
ORD-01905,CUST-00011,2022-06-27,Shipped,Bank Transfer,Home Decor,WHITE HANGING HEART T-LIGHT HOLDER,3,2.86,UK,2022-06-27
ORD-01906,CUST-00093,2024-05-27,Shipped,Credit Card,Stationery,"PAPER CRAFT , BABY BOY",6,3.24,EU,2024-05-27
ORD-01907,CUST-00211,2023-10-21,Cancelled,Apple Pay,Home Decor,ROSES REGENCY TEACUP AND SAUCER,6,3.50,EU,2023-10-21
ORD-01908,CUST-00266,2022-11-03,Pending,Debit Card,Bathroom,DOORMAT ENGLAND,4,5.89,UK,2022-11-03
ORD-01909,CUST-00733,2024-04-16,Shipped,Debit Card,Kitchen,LUNCH BAG RED RETROSPOT,2,1.43,EU,2024-04-16
ORD-01910,CUST-00471,2023-02-02,Delivered,Bank Transfer,Home Decor,JUMBO BAG VINTAGE LEAF,2,5.43,EU,2023-02-02
ORD-01911,CUST-00974,2023-03-09,Delivered,Debit Card,Stationery,PAPER CHAIN KIT VINTAGE CHRISTMAS,12,1.63,EU,2023-03-09
ORD-01912,CUST-00810,2024-09-25,Pending,PayPal,Bathroom,BATH BOMB FIZZER SHEA BUTTER,3,1.38,UK,2024-09-25
ORD-01913,CUST-00902,2024-05-28,Shipped,Apple Pay,Stationery,"PAPER CRAFT , BABY GIRL",6,3.07,EU,2024-05-28
ORD-01914,CUST-00564,2024-05-16,Delivered,Apple Pay,Stationery,"PAPER CRAFT , BABY BOY",1,2.73,EU,2024-05-16
ORD-01915,CUST-00579,2022-02-12,Delivered,PayPal,Home Decor,ROSES REGENCY TEACUP AND SAUCER,1,4.16,UK,2022-02-12
ORD-01916,CUST-00574,2022-10-01,Pending,Bank Transfer,Home Decor,SET OF 6 SKULLS GIFT BAGS,2,1.22,EU,2022-10-01
ORD-01917,CUST-00173,2022-12-10,Delivered,Apple Pay,Home Decor,SET OF 6 SKULLS GIFT BAGS,1,1.29,UK,2022-12-10
ORD-01918,CUST-00844,2024-02-19,Refunded,Debit Card,Garden,BIRD HOUSE WOODLAND,3,10.29,EU,2024-02-19
ORD-01919,CUST-00368,2022-08-19,Shipped,Debit Card,Bathroom,DOORMAT ENGLAND,6,5.00,EU,2022-08-19
ORD-01920,CUST-00429,2023-04-24,Shipped,Apple Pay,Toys,FELTCRAFT BUTTERFLY PURSE,3,5.86,UK,2023-04-24
ORD-01921,CUST-00445,2022-01-13,Refunded,Credit Card,Clothing,FELTCRAFT DOLL MEGGY,4,8.22,UK,2022-01-13
ORD-01922,CUST-00610,2023-10-03,Delivered,Bank Transfer,Garden,GARDEN TOOL SET 3PC,1,15.05,EU,2023-10-03
ORD-01923,CUST-00760,2022-10-13,Shipped,Apple Pay,Bathroom,DOORMAT UNION JACK,1,5.04,UK,2022-10-13
ORD-01924,CUST-00618,2024-03-10,Shipped,Apple Pay,Home Decor,HAND WARMER UNION JACK FLG,12,3.08,UK,2024-03-10
ORD-01925,CUST-00080,2023-05-16,Delivered,Bank Transfer,Bathroom,BATH BOMB FIZZER SHEA BUTTER,4,1.33,UK,2023-05-16
ORD-01926,CUST-00755,2024-09-06,Cancelled,PayPal,Kitchen,LUNCH BAG RED RETROSPOT,1,1.50,EU,2024-09-06
ORD-01927,CUST-00283,2023-01-20,Pending,Bank Transfer,Home Decor,SET OF 3 BUTTERFLY COOKIE CUTTERS,2,1.99,EU,2023-01-20
ORD-01928,CUST-00864,2023-03-02,Shipped,Bank Transfer,Jewelry,BLACK SKULL GIFT BAG,48,1.46,UK,2023-03-02
ORD-01929,CUST-00870,2024-02-13,Shipped,Apple Pay,Stationery,GREETING CARD SAFARI,1,1.45,UK,2024-02-13
ORD-01930,CUST-00947,2023-12-12,Pending,PayPal,Kitchen,JUMBO BAG STRAWBERRY,2,4.90,UK,2023-12-12
ORD-01931,CUST-00837,2024-08-18,Pending,Bank Transfer,Toys,FELTCRAFT GIRL AMELIE KIT,4,9.59,UK,2024-08-18
ORD-01932,CUST-00487,2022-01-12,Delivered,PayPal,Clothing,WORLD WAR 2 GLIDERS ASSTD DESIGNS,1,3.40,EU,2022-01-12
ORD-01933,CUST-00343,2024-05-07,Delivered,Credit Card,Home Decor,HAND WARMER RED POLKA DOT,4,3.71,UK,2024-05-07
ORD-01934,CUST-00298,2023-03-15,Pending,Credit Card,Bathroom,BATH BUILDING BLOCK WORD,2,6.70,UK,2023-03-15
ORD-01935,CUST-00234,2023-03-12,Delivered,Debit Card,Clothing,FELTCRAFT CUSHION FLOWER,1,9.75,UK,2023-03-12
ORD-01936,CUST-00217,2023-11-13,Shipped,Bank Transfer,Home Decor,HAND WARMER UNION JACK FLG,2,3.71,EU,2023-11-13
ORD-01937,CUST-00483,2023-07-16,Cancelled,Debit Card,Clothing,WORLD WAR 2 GLIDERS ASSTD DESIGNS,6,3.46,EU,2023-07-16
ORD-01938,CUST-00753,2023-05-02,Cancelled,PayPal,Home Decor,JUMBO BAG VINTAGE LEAF,2,5.77,UK,2023-05-02
ORD-01939,CUST-00795,2023-04-08,Delivered,Apple Pay,Kitchen,JUMBO SHOPPER VINTAGE RED PAISLEY,3,7.86,EU,2023-04-08
ORD-01940,CUST-00442,2023-11-24,Delivered,Credit Card,Garden,GARDEN TOOL SET 3PC,1,14.61,EU,2023-11-24
ORD-01941,CUST-00397,2022-07-29,Shipped,Debit Card,Toys,WOODEN STAR CHRISTMAS SCANDI,6,2.09,EU,2022-07-29
ORD-01942,CUST-00714,2023-05-31,Delivered,Bank Transfer,Toys,VINTAGE CHRISTMAS PAPER GIFT BAG,4,1.68,UK,2023-05-31
ORD-01943,CUST-00025,2023-10-15,Shipped,Credit Card,Clothing,FELTCRAFT PETAL BAG,12,6.78,EU,2023-10-15
ORD-01944,CUST-00865,2022-05-23,Delivered,Bank Transfer,Jewelry,REGENCY TEACUP AND SAUCER,3,4.02,EU,2022-05-23
ORD-01945,CUST-00061,2024-02-23,Delivered,Credit Card,Bathroom,BATH BOMB FIZZER SHEA BUTTER,3,1.55,EU,2024-02-23
ORD-01946,CUST-00559,2023-02-21,Shipped,Debit Card,Stationery,PAPER CHAIN KIT 50'S CHRISTMAS,4,1.50,UK,2023-02-21
ORD-01947,CUST-00860,2022-06-16,Delivered,Credit Card,Kitchen,JUMBO BAG RED RETROSPOT,6,5.05,UK,2022-06-16
ORD-01948,CUST-00486,2022-07-01,Delivered,Apple Pay,Home Decor,ROSES REGENCY TEACUP AND SAUCER,24,4.03,UK,2022-07-01
ORD-01949,CUST-00860,2024-04-15,Delivered,Debit Card,Jewelry,HEART OF WICKER LARGE,1,5.93,UK,2024-04-15
ORD-01950,CUST-00503,2022-11-27,Refunded,Debit Card,Kitchen,LUNCH BAG SUKI DESIGN,3,1.49,UK,2022-11-27
ORD-01951,CUST-00792,2024-07-25,Cancelled,Apple Pay,Home Decor,SET OF 6 SKULLS GIFT BAGS,2,1.30,EU,2024-07-25
ORD-01952,CUST-00434,2023-08-25,Shipped,Credit Card,Bathroom,DOORMAT SPOTTY,3,4.71,EU,2023-08-25
ORD-01953,CUST-00212,2024-09-03,Delivered,Credit Card,Clothing,FELTCRAFT CUSHION FLOWER,4,10.55,UK,2024-09-03
ORD-01954,CUST-00691,2023-10-18,Delivered,Credit Card,Bathroom,BATH BUILDING BLOCK WORD,48,5.89,UK,2023-10-18
ORD-01955,CUST-00116,2023-03-05,Delivered,Bank Transfer,Bathroom,DOORMAT ENGLAND,2,5.29,UK,2023-03-05
ORD-01956,CUST-00614,2023-07-06,Delivered,Credit Card,Home Decor,JUMBO BAG VINTAGE LEAF,1,4.96,UK,2023-07-06
ORD-01957,CUST-00377,2024-09-08,Refunded,Debit Card,Bathroom,BATH BOMB FIZZER SHEA BUTTER,48,1.54,UK,2024-09-08
ORD-01958,CUST-00575,2024-03-16,Shipped,Credit Card,Toys,VINTAGE CHRISTMAS PAPER GIFT BAG,4,1.43,UK,2024-03-16
ORD-01959,CUST-00715,2024-04-21,Delivered,Bank Transfer,Kitchen,LUNCH BOX WITH CUTLERY,6,4.16,EU,2024-04-21
ORD-01960,CUST-00743,2024-05-30,Cancelled,Bank Transfer,Toys,FELTCRAFT PRINCESS CHARLOTTE DOLL,1,9.32,UK,2024-05-30
ORD-01961,CUST-00650,2022-08-16,Delivered,PayPal,Garden,BIRD HOUSE WOODLAND,48,9.76,EU,2022-08-16
ORD-01962,CUST-00905,2024-02-16,Cancelled,Credit Card,Jewelry,BLACK SKULL GIFT BAG,3,1.68,UK,2024-02-16
ORD-01963,CUST-00106,2024-03-01,Delivered,Debit Card,Garden,BIRD HOUSE WOODLAND,4,9.71,UK,2024-03-01
ORD-01964,CUST-00923,2022-07-24,Cancelled,Credit Card,Jewelry,BLACK SKULL GIFT BAG,3,1.45,UK,2022-07-24
ORD-01965,CUST-00118,2022-06-09,Delivered,PayPal,Toys,WOODEN STAR CHRISTMAS SCANDI,1,2.11,UK,2022-06-09
ORD-01966,CUST-00044,2023-06-10,Delivered,Credit Card,Stationery,"PAPER CRAFT , BABY BOY",12,2.84,UK,2023-06-10
ORD-01967,CUST-00531,2022-03-09,Delivered,Bank Transfer,Jewelry,WHITE SKULL GIFT BAG,12,1.72,EU,2022-03-09
ORD-01968,CUST-00154,2023-07-18,Shipped,PayPal,Toys,FELTCRAFT GIRL AMELIE KIT,1,10.59,EU,2023-07-18
ORD-01969,CUST-00853,2024-08-27,Pending,Credit Card,Bathroom,DOORMAT SPOTTY,12,4.94,UK,2024-08-27
ORD-01970,CUST-00469,2024-09-16,Shipped,Apple Pay,Kitchen,LUNCH BOX WITH CUTLERY,3,4.12,UK,2024-09-16
ORD-01971,CUST-00189,2022-04-01,Pending,Apple Pay,Jewelry,BLACK SKULL GIFT BAG,3,1.58,UK,2022-04-01
ORD-01972,CUST-00003,2024-01-07,Delivered,Bank Transfer,Stationery,"PAPER CRAFT , BABY GIRL",24,3.26,EU,2024-01-07
ORD-01973,CUST-00880,2023-02-06,Pending,Apple Pay,Kitchen,LUNCH BAG SUKI DESIGN,1,1.51,EU,2023-02-06
ORD-01974,CUST-00034,2023-10-02,Pending,Credit Card,Toys,FELTCRAFT GIRL AMELIE KIT,1,8.10,EU,2023-10-02
ORD-01975,CUST-00651,2023-03-08,Shipped,PayPal,Clothing,MINI PAINT SET VINTAGE,6,3.53,UK,2023-03-08
ORD-01976,CUST-00288,2023-01-26,Delivered,Debit Card,Bathroom,DOORMAT UNION JACK,1,5.65,UK,2023-01-26
ORD-01977,CUST-00658,2024-04-21,Delivered,Credit Card,Bathroom,BATH BOMB FIZZER SHEA BUTTER,2,1.53,UK,2024-04-21
ORD-01978,CUST-00084,2024-04-09,Delivered,Debit Card,Home Decor,JUMBO BAG VINTAGE LEAF,1,5.56,EU,2024-04-09
ORD-01979,CUST-00306,2023-02-22,Delivered,Apple Pay,Home Decor,REGENCY CAKESTAND 3 TIER,4,12.91,EU,2023-02-22
ORD-01980,CUST-00093,2022-09-12,Pending,Apple Pay,Kitchen,LUNCH BOX WITH CUTLERY,48,3.89,EU,2022-09-12
ORD-01981,CUST-00932,2024-04-15,Cancelled,Credit Card,Bathroom,DOORMAT UNION JACK,3,5.06,UK,2024-04-15
ORD-01982,CUST-00256,2022-01-01,Pending,PayPal,Jewelry,HEART OF WICKER LARGE,2,5.59,UK,2022-01-01
ORD-01983,CUST-00249,2024-07-01,Delivered,Credit Card,Garden,BIRD HOUSE WOODLAND,2,11.48,UK,2024-07-01
ORD-01984,CUST-00361,2022-09-19,Delivered,Credit Card,Garden,PLANT POT HOLDER,1,3.33,EU,2022-09-19
ORD-01985,CUST-00717,2024-03-08,Cancelled,Credit Card,Toys,FELTCRAFT PRINCESS CHARLOTTE DOLL,6,10.18,UK,2024-03-08
ORD-01986,CUST-00995,2022-10-06,Delivered,Apple Pay,Bathroom,BATH BUILDING BLOCK WORD,12,6.83,EU,2022-10-06
ORD-01987,CUST-00560,2023-08-07,Delivered,Bank Transfer,Kitchen,LUNCH BOX WITH CUTLERY,1,4.36,UK,2023-08-07
ORD-01988,CUST-00255,2023-02-14,Delivered,Debit Card,Toys,FELTCRAFT GIRL AMELIE KIT,2,10.58,EU,2023-02-14
ORD-01989,CUST-00984,2023-02-17,Delivered,Apple Pay,Kitchen,LUNCH BAG WITH BLACK CAT,1,1.32,UK,2023-02-17
ORD-01990,CUST-00795,2023-08-23,Pending,PayPal,Jewelry,HEART OF WICKER LARGE,48,5.06,EU,2023-08-23
ORD-01991,CUST-00596,2024-07-22,Delivered,Debit Card,Bathroom,DOORMAT SPOTTY,3,5.17,EU,2024-07-22
ORD-01992,CUST-00139,2023-09-12,Delivered,Debit Card,Clothing,FELTCRAFT PETAL BAG,1,5.81,UK,2023-09-12
ORD-01993,CUST-00170,2023-01-29,Delivered,Credit Card,Stationery,PAPER CHAIN KIT VINTAGE CHRISTMAS,3,1.36,UK,2023-01-29
ORD-01994,CUST-00990,2023-02-22,Shipped,PayPal,Stationery,GREETING CARD SAFARI,24,1.34,UK,2023-02-22
ORD-01995,CUST-00387,2024-08-28,Delivered,Debit Card,Jewelry,HEART OF WICKER LARGE,48,5.80,EU,2024-08-28
ORD-01996,CUST-00603,2023-07-16,Shipped,PayPal,Clothing,FELTCRAFT PETAL BAG,3,7.05,UK,2023-07-16
ORD-01997,CUST-00770,2023-02-14,Delivered,Bank Transfer,Toys,FELTCRAFT BUTTERFLY PURSE,4,6.90,UK,2023-02-14
ORD-01998,CUST-00728,2024-07-27,Delivered,Credit Card,Toys,WOODEN HEART CHRISTMAS SCANDI,2,1.86,UK,2024-07-27
ORD-01999,CUST-00309,2022-02-20,Delivered,PayPal,Kitchen,LUNCH BAG SUKI DESIGN,1,1.53,UK,2022-02-20
ORD-02000,CUST-00917,2022-07-24,Delivered,Debit Card,Jewelry,HEART OF WICKER SMALL,6,1.81,UK,2022-07-24
ORD-02001,CUST-01000,2022-05-10,Delivered,Credit Card,Clothing,MINI PAINT SET VINTAGE,3,2.79,UK,2022-05-10
ORD-02002,CUST-00005,2023-11-06,Delivered,Bank Transfer,Kitchen,JUMBO BAG STRAWBERRY,1,4.53,EU,2023-11-06
ORD-02003,CUST-00151,2024-09-06,Delivered,Debit Card,Jewelry,HEART OF WICKER LARGE,4,5.86,UK,2024-09-06
ORD-02004,CUST-00874,2023-08-01,Pending,PayPal,Home Decor,HAND WARMER RED POLKA DOT,12,3.79,UK,2023-08-01
ORD-02005,CUST-00122,2023-05-23,Shipped,Apple Pay,Home Decor,HAND WARMER UNION JACK FLG,1,3.88,EU,2023-05-23
ORD-02006,CUST-00482,2023-03-22,Delivered,Bank Transfer,Kitchen,LUNCH BAG WITH BLACK CAT,1,1.57,EU,2023-03-22
ORD-02007,CUST-00305,2023-12-16,Pending,Credit Card,Home Decor,REGENCY CAKESTAND 3 TIER,4,14.03,UK,2023-12-16
ORD-02008,CUST-00338,2022-02-26,Delivered,Debit Card,Jewelry,HEART OF WICKER LARGE,48,5.42,UK,2022-02-26
ORD-02009,CUST-00345,2023-03-13,Delivered,Credit Card,Home Decor,SET OF 6 SKULLS GIFT BAGS,1,1.47,UK,2023-03-13
ORD-02010,CUST-00638,2022-05-09,Cancelled,Apple Pay,Bathroom,BATH BOMB FIZZER SHEA BUTTER,3,1.57,EU,2022-05-09
ORD-02011,CUST-00963,2022-02-04,Delivered,PayPal,Toys,FELTCRAFT PRINCESS CHARLOTTE DOLL,24,10.68,EU,2022-02-04
ORD-02012,CUST-00412,2023-05-01,Delivered,Debit Card,Toys,FELTCRAFT PRINCESS CHARLOTTE DOLL,1,8.07,EU,2023-05-01
ORD-02013,CUST-00644,2022-04-13,Cancelled,Bank Transfer,Home Decor,WHITE HANGING HEART T-LIGHT HOLDER,2,3.02,EU,2022-04-13
ORD-02014,CUST-00586,2024-02-22,Delivered,PayPal,Garden,GARDEN TOOL SET 3PC,48,12.25,EU,2024-02-22
ORD-02015,CUST-00870,2022-11-11,Delivered,Credit Card,Home Decor,WHITE HANGING HEART T-LIGHT HOLDER,2,3.36,UK,2022-11-11
ORD-02016,CUST-00728,2023-11-04,Shipped,Apple Pay,Home Decor,REGENCY CAKESTAND 3 TIER,2,15.16,UK,2023-11-04
ORD-02017,CUST-00324,2023-05-17,Delivered,Debit Card,Stationery,PAPER CHAIN KIT 50'S CHRISTMAS,1,1.33,UK,2023-05-17
ORD-02018,CUST-00076,2022-08-20,Delivered,Apple Pay,Toys,WOODEN HEART CHRISTMAS SCANDI,48,1.96,UK,2022-08-20
ORD-02019,CUST-00781,2023-12-13,Shipped,Apple Pay,Jewelry,REGENCY TEACUP AND SAUCER,1,3.43,UK,2023-12-13
ORD-02020,CUST-00763,2022-07-23,Delivered,Debit Card,Jewelry,PACK OF 6 SKULL PAPER PLATES,3,1.15,EU,2022-07-23
ORD-02021,CUST-00216,2022-07-08,Delivered,PayPal,Stationery,GREETING CARD SAFARI,1,1.24,UK,2022-07-08
ORD-02022,CUST-00282,2024-03-09,Shipped,Bank Transfer,Stationery,"PAPER CRAFT , BABY BOY",1,3.19,UK,2024-03-09
ORD-02023,CUST-00027,2024-06-05,Pending,Debit Card,Stationery,"PAPER CRAFT , BABY BOY",4,3.13,EU,2024-06-05
ORD-02024,CUST-00323,2023-12-10,Delivered,Bank Transfer,Kitchen,JUMBO BAG STRAWBERRY,24,5.77,EU,2023-12-10
ORD-02025,CUST-00330,2024-03-16,Delivered,Credit Card,Kitchen,JUMBO BAG STRAWBERRY,6,5.36,UK,2024-03-16
ORD-02026,CUST-00941,2023-01-01,Pending,Debit Card,Clothing,WORLD WAR 2 GLIDERS ASSTD DESIGNS,3,3.35,UK,2023-01-01
ORD-02027,CUST-00985,2022-12-22,Pending,PayPal,Jewelry,REGENCY TEACUP AND SAUCER,1,3.98,EU,2022-12-22
ORD-02028,CUST-00393,2024-04-13,Pending,PayPal,Home Decor,ROSES REGENCY TEACUP AND SAUCER,48,3.42,EU,2024-04-13
ORD-02029,CUST-00522,2022-03-22,Delivered,Credit Card,Home Decor,WHITE HANGING HEART T-LIGHT HOLDER,2,3.14,UK,2022-03-22
ORD-02030,CUST-00329,2023-09-27,Shipped,PayPal,Stationery,"PAPER CRAFT , BABY BOY",1,3.29,UK,2023-09-27
ORD-02031,CUST-00255,2022-02-18,Delivered,Bank Transfer,Jewelry,HEART OF WICKER SMALL,4,2.29,EU,2022-02-18
ORD-02032,CUST-00003,2024-07-02,Delivered,Credit Card,Kitchen,JUMBO BAG RED RETROSPOT,1,5.33,EU,2024-07-02
ORD-02033,CUST-00735,2023-07-07,Shipped,Credit Card,Bathroom,DOORMAT SPOTTY,2,4.92,UK,2023-07-07
ORD-02034,CUST-00780,2023-07-14,Pending,Credit Card,Bathroom,BATH BUILDING BLOCK WORD,3,6.76,UK,2023-07-14
ORD-02035,CUST-00824,2023-01-27,Shipped,Debit Card,Toys,FELTCRAFT PRINCESS CHARLOTTE DOLL,1,8.62,UK,2023-01-27
ORD-02036,CUST-00786,2023-01-16,Cancelled,Apple Pay,Clothing,FELTCRAFT PETAL BAG,4,5.78,UK,2023-01-16
ORD-02037,CUST-00568,2024-09-22,Delivered,Credit Card,Stationery,PAPER CHAIN KIT 50'S CHRISTMAS,4,1.43,EU,2024-09-22
ORD-02038,CUST-00676,2023-02-06,Shipped,Apple Pay,Stationery,"PAPER CRAFT , BABY BOY",3,2.67,EU,2023-02-06
ORD-02039,CUST-00715,2022-10-17,Delivered,Apple Pay,Garden,GARDEN TOOL SET 3PC,1,15.16,EU,2022-10-17
ORD-02040,CUST-00212,2023-03-04,Pending,Credit Card,Home Decor,SET OF 3 BUTTERFLY COOKIE CUTTERS,4,1.96,UK,2023-03-04
ORD-02041,CUST-00955,2022-09-27,Delivered,Apple Pay,Home Decor,ROSES REGENCY TEACUP AND SAUCER,3,3.90,EU,2022-09-27
ORD-02042,CUST-00930,2024-05-10,Delivered,Credit Card,Toys,VINTAGE CHRISTMAS PAPER GIFT BAG,24,1.64,EU,2024-05-10
ORD-02043,CUST-00518,2024-09-19,Pending,Debit Card,Clothing,FELTCRAFT DOLL MEGGY,48,9.55,EU,2024-09-19
ORD-02044,CUST-00043,2023-09-22,Pending,PayPal,Clothing,WOOLLY HOPPIE WHITE HEART,4,4.05,EU,2023-09-22
ORD-02045,CUST-00887,2024-05-26,Cancelled,Bank Transfer,Home Decor,SET OF 6 SKULLS GIFT BAGS,1,1.20,UK,2024-05-26
ORD-02046,CUST-00388,2023-07-21,Shipped,Credit Card,Kitchen,LUNCH BAG RED RETROSPOT,1,1.54,UK,2023-07-21
ORD-02047,CUST-00352,2023-11-05,Pending,Apple Pay,Home Decor,REGENCY CAKESTAND 3 TIER,6,12.40,EU,2023-11-05
ORD-02048,CUST-00672,2024-03-28,Delivered,Debit Card,Stationery,PAPER CHAIN KIT 50'S CHRISTMAS,1,1.74,UK,2024-03-28
ORD-02049,CUST-00151,2023-04-27,Delivered,Bank Transfer,Home Decor,HAND WARMER UNION JACK FLG,2,3.66,UK,2023-04-27
ORD-02050,CUST-00489,2023-05-07,Delivered,Credit Card,Bathroom,DOORMAT UNION JACK,2,4.87,UK,2023-05-07
ORD-02051,CUST-00885,2022-05-21,Cancelled,Debit Card,Toys,FELTCRAFT PRINCESS CHARLOTTE DOLL,4,9.88,EU,2022-05-21
ORD-02052,CUST-00082,2024-02-03,Pending,Apple Pay,Stationery,"PAPER CRAFT , BABY BOY",6,2.91,UK,2024-02-03
ORD-02053,CUST-00587,2023-03-08,Delivered,Bank Transfer,Garden,GARDEN TOOL SET 3PC,4,13.90,UK,2023-03-08
ORD-02054,CUST-00824,2023-02-22,Shipped,PayPal,Garden,BIRD HOUSE WOODLAND,48,9.35,UK,2023-02-22
ORD-02055,CUST-00720,2023-01-08,Shipped,Credit Card,Clothing,MINI PAINT SET VINTAGE,3,3.47,EU,2023-01-08
ORD-02056,CUST-00142,2022-11-05,Pending,PayPal,Clothing,FELTCRAFT PETAL BAG,2,6.68,EU,2022-11-05
ORD-02057,CUST-00498,2024-07-17,Shipped,Bank Transfer,Toys,FELTCRAFT BUTTERFLY PURSE,24,5.37,UK,2024-07-17
ORD-02058,CUST-00050,2022-08-31,Pending,Bank Transfer,Garden,GARDEN TOOL SET 3PC,24,11.86,EU,2022-08-31
ORD-02059,CUST-00245,2022-05-13,Delivered,Credit Card,Stationery,"PAPER CRAFT , BABY GIRL",6,2.98,EU,2022-05-13
ORD-02060,CUST-00663,2023-10-01,Delivered,Credit Card,Jewelry,WHITE SKULL GIFT BAG,2,1.67,UK,2023-10-01
ORD-02061,CUST-00012,2022-06-18,Pending,Debit Card,Home Decor,SET OF 3 BUTTERFLY COOKIE CUTTERS,3,2.10,UK,2022-06-18
ORD-02062,CUST-00655,2023-09-15,Shipped,Debit Card,Home Decor,HAND WARMER UNION JACK FLG,1,3.19,EU,2023-09-15
ORD-02063,CUST-00706,2023-01-15,Delivered,Apple Pay,Home Decor,ROSES REGENCY TEACUP AND SAUCER,6,3.89,UK,2023-01-15
ORD-02064,CUST-00376,2024-04-24,Shipped,Bank Transfer,Home Decor,SET OF 6 SKULLS GIFT BAGS,12,1.34,EU,2024-04-24
ORD-02065,CUST-00043,2022-02-14,Pending,Bank Transfer,Kitchen,JUMBO BAG RED RETROSPOT,3,5.25,EU,2022-02-14
ORD-02066,CUST-00358,2022-09-21,Delivered,Apple Pay,Toys,WOODEN HEART CHRISTMAS SCANDI,24,2.14,EU,2022-09-21
ORD-02067,CUST-00975,2023-07-25,Refunded,PayPal,Kitchen,LUNCH BAG WITH BLACK CAT,1,1.43,UK,2023-07-25
ORD-02068,CUST-00711,2022-04-03,Pending,Credit Card,Bathroom,DOORMAT ENGLAND,24,4.79,UK,2022-04-03
ORD-02069,CUST-00646,2023-02-03,Shipped,PayPal,Toys,FELTCRAFT BUTTERFLY PURSE,1,6.33,EU,2023-02-03
ORD-02070,CUST-00543,2022-10-17,Delivered,Bank Transfer,Home Decor,SET OF 3 BUTTERFLY COOKIE CUTTERS,1,2.25,UK,2022-10-17
ORD-02071,CUST-00416,2023-12-04,Shipped,Credit Card,Home Decor,REGENCY CAKESTAND 3 TIER,12,13.76,UK,2023-12-04
ORD-02072,CUST-00506,2023-02-22,Shipped,Debit Card,Jewelry,HEART OF WICKER LARGE,2,4.92,EU,2023-02-22
ORD-02073,CUST-00993,2022-05-23,Shipped,Bank Transfer,Stationery,PAPER CHAIN KIT VINTAGE CHRISTMAS,1,1.49,UK,2022-05-23
ORD-02074,CUST-00032,2023-10-18,Shipped,Bank Transfer,Stationery,"PAPER CRAFT , BABY BOY",1,3.05,EU,2023-10-18
ORD-02075,CUST-00924,2024-03-29,Refunded,PayPal,Stationery,PAPER CHAIN KIT 50'S CHRISTMAS,1,1.39,EU,2024-03-29
ORD-02076,CUST-00517,2022-07-23,Delivered,Credit Card,Garden,WATERING CAN PINK,1,6.02,EU,2022-07-23
ORD-02077,CUST-00452,2022-04-03,Delivered,Credit Card,Home Decor,SET OF 6 SKULLS GIFT BAGS,4,1.36,EU,2022-04-03
ORD-02078,CUST-00324,2023-08-09,Pending,Debit Card,Stationery,"PAPER CRAFT , BABY GIRL",1,3.12,UK,2023-08-09
ORD-02079,CUST-00184,2023-08-28,Shipped,Bank Transfer,Bathroom,BATH BOMB FIZZER SHEA BUTTER,2,1.40,UK,2023-08-28
ORD-02080,CUST-00581,2022-09-28,Delivered,PayPal,Bathroom,BATH BOMB FIZZER SHEA BUTTER,1,1.47,EU,2022-09-28
ORD-02081,CUST-00219,2024-08-19,Refunded,Bank Transfer,Kitchen,LUNCH BAG RED RETROSPOT,4,1.44,UK,2024-08-19
ORD-02082,CUST-00598,2023-08-10,Cancelled,Credit Card,Kitchen,JUMBO BAG RED RETROSPOT,2,5.14,UK,2023-08-10
ORD-02083,CUST-00777,2023-06-29,Shipped,PayPal,Jewelry,BLACK SKULL GIFT BAG,24,1.58,EU,2023-06-29
ORD-02084,CUST-00868,2022-12-05,Shipped,Credit Card,Clothing,FELTCRAFT CUSHION FLOWER,2,9.60,UK,2022-12-05
ORD-02085,CUST-00568,2023-09-14,Delivered,Apple Pay,Bathroom,BATH BUILDING BLOCK WORD,1,5.93,EU,2023-09-14
ORD-02086,CUST-00472,2023-12-05,Delivered,Debit Card,Stationery,PAPER CHAIN KIT 50'S CHRISTMAS,3,1.31,EU,2023-12-05
ORD-02087,CUST-00994,2024-05-17,Delivered,Credit Card,Bathroom,BATH BUILDING BLOCK WORD,48,6.59,UK,2024-05-17
ORD-02088,CUST-00556,2023-10-20,Pending,Debit Card,Bathroom,BATH BOMB FIZZER SHEA BUTTER,1,1.31,UK,2023-10-20
ORD-02089,CUST-00168,2022-09-05,Shipped,Debit Card,Home Decor,HAND WARMER UNION JACK FLG,3,3.49,UK,2022-09-05
ORD-02090,CUST-00707,2024-03-16,Delivered,Debit Card,Clothing,FELTCRAFT CUSHION FLOWER,3,10.38,UK,2024-03-16
ORD-02091,CUST-00580,2024-06-08,Delivered,Debit Card,Stationery,PAPER CHAIN KIT 50'S CHRISTMAS,1,1.32,UK,2024-06-08
ORD-02092,CUST-00330,2024-08-15,Delivered,Bank Transfer,Bathroom,BATH BUILDING BLOCK WORD,6,6.81,UK,2024-08-15
ORD-02093,CUST-00386,2022-09-22,Shipped,Bank Transfer,Jewelry,HEART OF WICKER LARGE,12,5.42,EU,2022-09-22
ORD-02094,CUST-00941,2022-08-18,Delivered,PayPal,Bathroom,BATH BUILDING BLOCK WORD,3,6.62,UK,2022-08-18
ORD-02095,CUST-00668,2022-07-06,Pending,Credit Card,Kitchen,LUNCH BOX WITH CUTLERY,1,3.64,EU,2022-07-06
ORD-02096,CUST-00258,2023-09-24,Shipped,Debit Card,Clothing,WORLD WAR 2 GLIDERS ASSTD DESIGNS,48,2.71,UK,2023-09-24
ORD-02097,CUST-00529,2022-11-01,Delivered,Credit Card,Bathroom,DOORMAT UNION JACK,1,4.77,EU,2022-11-01
ORD-02098,CUST-00620,2022-01-10,Delivered,Bank Transfer,Jewelry,PACK OF 6 SKULL PAPER PLATES,3,1.46,UK,2022-01-10
ORD-02099,CUST-00340,2022-10-03,Delivered,Debit Card,Garden,GARDENERS KNEELER DESK,12,7.94,UK,2022-10-03
ORD-02100,CUST-00919,2022-11-28,Delivered,Apple Pay,Garden,BIRD HOUSE WOODLAND,1,11.72,UK,2022-11-28
ORD-02101,CUST-00638,2022-05-08,Pending,Bank Transfer,Kitchen,JUMBO BAG STRAWBERRY,1,5.88,EU,2022-05-08
ORD-02102,CUST-00808,2022-06-08,Shipped,Bank Transfer,Bathroom,DOORMAT ENGLAND,48,4.77,EU,2022-06-08
ORD-02103,CUST-00641,2023-05-20,Delivered,Bank Transfer,Clothing,FELTCRAFT DOLL MEGGY,6,10.51,UK,2023-05-20
ORD-02104,CUST-00224,2024-01-14,Delivered,Credit Card,Home Decor,SET OF 3 BUTTERFLY COOKIE CUTTERS,24,2.00,EU,2024-01-14
ORD-02105,CUST-00978,2023-05-05,Pending,Bank Transfer,Stationery,PAPER CHAIN KIT 50'S CHRISTMAS,2,1.43,EU,2023-05-05
ORD-02106,CUST-00004,2023-01-23,Delivered,PayPal,Home Decor,SET OF 3 BUTTERFLY COOKIE CUTTERS,3,1.79,EU,2023-01-23
ORD-02107,CUST-00630,2022-11-08,Pending,PayPal,Garden,GARDENERS KNEELER DESK,1,8.36,EU,2022-11-08
ORD-02108,CUST-00087,2024-03-21,Delivered,Credit Card,Clothing,FELTCRAFT DOLL MEGGY,6,9.77,EU,2024-03-21
ORD-02109,CUST-00136,2024-06-08,Delivered,PayPal,Toys,WOODEN HEART CHRISTMAS SCANDI,1,2.15,UK,2024-06-08
ORD-02110,CUST-00519,2023-01-16,Delivered,Credit Card,Home Decor,REGENCY CAKESTAND 3 TIER,2,13.08,UK,2023-01-16
ORD-02111,CUST-00863,2022-02-10,Shipped,Bank Transfer,Stationery,"PAPER CRAFT , BABY GIRL",12,2.67,EU,2022-02-10
ORD-02112,CUST-00196,2024-05-17,Delivered,Bank Transfer,Toys,VINTAGE CHRISTMAS PAPER GIFT BAG,4,1.46,EU,2024-05-17
ORD-02113,CUST-00905,2022-10-17,Delivered,PayPal,Bathroom,BATH BOMB FIZZER SHEA BUTTER,24,1.62,UK,2022-10-17
ORD-02114,CUST-00323,2022-04-17,Delivered,Debit Card,Jewelry,HEART OF WICKER SMALL,2,2.10,EU,2022-04-17
ORD-02115,CUST-00602,2024-02-06,Delivered,Apple Pay,Clothing,WORLD WAR 2 GLIDERS ASSTD DESIGNS,6,3.26,UK,2024-02-06
ORD-02116,CUST-00726,2022-03-21,Shipped,Apple Pay,Bathroom,DOORMAT UNION JACK,12,5.34,EU,2022-03-21
ORD-02117,CUST-00438,2022-11-19,Delivered,Credit Card,Home Decor,HAND WARMER RED POLKA DOT,3,3.68,UK,2022-11-19
ORD-02118,CUST-00888,2022-08-01,Pending,Bank Transfer,Bathroom,DOORMAT ENGLAND,3,5.64,EU,2022-08-01
ORD-02119,CUST-00794,2024-02-03,Shipped,Apple Pay,Stationery,"PAPER CRAFT , BABY GIRL",1,2.77,UK,2024-02-03
ORD-02120,CUST-00264,2024-01-06,Delivered,Apple Pay,Garden,BIRD HOUSE WOODLAND,1,9.26,UK,2024-01-06
ORD-02121,CUST-00825,2022-04-17,Shipped,PayPal,Jewelry,BLACK SKULL GIFT BAG,1,1.68,UK,2022-04-17
ORD-02122,CUST-00576,2023-12-18,Pending,Bank Transfer,Garden,GARDEN TOOL SET 3PC,1,11.72,EU,2023-12-18
ORD-02123,CUST-00448,2022-06-17,Pending,Debit Card,Clothing,FELTCRAFT PETAL BAG,4,7.00,EU,2022-06-17
ORD-02124,CUST-00837,2022-11-08,Cancelled,PayPal,Jewelry,PACK OF 6 SKULL PAPER PLATES,48,1.39,UK,2022-11-08
ORD-02125,CUST-00177,2023-04-18,Delivered,Bank Transfer,Jewelry,WHITE SKULL GIFT BAG,1,1.48,EU,2023-04-18
ORD-02126,CUST-00066,2024-07-19,Refunded,Debit Card,Toys,VINTAGE CHRISTMAS PAPER GIFT BAG,6,1.53,UK,2024-07-19
ORD-02127,CUST-00462,2022-03-01,Shipped,Apple Pay,Toys,FELTCRAFT GIRL AMELIE KIT,3,9.80,UK,2022-03-01
ORD-02128,CUST-00996,2023-01-29,Delivered,Debit Card,Bathroom,DOORMAT ENGLAND,1,5.23,UK,2023-01-29
ORD-02129,CUST-00715,2023-02-15,Shipped,Apple Pay,Clothing,FELTCRAFT DOLL MEGGY,1,9.78,EU,2023-02-15
ORD-02130,CUST-00614,2023-02-05,Pending,PayPal,Toys,FELTCRAFT PRINCESS CHARLOTTE DOLL,48,10.66,UK,2023-02-05
ORD-02131,CUST-00528,2023-08-04,Delivered,Bank Transfer,Stationery,"PAPER CRAFT , BABY GIRL",4,3.21,UK,2023-08-04
ORD-02132,CUST-00198,2024-05-26,Delivered,Bank Transfer,Clothing,WOOLLY HOPPIE WHITE HEART,3,4.47,EU,2024-05-26
ORD-02133,CUST-00158,2024-05-09,Delivered,Apple Pay,Home Decor,ROSES REGENCY TEACUP AND SAUCER,2,3.51,EU,2024-05-09
ORD-02134,CUST-00902,2022-05-16,Pending,Bank Transfer,Kitchen,LUNCH BOX WITH CUTLERY,2,3.81,EU,2022-05-16
ORD-02135,CUST-00331,2023-12-02,Delivered,PayPal,Garden,PLANT POT HOLDER,24,3.30,EU,2023-12-02
ORD-02136,CUST-00339,2023-02-13,Shipped,PayPal,Toys,WOODEN HEART CHRISTMAS SCANDI,4,2.06,UK,2023-02-13
ORD-02137,CUST-00910,2022-06-26,Shipped,Bank Transfer,Toys,WOODEN HEART CHRISTMAS SCANDI,2,2.33,UK,2022-06-26
ORD-02138,CUST-00282,2023-04-03,Shipped,Bank Transfer,Home Decor,WHITE HANGING HEART T-LIGHT HOLDER,1,3.00,UK,2023-04-03
ORD-02139,CUST-00828,2022-02-28,Shipped,Bank Transfer,Toys,FELTCRAFT GIRL AMELIE KIT,12,8.84,EU,2022-02-28
ORD-02140,CUST-00392,2022-06-29,Delivered,PayPal,Garden,PLANT POT HOLDER,1,2.75,UK,2022-06-29
ORD-02141,CUST-00267,2023-04-29,Cancelled,Credit Card,Kitchen,JUMBO BAG STRAWBERRY,6,5.33,UK,2023-04-29
ORD-02142,CUST-00148,2023-07-02,Refunded,Credit Card,Home Decor,ROSES REGENCY TEACUP AND SAUCER,1,3.83,EU,2023-07-02
ORD-02143,CUST-00525,2024-06-07,Pending,Credit Card,Home Decor,SET OF 6 SKULLS GIFT BAGS,12,1.43,EU,2024-06-07
ORD-02144,CUST-00464,2022-02-16,Delivered,PayPal,Home Decor,HAND WARMER UNION JACK FLG,48,3.47,EU,2022-02-16
ORD-02145,CUST-00830,2023-10-21,Delivered,Debit Card,Bathroom,DOORMAT UNION JACK,1,4.77,UK,2023-10-21
ORD-02146,CUST-00047,2023-09-19,Delivered,Debit Card,Clothing,WORLD WAR 2 GLIDERS ASSTD DESIGNS,2,2.70,UK,2023-09-19
ORD-02147,CUST-00032,2022-03-12,Shipped,Apple Pay,Jewelry,HEART OF WICKER SMALL,6,1.92,EU,2022-03-12
ORD-02148,CUST-00013,2024-04-23,Delivered,Apple Pay,Jewelry,PACK OF 6 SKULL PAPER PLATES,6,1.36,UK,2024-04-23
ORD-02149,CUST-00497,2022-10-07,Shipped,Debit Card,Jewelry,PACK OF 6 SKULL PAPER CUPS,12,1.18,EU,2022-10-07
ORD-02150,CUST-00569,2023-09-17,Shipped,Credit Card,Bathroom,DOORMAT UNION JACK,1,4.99,UK,2023-09-17
ORD-02151,CUST-00306,2022-12-29,Delivered,Bank Transfer,Garden,GARDENERS KNEELER DESK,24,8.26,EU,2022-12-29
ORD-02152,CUST-00770,2024-09-24,Refunded,Apple Pay,Clothing,WORLD WAR 2 GLIDERS ASSTD DESIGNS,2,3.53,UK,2024-09-24
ORD-02153,CUST-00330,2023-08-10,Shipped,Credit Card,Toys,WOODEN HEART CHRISTMAS SCANDI,3,2.31,UK,2023-08-10
ORD-02154,CUST-00910,2023-07-16,Pending,Bank Transfer,Garden,GARDEN TOOL SET 3PC,3,14.09,UK,2023-07-16
ORD-02155,CUST-00002,2022-05-31,Delivered,Credit Card,Home Decor,REGENCY CAKESTAND 3 TIER,4,12.43,UK,2022-05-31
ORD-02156,CUST-00821,2023-06-28,Delivered,Debit Card,Home Decor,SET OF 6 SKULLS GIFT BAGS,48,1.26,UK,2023-06-28
ORD-02157,CUST-00341,2022-01-18,Delivered,PayPal,Toys,FELTCRAFT GIRL AMELIE KIT,1,10.31,EU,2022-01-18
ORD-02158,CUST-00158,2023-03-27,Delivered,Bank Transfer,Home Decor,HAND WARMER RED POLKA DOT,1,3.62,EU,2023-03-27
ORD-02159,CUST-00293,2023-01-10,Refunded,Credit Card,Toys,FELTCRAFT PRINCESS CHARLOTTE DOLL,2,9.03,UK,2023-01-10
ORD-02160,CUST-00673,2024-01-26,Shipped,Apple Pay,Bathroom,DOORMAT SPOTTY,1,5.79,EU,2024-01-26
ORD-02161,CUST-00739,2024-02-12,Delivered,Apple Pay,Home Decor,REGENCY CAKESTAND 3 TIER,1,13.39,UK,2024-02-12
ORD-02162,CUST-00328,2023-06-11,Delivered,PayPal,Jewelry,BLACK SKULL GIFT BAG,3,1.48,EU,2023-06-11
ORD-02163,CUST-00109,2024-02-24,Shipped,Bank Transfer,Jewelry,PACK OF 6 SKULL PAPER CUPS,2,1.22,EU,2024-02-24
ORD-02164,CUST-00032,2023-01-21,Delivered,PayPal,Clothing,FELTCRAFT PETAL BAG,3,6.64,EU,2023-01-21
ORD-02165,CUST-00170,2024-08-08,Delivered,Credit Card,Stationery,GREETING CARD SAFARI,2,1.31,UK,2024-08-08
ORD-02166,CUST-00870,2023-02-17,Shipped,Apple Pay,Stationery,"PAPER CRAFT , BABY BOY",1,2.66,UK,2023-02-17
ORD-02167,CUST-00219,2022-03-30,Shipped,Apple Pay,Jewelry,REGENCY TEACUP AND SAUCER,48,4.40,UK,2022-03-30
ORD-02168,CUST-00946,2022-06-03,Shipped,Debit Card,Clothing,MINI PAINT SET VINTAGE,1,3.13,EU,2022-06-03
ORD-02169,CUST-00908,2023-07-31,Shipped,Apple Pay,Garden,BIRD HOUSE WOODLAND,6,11.41,EU,2023-07-31
ORD-02170,CUST-00562,2024-08-08,Shipped,Debit Card,Jewelry,PACK OF 6 SKULL PAPER PLATES,12,1.48,EU,2024-08-08
ORD-02171,CUST-00472,2022-05-02,Delivered,Apple Pay,Clothing,FELTCRAFT DOLL MEGGY,1,9.81,EU,2022-05-02
ORD-02172,CUST-00969,2022-06-25,Shipped,Apple Pay,Jewelry,PACK OF 6 SKULL PAPER PLATES,1,1.18,UK,2022-06-25
ORD-02173,CUST-00058,2023-03-15,Shipped,PayPal,Home Decor,HAND WARMER RED POLKA DOT,4,3.86,UK,2023-03-15
ORD-02174,CUST-00894,2022-02-26,Delivered,Apple Pay,Clothing,FELTCRAFT CUSHION FLOWER,3,10.86,EU,2022-02-26
ORD-02175,CUST-00288,2023-12-22,Shipped,Bank Transfer,Stationery,GREETING CARD SAFARI,48,1.34,UK,2023-12-22
ORD-02176,CUST-00431,2023-06-22,Pending,Apple Pay,Toys,WOODEN HEART CHRISTMAS SCANDI,2,1.87,EU,2023-06-22
ORD-02177,CUST-00554,2024-02-06,Shipped,Apple Pay,Jewelry,HEART OF WICKER LARGE,4,5.71,UK,2024-02-06
ORD-02178,CUST-00068,2023-09-09,Pending,Apple Pay,Garden,PLANT POT HOLDER,3,2.94,UK,2023-09-09
ORD-02179,CUST-00310,2023-12-31,Delivered,Debit Card,Garden,WATERING CAN PINK,3,6.44,EU,2023-12-31
ORD-02180,CUST-00415,2023-06-09,Delivered,Debit Card,Toys,FELTCRAFT BUTTERFLY PURSE,1,5.83,EU,2023-06-09
ORD-02181,CUST-00538,2023-12-03,Delivered,Credit Card,Home Decor,HAND WARMER UNION JACK FLG,12,4.03,UK,2023-12-03
ORD-02182,CUST-00155,2022-07-04,Pending,Apple Pay,Bathroom,BATH BUILDING BLOCK WORD,3,6.57,EU,2022-07-04
ORD-02183,CUST-00029,2023-07-15,Delivered,Apple Pay,Jewelry,WHITE SKULL GIFT BAG,12,1.63,UK,2023-07-15
ORD-02184,CUST-00103,2023-07-07,Delivered,Bank Transfer,Kitchen,LUNCH BOX WITH CUTLERY,24,4.10,UK,2023-07-07
ORD-02185,CUST-00868,2024-02-25,Pending,Credit Card,Jewelry,BLACK SKULL GIFT BAG,6,1.35,UK,2024-02-25
ORD-02186,CUST-00665,2024-01-03,Delivered,Apple Pay,Toys,WOODEN HEART CHRISTMAS SCANDI,1,1.99,UK,2024-01-03
ORD-02187,CUST-00038,2022-08-13,Delivered,Debit Card,Kitchen,LUNCH BAG SUKI DESIGN,1,1.56,EU,2022-08-13
ORD-02188,CUST-00604,2024-07-03,Shipped,PayPal,Toys,FELTCRAFT BUTTERFLY PURSE,1,6.34,EU,2024-07-03
ORD-02189,CUST-00928,2023-03-24,Delivered,Apple Pay,Clothing,FELTCRAFT CUSHION FLOWER,3,11.73,EU,2023-03-24
ORD-02190,CUST-00924,2022-11-20,Pending,Bank Transfer,Stationery,GREETING CARD SAFARI,24,1.22,EU,2022-11-20
ORD-02191,CUST-00336,2023-06-16,Delivered,Debit Card,Stationery,GREETING CARD SAFARI,3,1.28,UK,2023-06-16
ORD-02192,CUST-00998,2022-01-14,Delivered,Bank Transfer,Home Decor,ROSES REGENCY TEACUP AND SAUCER,2,4.15,EU,2022-01-14
ORD-02193,CUST-00242,2024-04-04,Delivered,Debit Card,Clothing,FELTCRAFT PETAL BAG,1,5.66,UK,2024-04-04
ORD-02194,CUST-00103,2023-11-29,Delivered,PayPal,Garden,GARDENERS KNEELER DESK,2,8.66,UK,2023-11-29
ORD-02195,CUST-00451,2023-10-22,Pending,Bank Transfer,Clothing,WOOLLY HOPPIE WHITE HEART,24,3.78,UK,2023-10-22
ORD-02196,CUST-00633,2023-06-13,Shipped,PayPal,Jewelry,HEART OF WICKER SMALL,4,2.19,EU,2023-06-13
ORD-02197,CUST-00270,2023-07-05,Shipped,Credit Card,Home Decor,HAND WARMER RED POLKA DOT,2,4.05,EU,2023-07-05
ORD-02198,CUST-00319,2022-02-22,Delivered,Credit Card,Kitchen,JUMBO BAG STRAWBERRY,2,5.17,EU,2022-02-22
ORD-02199,CUST-00771,2024-03-23,Shipped,Credit Card,Kitchen,LUNCH BOX WITH CUTLERY,24,4.47,UK,2024-03-23
ORD-02200,CUST-00204,2022-11-29,Delivered,Bank Transfer,Stationery,PAPER CHAIN KIT 50'S CHRISTMAS,3,1.50,UK,2022-11-29
ORD-02201,CUST-00839,2023-08-20,Delivered,Bank Transfer,Toys,FELTCRAFT PRINCESS CHARLOTTE DOLL,3,10.05,EU,2023-08-20
ORD-02202,CUST-00633,2022-05-26,Shipped,PayPal,Stationery,"PAPER CRAFT , BABY BOY",3,3.43,EU,2022-05-26
ORD-02203,CUST-00824,2022-10-26,Shipped,Bank Transfer,Jewelry,WHITE SKULL GIFT BAG,1,1.49,UK,2022-10-26
ORD-02204,CUST-00589,2022-08-26,Delivered,Bank Transfer,Bathroom,DOORMAT ENGLAND,1,5.59,EU,2022-08-26
ORD-02205,CUST-00744,2022-03-09,Delivered,Debit Card,Stationery,"PAPER CRAFT , BABY GIRL",48,3.38,UK,2022-03-09
ORD-02206,CUST-00628,2023-06-03,Delivered,Credit Card,Garden,GARDENERS KNEELER DESK,2,8.96,EU,2023-06-03
ORD-02207,CUST-00364,2023-12-25,Cancelled,Apple Pay,Jewelry,PACK OF 6 SKULL PAPER PLATES,24,1.26,EU,2023-12-25
ORD-02208,CUST-00932,2022-08-28,Pending,Bank Transfer,Clothing,FELTCRAFT CUSHION FLOWER,4,10.93,UK,2022-08-28
ORD-02209,CUST-00985,2022-02-08,Pending,Credit Card,Toys,FELTCRAFT BUTTERFLY PURSE,6,5.73,EU,2022-02-08
ORD-02210,CUST-00340,2022-11-08,Delivered,Debit Card,Toys,FELTCRAFT BUTTERFLY PURSE,2,6.61,UK,2022-11-08
ORD-02211,CUST-00233,2024-01-25,Shipped,Apple Pay,Home Decor,JUMBO BAG VINTAGE LEAF,2,5.01,UK,2024-01-25
ORD-02212,CUST-00356,2023-08-21,Delivered,Bank Transfer,Jewelry,WHITE SKULL GIFT BAG,4,1.54,UK,2023-08-21
ORD-02213,CUST-00025,2024-03-24,Shipped,Bank Transfer,Stationery,GREETING CARD SAFARI,24,1.24,EU,2024-03-24
ORD-02214,CUST-00727,2022-12-20,Delivered,Apple Pay,Bathroom,BATH BOMB FIZZER SHEA BUTTER,2,1.62,UK,2022-12-20
ORD-02215,CUST-00366,2023-10-05,Delivered,Apple Pay,Toys,FELTCRAFT PRINCESS CHARLOTTE DOLL,1,8.28,UK,2023-10-05
ORD-02216,CUST-00118,2022-01-14,Cancelled,Debit Card,Stationery,"PAPER CRAFT , BABY GIRL",1,2.66,UK,2022-01-14
ORD-02217,CUST-00079,2023-07-20,Pending,PayPal,Toys,VINTAGE CHRISTMAS PAPER GIFT BAG,4,1.48,EU,2023-07-20
ORD-02218,CUST-00913,2024-05-07,Shipped,Bank Transfer,Kitchen,LUNCH BAG RED RETROSPOT,1,1.64,UK,2024-05-07
ORD-02219,CUST-00396,2022-09-19,Delivered,Debit Card,Clothing,WORLD WAR 2 GLIDERS ASSTD DESIGNS,12,3.28,EU,2022-09-19
ORD-02220,CUST-00711,2024-01-24,Refunded,Apple Pay,Toys,WOODEN HEART CHRISTMAS SCANDI,6,1.92,UK,2024-01-24
ORD-02221,CUST-00830,2022-10-23,Delivered,Debit Card,Clothing,FELTCRAFT DOLL MEGGY,12,9.49,UK,2022-10-23
ORD-02222,CUST-00995,2022-06-05,Delivered,PayPal,Home Decor,ROSES REGENCY TEACUP AND SAUCER,6,3.41,EU,2022-06-05
ORD-02223,CUST-00993,2023-08-23,Shipped,Debit Card,Clothing,FELTCRAFT PETAL BAG,1,6.65,UK,2023-08-23
ORD-02224,CUST-00120,2023-04-09,Delivered,Apple Pay,Toys,FELTCRAFT BUTTERFLY PURSE,12,6.10,EU,2023-04-09
ORD-02225,CUST-00765,2024-09-02,Pending,Debit Card,Garden,BIRD HOUSE WOODLAND,48,10.19,UK,2024-09-02
ORD-02226,CUST-00321,2022-06-28,Delivered,Credit Card,Clothing,FELTCRAFT PETAL BAG,2,5.78,UK,2022-06-28
ORD-02227,CUST-00138,2022-08-14,Shipped,Apple Pay,Kitchen,LUNCH BAG WITH BLACK CAT,1,1.61,EU,2022-08-14
ORD-02228,CUST-00558,2024-01-13,Delivered,Bank Transfer,Home Decor,HAND WARMER RED POLKA DOT,1,4.06,UK,2024-01-13
ORD-02229,CUST-00568,2023-09-25,Delivered,Credit Card,Home Decor,SET OF 6 SKULLS GIFT BAGS,12,1.31,EU,2023-09-25
ORD-02230,CUST-00486,2023-10-13,Shipped,Bank Transfer,Stationery,"PAPER CRAFT , BABY BOY",3,2.94,UK,2023-10-13
ORD-02231,CUST-00124,2022-08-05,Shipped,PayPal,Bathroom,DOORMAT UNION JACK,1,5.37,UK,2022-08-05
ORD-02232,CUST-00065,2023-01-05,Delivered,PayPal,Stationery,GREETING CARD SAFARI,2,1.27,UK,2023-01-05
ORD-02233,CUST-00144,2023-01-28,Shipped,Debit Card,Garden,BIRD HOUSE WOODLAND,6,9.28,UK,2023-01-28
ORD-02234,CUST-00389,2024-02-08,Shipped,Bank Transfer,Home Decor,SET OF 3 BUTTERFLY COOKIE CUTTERS,1,2.10,EU,2024-02-08
ORD-02235,CUST-00916,2024-02-16,Shipped,Debit Card,Jewelry,HEART OF WICKER LARGE,3,4.98,UK,2024-02-16
ORD-02236,CUST-00498,2022-09-27,Delivered,PayPal,Clothing,WOOLLY HOPPIE WHITE HEART,2,4.33,UK,2022-09-27
ORD-02237,CUST-00623,2024-09-18,Delivered,Apple Pay,Home Decor,HAND WARMER RED POLKA DOT,1,3.99,UK,2024-09-18
ORD-02238,CUST-00332,2022-12-09,Shipped,Debit Card,Home Decor,WHITE HANGING HEART T-LIGHT HOLDER,48,3.31,UK,2022-12-09
ORD-02239,CUST-00852,2022-09-19,Delivered,Bank Transfer,Bathroom,DOORMAT UNION JACK,6,5.83,UK,2022-09-19
ORD-02240,CUST-00493,2022-08-23,Delivered,PayPal,Kitchen,LUNCH BOX WITH CUTLERY,1,4.40,UK,2022-08-23
ORD-02241,CUST-00481,2022-09-16,Cancelled,PayPal,Clothing,MINI PAINT SET VINTAGE,1,2.86,EU,2022-09-16
ORD-02242,CUST-00388,2023-12-05,Delivered,Apple Pay,Clothing,FELTCRAFT DOLL MEGGY,4,8.28,UK,2023-12-05
ORD-02243,CUST-00850,2022-09-24,Delivered,Apple Pay,Home Decor,ROSES REGENCY TEACUP AND SAUCER,1,3.48,UK,2022-09-24
ORD-02244,CUST-00469,2022-11-21,Shipped,Debit Card,Toys,FELTCRAFT GIRL AMELIE KIT,3,9.64,UK,2022-11-21
ORD-02245,CUST-00896,2022-11-26,Shipped,Bank Transfer,Clothing,WORLD WAR 2 GLIDERS ASSTD DESIGNS,1,2.67,EU,2022-11-26
ORD-02246,CUST-00508,2022-07-18,Pending,Apple Pay,Jewelry,BLACK SKULL GIFT BAG,2,1.35,UK,2022-07-18
ORD-02247,CUST-00824,2024-01-11,Delivered,Bank Transfer,Garden,WATERING CAN PINK,3,5.46,UK,2024-01-11
ORD-02248,CUST-00989,2022-03-28,Shipped,Credit Card,Bathroom,BATH BUILDING BLOCK WORD,1,5.72,EU,2022-03-28
ORD-02249,CUST-00257,2022-06-24,Delivered,Credit Card,Home Decor,SET OF 6 SKULLS GIFT BAGS,2,1.33,UK,2022-06-24
ORD-02250,CUST-00498,2022-02-16,Delivered,Bank Transfer,Toys,FELTCRAFT BUTTERFLY PURSE,1,6.17,UK,2022-02-16
ORD-02251,CUST-00647,2022-12-05,Delivered,Credit Card,Toys,FELTCRAFT GIRL AMELIE KIT,2,8.86,UK,2022-12-05
ORD-02252,CUST-00417,2022-05-27,Delivered,Apple Pay,Jewelry,BLACK SKULL GIFT BAG,3,1.67,UK,2022-05-27
ORD-02253,CUST-00673,2022-03-15,Shipped,PayPal,Home Decor,ROSES REGENCY TEACUP AND SAUCER,1,4.28,EU,2022-03-15
ORD-02254,CUST-00184,2022-02-04,Pending,Debit Card,Clothing,FELTCRAFT CUSHION FLOWER,4,8.99,UK,2022-02-04
ORD-02255,CUST-00056,2022-12-10,Refunded,PayPal,Home Decor,JUMBO BAG VINTAGE LEAF,48,5.10,UK,2022-12-10
ORD-02256,CUST-00932,2024-04-30,Pending,PayPal,Clothing,WORLD WAR 2 GLIDERS ASSTD DESIGNS,1,2.94,UK,2024-04-30
ORD-02257,CUST-00759,2022-01-28,Delivered,Bank Transfer,Kitchen,LUNCH BAG RED RETROSPOT,1,1.65,UK,2022-01-28
ORD-02258,CUST-00038,2024-01-27,Delivered,Debit Card,Kitchen,LUNCH BAG RED RETROSPOT,2,1.42,EU,2024-01-27
ORD-02259,CUST-00020,2024-07-03,Shipped,Apple Pay,Kitchen,LUNCH BAG RED RETROSPOT,48,1.48,UK,2024-07-03
ORD-02260,CUST-00145,2022-02-08,Pending,PayPal,Kitchen,LUNCH BAG WITH BLACK CAT,1,1.36,UK,2022-02-08
ORD-02261,CUST-00238,2022-02-18,Shipped,Debit Card,Jewelry,PACK OF 6 SKULL PAPER PLATES,1,1.37,UK,2022-02-18
ORD-02262,CUST-00671,2023-09-21,Delivered,Credit Card,Home Decor,HAND WARMER UNION JACK FLG,1,3.73,EU,2023-09-21
ORD-02263,CUST-00117,2022-08-03,Shipped,Credit Card,Clothing,MINI PAINT SET VINTAGE,1,3.13,UK,2022-08-03
ORD-02264,CUST-00198,2023-06-14,Shipped,Credit Card,Home Decor,SET OF 6 SKULLS GIFT BAGS,3,1.26,EU,2023-06-14
ORD-02265,CUST-00816,2022-09-18,Shipped,Bank Transfer,Home Decor,SET OF 3 BUTTERFLY COOKIE CUTTERS,1,2.18,EU,2022-09-18
ORD-02266,CUST-00696,2022-07-10,Delivered,PayPal,Bathroom,DOORMAT ENGLAND,2,4.78,UK,2022-07-10
ORD-02267,CUST-00792,2022-01-06,Shipped,Apple Pay,Bathroom,DOORMAT SPOTTY,3,5.09,EU,2022-01-06
ORD-02268,CUST-00525,2024-02-03,Pending,Apple Pay,Stationery,"PAPER CRAFT , BABY GIRL",2,2.89,EU,2024-02-03
ORD-02269,CUST-00974,2023-10-14,Delivered,Debit Card,Garden,PLANT POT HOLDER,1,3.32,EU,2023-10-14
ORD-02270,CUST-00284,2023-01-05,Shipped,Bank Transfer,Jewelry,REGENCY TEACUP AND SAUCER,3,4.09,UK,2023-01-05
ORD-02271,CUST-00851,2022-04-05,Shipped,Debit Card,Home Decor,SET OF 6 SKULLS GIFT BAGS,2,1.44,UK,2022-04-05
ORD-02272,CUST-00393,2024-05-17,Pending,Bank Transfer,Stationery,PAPER CHAIN KIT 50'S CHRISTMAS,2,1.45,EU,2024-05-17
ORD-02273,CUST-00783,2022-09-10,Delivered,Apple Pay,Garden,BIRD HOUSE WOODLAND,48,10.06,UK,2022-09-10
ORD-02274,CUST-00063,2022-04-18,Shipped,PayPal,Jewelry,HEART OF WICKER LARGE,24,5.07,UK,2022-04-18
ORD-02275,CUST-00225,2023-01-15,Shipped,Bank Transfer,Bathroom,BATH BUILDING BLOCK WORD,2,6.39,UK,2023-01-15
ORD-02276,CUST-00797,2024-01-07,Shipped,Debit Card,Bathroom,DOORMAT UNION JACK,24,5.04,EU,2024-01-07
ORD-02277,CUST-00347,2023-12-18,Cancelled,Debit Card,Home Decor,SET OF 3 BUTTERFLY COOKIE CUTTERS,3,2.16,UK,2023-12-18
ORD-02278,CUST-00781,2024-06-28,Shipped,Debit Card,Jewelry,WHITE SKULL GIFT BAG,12,1.56,UK,2024-06-28
ORD-02279,CUST-00158,2024-02-13,Refunded,Bank Transfer,Bathroom,DOORMAT ENGLAND,1,5.81,EU,2024-02-13
ORD-02280,CUST-00946,2023-05-02,Pending,Bank Transfer,Jewelry,PACK OF 6 SKULL PAPER PLATES,1,1.16,EU,2023-05-02
ORD-02281,CUST-00885,2022-07-21,Delivered,Apple Pay,Jewelry,BLACK SKULL GIFT BAG,4,1.49,EU,2022-07-21
ORD-02282,CUST-00954,2023-11-07,Shipped,Apple Pay,Home Decor,SET OF 6 SKULLS GIFT BAGS,2,1.20,EU,2023-11-07
ORD-02283,CUST-00337,2023-08-15,Pending,Credit Card,Toys,VINTAGE CHRISTMAS PAPER GIFT BAG,4,1.41,UK,2023-08-15
ORD-02284,CUST-00403,2023-04-27,Delivered,Debit Card,Clothing,FELTCRAFT DOLL MEGGY,3,8.85,EU,2023-04-27
ORD-02285,CUST-00631,2024-03-17,Delivered,Bank Transfer,Jewelry,HEART OF WICKER SMALL,6,2.20,EU,2024-03-17
ORD-02286,CUST-00099,2023-05-28,Pending,Bank Transfer,Garden,PLANT POT HOLDER,12,3.25,UK,2023-05-28
ORD-02287,CUST-00919,2022-04-01,Pending,Credit Card,Toys,VINTAGE CHRISTMAS PAPER GIFT BAG,4,1.61,UK,2022-04-01
ORD-02288,CUST-00510,2023-04-28,Delivered,Credit Card,Home Decor,SET OF 3 BUTTERFLY COOKIE CUTTERS,2,1.98,UK,2023-04-28
ORD-02289,CUST-00966,2024-04-14,Delivered,Apple Pay,Kitchen,LUNCH BAG RED RETROSPOT,1,1.57,UK,2024-04-14
ORD-02290,CUST-00926,2023-01-31,Delivered,Apple Pay,Clothing,FELTCRAFT CUSHION FLOWER,1,11.63,UK,2023-01-31
ORD-02291,CUST-00213,2022-10-20,Shipped,Debit Card,Kitchen,LUNCH BAG SUKI DESIGN,1,1.36,UK,2022-10-20
ORD-02292,CUST-00607,2022-07-08,Shipped,PayPal,Bathroom,DOORMAT SPOTTY,6,5.11,EU,2022-07-08
ORD-02293,CUST-00859,2023-10-11,Shipped,PayPal,Kitchen,LUNCH BOX WITH CUTLERY,4,4.49,EU,2023-10-11
ORD-02294,CUST-00353,2022-07-15,Delivered,Bank Transfer,Clothing,MINI PAINT SET VINTAGE,2,3.47,UK,2022-07-15
ORD-02295,CUST-00143,2023-08-26,Delivered,PayPal,Clothing,FELTCRAFT PETAL BAG,24,6.89,EU,2023-08-26
ORD-02296,CUST-00012,2023-06-02,Delivered,Credit Card,Home Decor,SET OF 3 BUTTERFLY COOKIE CUTTERS,2,2.09,UK,2023-06-02
ORD-02297,CUST-00684,2024-07-21,Shipped,PayPal,Kitchen,LUNCH BAG SUKI DESIGN,1,1.48,EU,2024-07-21
ORD-02298,CUST-00581,2023-11-20,Pending,Apple Pay,Stationery,GREETING CARD SAFARI,1,1.28,EU,2023-11-20
ORD-02299,CUST-00230,2022-02-03,Pending,Bank Transfer,Home Decor,SET OF 3 BUTTERFLY COOKIE CUTTERS,2,2.11,UK,2022-02-03
ORD-02300,CUST-00111,2022-01-29,Pending,Debit Card,Home Decor,REGENCY CAKESTAND 3 TIER,2,14.43,UK,2022-01-29
ORD-02301,CUST-00582,2024-02-19,Delivered,Debit Card,Jewelry,HEART OF WICKER SMALL,1,2.10,UK,2024-02-19
ORD-02302,CUST-00232,2023-05-03,Cancelled,Bank Transfer,Home Decor,SET OF 6 SKULLS GIFT BAGS,1,1.23,UK,2023-05-03
ORD-02303,CUST-00854,2023-12-04,Shipped,Credit Card,Toys,WOODEN STAR CHRISTMAS SCANDI,4,1.87,EU,2023-12-04
ORD-02304,CUST-00289,2023-12-09,Shipped,Credit Card,Home Decor,HAND WARMER RED POLKA DOT,6,3.61,EU,2023-12-09
ORD-02305,CUST-00978,2022-08-10,Pending,PayPal,Kitchen,JUMBO BAG STRAWBERRY,12,5.19,EU,2022-08-10
ORD-02306,CUST-00931,2024-09-25,Shipped,Apple Pay,Toys,FELTCRAFT PRINCESS CHARLOTTE DOLL,1,9.13,EU,2024-09-25
ORD-02307,CUST-00679,2024-05-18,Shipped,Debit Card,Jewelry,REGENCY TEACUP AND SAUCER,1,3.40,UK,2024-05-18
ORD-02308,CUST-00916,2024-06-21,Delivered,Bank Transfer,Home Decor,HAND WARMER RED POLKA DOT,1,3.62,UK,2024-06-21
ORD-02309,CUST-00949,2022-02-03,Delivered,Credit Card,Kitchen,LUNCH BAG SUKI DESIGN,2,1.54,EU,2022-02-03
ORD-02310,CUST-00898,2022-05-28,Pending,Debit Card,Jewelry,HEART OF WICKER LARGE,3,4.82,UK,2022-05-28
ORD-02311,CUST-00265,2022-11-06,Delivered,Debit Card,Toys,VINTAGE CHRISTMAS PAPER GIFT BAG,12,1.71,EU,2022-11-06
ORD-02312,CUST-00062,2022-03-04,Delivered,Apple Pay,Home Decor,SET OF 3 BUTTERFLY COOKIE CUTTERS,2,1.80,UK,2022-03-04
ORD-02313,CUST-00688,2023-08-29,Pending,Apple Pay,Kitchen,LUNCH BAG RED RETROSPOT,2,1.71,UK,2023-08-29
ORD-02314,CUST-00392,2022-04-12,Delivered,Credit Card,Kitchen,JUMBO BAG RED RETROSPOT,1,5.62,UK,2022-04-12
ORD-02315,CUST-00810,2024-03-12,Delivered,Apple Pay,Toys,WOODEN HEART CHRISTMAS SCANDI,1,2.27,UK,2024-03-12
ORD-02316,CUST-00699,2022-05-19,Shipped,Bank Transfer,Bathroom,DOORMAT SPOTTY,24,5.67,UK,2022-05-19
ORD-02317,CUST-00686,2023-07-23,Delivered,Credit Card,Home Decor,WHITE HANGING HEART T-LIGHT HOLDER,1,3.48,UK,2023-07-23
ORD-02318,CUST-00297,2023-04-16,Delivered,PayPal,Kitchen,JUMBO SHOPPER VINTAGE RED PAISLEY,1,8.01,EU,2023-04-16
ORD-02319,CUST-00325,2022-03-18,Delivered,Apple Pay,Kitchen,LUNCH BAG WITH BLACK CAT,24,1.71,UK,2022-03-18
ORD-02320,CUST-00219,2023-05-18,Shipped,Bank Transfer,Stationery,"PAPER CRAFT , BABY GIRL",2,3.11,UK,2023-05-18
ORD-02321,CUST-00193,2024-09-14,Pending,Bank Transfer,Jewelry,HEART OF WICKER SMALL,1,2.08,EU,2024-09-14
ORD-02322,CUST-00309,2023-01-24,Pending,Apple Pay,Jewelry,HEART OF WICKER LARGE,48,5.43,UK,2023-01-24
ORD-02323,CUST-00294,2022-12-23,Shipped,Credit Card,Home Decor,REGENCY CAKESTAND 3 TIER,1,12.06,EU,2022-12-23
ORD-02324,CUST-00078,2022-08-12,Shipped,Bank Transfer,Clothing,FELTCRAFT CUSHION FLOWER,1,11.70,EU,2022-08-12
ORD-02325,CUST-00612,2023-02-02,Pending,Apple Pay,Jewelry,REGENCY TEACUP AND SAUCER,2,4.12,EU,2023-02-02
ORD-02326,CUST-00260,2022-06-29,Delivered,Bank Transfer,Garden,PLANT POT HOLDER,2,3.54,EU,2022-06-29
ORD-02327,CUST-00758,2023-10-11,Shipped,Bank Transfer,Bathroom,DOORMAT SPOTTY,12,4.46,EU,2023-10-11
ORD-02328,CUST-00738,2023-07-10,Delivered,Apple Pay,Kitchen,JUMBO BAG STRAWBERRY,24,5.15,UK,2023-07-10
ORD-02329,CUST-00283,2023-03-13,Shipped,PayPal,Toys,FELTCRAFT GIRL AMELIE KIT,3,10.50,EU,2023-03-13
ORD-02330,CUST-00519,2022-03-01,Pending,Credit Card,Jewelry,PACK OF 6 SKULL PAPER CUPS,48,1.35,UK,2022-03-01
ORD-02331,CUST-00606,2023-04-08,Shipped,Bank Transfer,Jewelry,WHITE SKULL GIFT BAG,4,1.45,EU,2023-04-08
ORD-02332,CUST-00214,2024-06-26,Pending,Debit Card,Garden,WATERING CAN PINK,2,6.26,EU,2024-06-26
ORD-02333,CUST-00460,2023-02-04,Delivered,PayPal,Jewelry,WHITE SKULL GIFT BAG,4,1.50,UK,2023-02-04
ORD-02334,CUST-00415,2022-01-09,Delivered,Credit Card,Garden,WATERING CAN PINK,1,6.04,EU,2022-01-09
ORD-02335,CUST-00085,2022-10-09,Pending,Debit Card,Bathroom,DOORMAT ENGLAND,12,5.43,UK,2022-10-09
ORD-02336,CUST-00006,2023-03-08,Delivered,PayPal,Garden,BIRD HOUSE WOODLAND,3,11.81,EU,2023-03-08
ORD-02337,CUST-00042,2022-04-16,Delivered,Credit Card,Clothing,WORLD WAR 2 GLIDERS ASSTD DESIGNS,3,3.34,EU,2022-04-16
ORD-02338,CUST-00992,2023-07-09,Delivered,PayPal,Jewelry,WHITE SKULL GIFT BAG,48,1.48,UK,2023-07-09
ORD-02339,CUST-00996,2022-05-25,Pending,Bank Transfer,Clothing,MINI PAINT SET VINTAGE,1,2.77,UK,2022-05-25
ORD-02340,CUST-00173,2022-12-26,Delivered,Debit Card,Home Decor,ROSES REGENCY TEACUP AND SAUCER,3,3.50,UK,2022-12-26
ORD-02341,CUST-00144,2022-06-29,Delivered,PayPal,Home Decor,SET OF 6 SKULLS GIFT BAGS,1,1.18,UK,2022-06-29
ORD-02342,CUST-00014,2022-06-09,Delivered,PayPal,Toys,FELTCRAFT PRINCESS CHARLOTTE DOLL,1,8.93,UK,2022-06-09
ORD-02343,CUST-00621,2022-10-07,Pending,Apple Pay,Jewelry,PACK OF 6 SKULL PAPER PLATES,3,1.14,UK,2022-10-07
ORD-02344,CUST-00275,2023-01-17,Delivered,Credit Card,Stationery,"PAPER CRAFT , BABY BOY",3,2.76,UK,2023-01-17
ORD-02345,CUST-00722,2022-01-31,Delivered,PayPal,Kitchen,LUNCH BAG SUKI DESIGN,24,1.46,UK,2022-01-31
ORD-02346,CUST-00199,2024-08-07,Pending,Apple Pay,Garden,GARDENERS KNEELER DESK,48,9.41,UK,2024-08-07
ORD-02347,CUST-00607,2024-08-09,Delivered,Credit Card,Kitchen,LUNCH BAG WITH BLACK CAT,24,1.31,EU,2024-08-09
ORD-02348,CUST-00655,2023-05-17,Delivered,Credit Card,Clothing,WORLD WAR 2 GLIDERS ASSTD DESIGNS,24,2.97,EU,2023-05-17
ORD-02349,CUST-00614,2022-05-11,Cancelled,Credit Card,Clothing,MINI PAINT SET VINTAGE,2,2.87,UK,2022-05-11
ORD-02350,CUST-00872,2023-09-29,Shipped,PayPal,Kitchen,JUMBO BAG STRAWBERRY,1,4.90,UK,2023-09-29
ORD-02351,CUST-00249,2024-02-17,Pending,Apple Pay,Bathroom,DOORMAT SPOTTY,1,4.95,UK,2024-02-17
ORD-02352,CUST-00780,2023-04-26,Delivered,Bank Transfer,Kitchen,LUNCH BAG RED RETROSPOT,24,1.42,UK,2023-04-26
ORD-02353,CUST-00295,2022-02-07,Shipped,Apple Pay,Clothing,FELTCRAFT DOLL MEGGY,12,8.40,UK,2022-02-07
ORD-02354,CUST-00691,2023-01-30,Shipped,PayPal,Toys,FELTCRAFT BUTTERFLY PURSE,24,5.75,UK,2023-01-30
ORD-02355,CUST-00510,2023-11-21,Refunded,Bank Transfer,Toys,FELTCRAFT BUTTERFLY PURSE,3,7.08,UK,2023-11-21
ORD-02356,CUST-00572,2022-04-10,Shipped,Apple Pay,Jewelry,PACK OF 6 SKULL PAPER PLATES,6,1.38,UK,2022-04-10
ORD-02357,CUST-00743,2024-07-14,Shipped,Bank Transfer,Clothing,FELTCRAFT CUSHION FLOWER,2,11.73,UK,2024-07-14
ORD-02358,CUST-00611,2023-07-20,Shipped,PayPal,Jewelry,PACK OF 6 SKULL PAPER CUPS,1,1.43,EU,2023-07-20
ORD-02359,CUST-00937,2022-11-10,Delivered,Credit Card,Toys,WOODEN HEART CHRISTMAS SCANDI,6,2.10,UK,2022-11-10
ORD-02360,CUST-00558,2024-01-25,Pending,Bank Transfer,Clothing,MINI PAINT SET VINTAGE,1,3.16,UK,2024-01-25
ORD-02361,CUST-00618,2022-11-02,Shipped,Debit Card,Stationery,"PAPER CRAFT , BABY GIRL",3,2.70,UK,2022-11-02
ORD-02362,CUST-00533,2023-01-22,Pending,Credit Card,Jewelry,HEART OF WICKER SMALL,6,2.01,EU,2023-01-22
ORD-02363,CUST-00398,2023-04-09,Delivered,PayPal,Garden,GARDEN TOOL SET 3PC,2,12.59,UK,2023-04-09
ORD-02364,CUST-00455,2023-03-31,Delivered,Debit Card,Home Decor,HAND WARMER RED POLKA DOT,1,3.37,UK,2023-03-31
ORD-02365,CUST-00429,2024-07-09,Delivered,Debit Card,Jewelry,REGENCY TEACUP AND SAUCER,3,3.71,UK,2024-07-09
ORD-02366,CUST-00367,2022-07-19,Delivered,Bank Transfer,Home Decor,SET OF 6 SKULLS GIFT BAGS,3,1.32,EU,2022-07-19
ORD-02367,CUST-00631,2023-02-12,Shipped,PayPal,Jewelry,HEART OF WICKER LARGE,1,5.37,EU,2023-02-12
ORD-02368,CUST-00471,2024-04-01,Delivered,Credit Card,Toys,WOODEN HEART CHRISTMAS SCANDI,12,1.86,EU,2024-04-01
ORD-02369,CUST-00545,2022-05-25,Cancelled,Debit Card,Bathroom,DOORMAT ENGLAND,4,4.81,EU,2022-05-25
ORD-02370,CUST-00218,2022-10-08,Pending,Debit Card,Bathroom,DOORMAT SPOTTY,3,5.59,UK,2022-10-08
ORD-02371,CUST-00316,2024-08-22,Delivered,Apple Pay,Kitchen,LUNCH BAG SUKI DESIGN,4,1.45,EU,2024-08-22
ORD-02372,CUST-00111,2022-10-16,Delivered,Apple Pay,Garden,GARDENERS KNEELER DESK,3,7.91,UK,2022-10-16
ORD-02373,CUST-00951,2023-07-31,Delivered,Credit Card,Home Decor,HAND WARMER UNION JACK FLG,2,3.90,EU,2023-07-31
ORD-02374,CUST-00167,2022-09-02,Refunded,Debit Card,Bathroom,DOORMAT UNION JACK,1,5.13,UK,2022-09-02
ORD-02375,CUST-00227,2023-11-23,Delivered,PayPal,Jewelry,REGENCY TEACUP AND SAUCER,1,4.27,UK,2023-11-23
ORD-02376,CUST-00186,2023-07-05,Cancelled,Debit Card,Home Decor,SET OF 6 SKULLS GIFT BAGS,12,1.25,EU,2023-07-05
ORD-02377,CUST-00538,2024-07-22,Delivered,Apple Pay,Garden,BIRD HOUSE WOODLAND,1,9.79,UK,2024-07-22
ORD-02378,CUST-00446,2023-09-25,Delivered,Bank Transfer,Stationery,PAPER CHAIN KIT 50'S CHRISTMAS,1,1.69,EU,2023-09-25
ORD-02379,CUST-00162,2023-09-07,Pending,Debit Card,Kitchen,LUNCH BAG RED RETROSPOT,2,1.72,UK,2023-09-07
ORD-02380,CUST-00028,2024-08-07,Delivered,Credit Card,Bathroom,DOORMAT SPOTTY,1,5.14,UK,2024-08-07
ORD-02381,CUST-00368,2023-02-20,Shipped,Debit Card,Clothing,WOOLLY HOPPIE WHITE HEART,1,3.57,EU,2023-02-20
ORD-02382,CUST-00487,2024-04-19,Shipped,Credit Card,Home Decor,WHITE HANGING HEART T-LIGHT HOLDER,2,3.53,EU,2024-04-19
ORD-02383,CUST-00995,2022-06-10,Delivered,PayPal,Home Decor,SET OF 3 BUTTERFLY COOKIE CUTTERS,1,1.89,EU,2022-06-10
ORD-02384,CUST-00545,2023-03-05,Pending,Apple Pay,Garden,PLANT POT HOLDER,1,2.79,EU,2023-03-05
ORD-02385,CUST-00050,2022-08-05,Shipped,Debit Card,Kitchen,LUNCH BAG RED RETROSPOT,3,1.58,EU,2022-08-05
ORD-02386,CUST-00502,2022-01-03,Pending,Credit Card,Jewelry,HEART OF WICKER SMALL,2,2.11,EU,2022-01-03
ORD-02387,CUST-00189,2022-04-12,Shipped,Debit Card,Clothing,FELTCRAFT CUSHION FLOWER,3,9.97,UK,2022-04-12
ORD-02388,CUST-00862,2022-10-15,Delivered,Credit Card,Garden,GARDEN TOOL SET 3PC,2,14.44,UK,2022-10-15
ORD-02389,CUST-00527,2022-11-13,Pending,Bank Transfer,Clothing,FELTCRAFT PETAL BAG,2,7.09,UK,2022-11-13
ORD-02390,CUST-00594,2022-01-01,Shipped,PayPal,Jewelry,HEART OF WICKER LARGE,6,4.67,EU,2022-01-01
ORD-02391,CUST-00745,2024-09-12,Shipped,Bank Transfer,Home Decor,SET OF 3 BUTTERFLY COOKIE CUTTERS,1,1.89,UK,2024-09-12
ORD-02392,CUST-00477,2023-01-21,Shipped,PayPal,Toys,FELTCRAFT PRINCESS CHARLOTTE DOLL,6,8.82,UK,2023-01-21
ORD-02393,CUST-00858,2022-05-02,Delivered,PayPal,Bathroom,BATH BUILDING BLOCK WORD,2,6.75,UK,2022-05-02
ORD-02394,CUST-00201,2024-07-31,Pending,Bank Transfer,Clothing,WOOLLY HOPPIE WHITE HEART,3,4.40,UK,2024-07-31
ORD-02395,CUST-00998,2023-03-15,Shipped,PayPal,Toys,WOODEN HEART CHRISTMAS SCANDI,2,2.00,EU,2023-03-15
ORD-02396,CUST-00182,2023-03-05,Pending,Credit Card,Jewelry,REGENCY TEACUP AND SAUCER,2,4.38,EU,2023-03-05
ORD-02397,CUST-00803,2023-12-19,Delivered,Bank Transfer,Jewelry,PACK OF 6 SKULL PAPER CUPS,1,1.16,UK,2023-12-19
ORD-02398,CUST-00561,2024-01-09,Delivered,Debit Card,Kitchen,JUMBO BAG RED RETROSPOT,2,4.57,UK,2024-01-09
ORD-02399,CUST-00136,2023-05-05,Delivered,Bank Transfer,Bathroom,BATH BUILDING BLOCK WORD,1,5.56,UK,2023-05-05
ORD-02400,CUST-00025,2023-03-14,Shipped,Debit Card,Garden,BIRD HOUSE WOODLAND,3,10.38,EU,2023-03-14
ORD-02401,CUST-00139,2023-07-07,Shipped,Debit Card,Kitchen,LUNCH BOX WITH CUTLERY,1,3.92,UK,2023-07-07
ORD-02402,CUST-00074,2024-01-08,Shipped,Apple Pay,Kitchen,LUNCH BAG WITH BLACK CAT,2,1.58,EU,2024-01-08
ORD-02403,CUST-00377,2022-03-27,Shipped,Debit Card,Stationery,PAPER CHAIN KIT VINTAGE CHRISTMAS,1,1.52,UK,2022-03-27
ORD-02404,CUST-00621,2024-08-19,Delivered,Bank Transfer,Bathroom,DOORMAT SPOTTY,1,4.51,UK,2024-08-19
ORD-02405,CUST-00851,2024-02-10,Delivered,Debit Card,Garden,GARDEN TOOL SET 3PC,6,12.61,UK,2024-02-10
ORD-02406,CUST-00895,2022-05-27,Shipped,PayPal,Bathroom,BATH BUILDING BLOCK WORD,4,5.49,EU,2022-05-27
ORD-02407,CUST-00614,2023-01-25,Delivered,Debit Card,Jewelry,REGENCY TEACUP AND SAUCER,3,4.33,UK,2023-01-25
ORD-02408,CUST-00995,2022-09-22,Pending,Apple Pay,Toys,WOODEN STAR CHRISTMAS SCANDI,6,2.07,EU,2022-09-22
ORD-02409,CUST-00207,2022-03-15,Delivered,PayPal,Clothing,WOOLLY HOPPIE WHITE HEART,2,3.76,UK,2022-03-15
ORD-02410,CUST-00918,2022-04-07,Pending,PayPal,Home Decor,SET OF 3 BUTTERFLY COOKIE CUTTERS,24,1.84,EU,2022-04-07
ORD-02411,CUST-00684,2022-06-17,Delivered,Bank Transfer,Home Decor,HAND WARMER UNION JACK FLG,6,3.87,EU,2022-06-17
ORD-02412,CUST-00300,2024-06-16,Shipped,PayPal,Home Decor,JUMBO BAG VINTAGE LEAF,2,5.74,EU,2024-06-16
ORD-02413,CUST-00066,2022-11-20,Cancelled,Debit Card,Kitchen,LUNCH BOX WITH CUTLERY,2,4.49,UK,2022-11-20
ORD-02414,CUST-00986,2023-11-20,Shipped,Bank Transfer,Bathroom,BATH BUILDING BLOCK WORD,2,6.84,UK,2023-11-20
ORD-02415,CUST-00629,2023-03-28,Delivered,Apple Pay,Toys,WOODEN STAR CHRISTMAS SCANDI,48,1.91,EU,2023-03-28
ORD-02416,CUST-00437,2023-08-15,Shipped,PayPal,Home Decor,REGENCY CAKESTAND 3 TIER,1,14.59,UK,2023-08-15
ORD-02417,CUST-00851,2022-05-22,Shipped,Bank Transfer,Kitchen,LUNCH BAG SUKI DESIGN,1,1.48,UK,2022-05-22
ORD-02418,CUST-00593,2023-01-28,Delivered,PayPal,Kitchen,LUNCH BAG WITH BLACK CAT,48,1.49,UK,2023-01-28
ORD-02419,CUST-00880,2024-06-06,Delivered,Debit Card,Kitchen,LUNCH BAG SUKI DESIGN,1,1.60,EU,2024-06-06
ORD-02420,CUST-00769,2022-07-03,Delivered,Debit Card,Stationery,"PAPER CRAFT , BABY BOY",12,3.28,UK,2022-07-03
ORD-02421,CUST-00758,2023-08-22,Delivered,PayPal,Garden,GARDENERS KNEELER DESK,4,8.62,EU,2023-08-22
ORD-02422,CUST-00702,2023-08-13,Pending,Bank Transfer,Bathroom,DOORMAT UNION JACK,12,4.56,EU,2023-08-13
ORD-02423,CUST-00890,2022-05-31,Delivered,PayPal,Jewelry,REGENCY TEACUP AND SAUCER,2,3.38,UK,2022-05-31
ORD-02424,CUST-00915,2023-12-08,Cancelled,Credit Card,Toys,WOODEN HEART CHRISTMAS SCANDI,2,2.33,EU,2023-12-08
ORD-02425,CUST-00294,2023-04-20,Delivered,Debit Card,Garden,PLANT POT HOLDER,48,3.29,EU,2023-04-20
ORD-02426,CUST-00383,2023-11-03,Pending,Credit Card,Kitchen,LUNCH BAG SUKI DESIGN,12,1.43,UK,2023-11-03
ORD-02427,CUST-00209,2022-04-06,Shipped,Apple Pay,Home Decor,SET OF 6 SKULLS GIFT BAGS,3,1.32,UK,2022-04-06
ORD-02428,CUST-00697,2023-10-23,Delivered,Debit Card,Kitchen,LUNCH BOX WITH CUTLERY,6,3.59,UK,2023-10-23
ORD-02429,CUST-00711,2022-10-04,Shipped,Bank Transfer,Kitchen,JUMBO BAG RED RETROSPOT,24,5.49,UK,2022-10-04
ORD-02430,CUST-00500,2023-02-09,Shipped,Debit Card,Stationery,PAPER CHAIN KIT 50'S CHRISTMAS,6,1.50,EU,2023-02-09
ORD-02431,CUST-00688,2024-04-07,Delivered,Debit Card,Kitchen,LUNCH BAG WITH BLACK CAT,12,1.65,UK,2024-04-07
ORD-02432,CUST-00005,2024-03-23,Delivered,Credit Card,Kitchen,LUNCH BAG SUKI DESIGN,1,1.37,EU,2024-03-23
ORD-02433,CUST-00842,2023-06-15,Shipped,PayPal,Kitchen,JUMBO BAG RED RETROSPOT,12,5.52,UK,2023-06-15
ORD-02434,CUST-00130,2024-06-09,Delivered,Debit Card,Garden,BIRD HOUSE WOODLAND,6,11.26,EU,2024-06-09
ORD-02435,CUST-00771,2023-08-14,Shipped,Apple Pay,Home Decor,SET OF 3 BUTTERFLY COOKIE CUTTERS,2,2.02,UK,2023-08-14
ORD-02436,CUST-00171,2024-01-12,Delivered,Credit Card,Clothing,WORLD WAR 2 GLIDERS ASSTD DESIGNS,3,3.01,EU,2024-01-12
ORD-02437,CUST-00715,2023-10-18,Delivered,Apple Pay,Home Decor,SET OF 3 BUTTERFLY COOKIE CUTTERS,2,2.25,EU,2023-10-18
ORD-02438,CUST-00940,2023-09-06,Pending,Apple Pay,Bathroom,DOORMAT ENGLAND,12,5.76,UK,2023-09-06
ORD-02439,CUST-00380,2022-02-23,Pending,Debit Card,Stationery,PAPER CHAIN KIT VINTAGE CHRISTMAS,1,1.62,EU,2022-02-23
ORD-02440,CUST-00150,2022-04-06,Cancelled,Debit Card,Bathroom,BATH BOMB FIZZER SHEA BUTTER,3,1.64,UK,2022-04-06
ORD-02441,CUST-00384,2024-06-14,Pending,Credit Card,Kitchen,JUMBO BAG RED RETROSPOT,6,5.89,UK,2024-06-14
ORD-02442,CUST-00921,2022-12-20,Delivered,Apple Pay,Garden,GARDEN TOOL SET 3PC,1,12.08,UK,2022-12-20
ORD-02443,CUST-00733,2023-07-08,Delivered,Debit Card,Clothing,WORLD WAR 2 GLIDERS ASSTD DESIGNS,12,3.22,EU,2023-07-08
ORD-02444,CUST-00975,2024-02-15,Delivered,Credit Card,Toys,FELTCRAFT GIRL AMELIE KIT,4,9.60,UK,2024-02-15
ORD-02445,CUST-00293,2022-03-04,Shipped,Credit Card,Bathroom,BATH BOMB FIZZER SHEA BUTTER,3,1.33,UK,2022-03-04
ORD-02446,CUST-00357,2022-03-19,Delivered,PayPal,Stationery,PAPER CHAIN KIT 50'S CHRISTMAS,2,1.53,EU,2022-03-19
ORD-02447,CUST-00196,2023-06-12,Delivered,Bank Transfer,Toys,FELTCRAFT GIRL AMELIE KIT,3,8.33,EU,2023-06-12
ORD-02448,CUST-00318,2022-07-21,Pending,Credit Card,Stationery,GREETING CARD SAFARI,2,1.31,EU,2022-07-21
ORD-02449,CUST-00106,2022-10-16,Delivered,Bank Transfer,Stationery,PAPER CHAIN KIT 50'S CHRISTMAS,3,1.44,UK,2022-10-16
ORD-02450,CUST-00861,2024-09-12,Cancelled,Credit Card,Stationery,"PAPER CRAFT , BABY BOY",3,2.69,UK,2024-09-12
ORD-02451,CUST-00159,2023-02-19,Delivered,Apple Pay,Stationery,GREETING CARD SAFARI,6,1.37,UK,2023-02-19
ORD-02452,CUST-00711,2023-12-20,Pending,Credit Card,Toys,FELTCRAFT BUTTERFLY PURSE,3,5.72,UK,2023-12-20
ORD-02453,CUST-00110,2024-03-29,Delivered,Bank Transfer,Garden,WATERING CAN PINK,3,6.05,EU,2024-03-29
ORD-02454,CUST-00116,2024-05-01,Shipped,PayPal,Kitchen,JUMBO SHOPPER VINTAGE RED PAISLEY,3,7.23,UK,2024-05-01
ORD-02455,CUST-00594,2022-07-23,Shipped,Credit Card,Clothing,FELTCRAFT PETAL BAG,4,5.72,EU,2022-07-23
ORD-02456,CUST-00488,2022-12-07,Refunded,Apple Pay,Home Decor,HAND WARMER RED POLKA DOT,4,3.93,UK,2022-12-07
ORD-02457,CUST-00213,2023-07-07,Pending,PayPal,Garden,WATERING CAN PINK,1,5.99,UK,2023-07-07
ORD-02458,CUST-00433,2023-01-14,Shipped,Debit Card,Garden,GARDENERS KNEELER DESK,2,7.51,EU,2023-01-14
ORD-02459,CUST-00254,2023-06-06,Shipped,Debit Card,Jewelry,PACK OF 6 SKULL PAPER PLATES,4,1.41,EU,2023-06-06
ORD-02460,CUST-00398,2024-07-16,Delivered,Bank Transfer,Stationery,PAPER CHAIN KIT 50'S CHRISTMAS,4,1.35,UK,2024-07-16
ORD-02461,CUST-00344,2023-07-07,Delivered,Bank Transfer,Toys,FELTCRAFT BUTTERFLY PURSE,1,6.57,EU,2023-07-07
ORD-02462,CUST-00439,2022-01-05,Delivered,Debit Card,Toys,FELTCRAFT BUTTERFLY PURSE,2,6.91,UK,2022-01-05
ORD-02463,CUST-00007,2022-06-11,Cancelled,Bank Transfer,Kitchen,LUNCH BOX WITH CUTLERY,6,3.76,UK,2022-06-11
ORD-02464,CUST-00184,2023-07-28,Delivered,Debit Card,Toys,WOODEN STAR CHRISTMAS SCANDI,6,2.01,UK,2023-07-28
ORD-02465,CUST-00262,2024-01-27,Delivered,Debit Card,Garden,GARDENERS KNEELER DESK,1,8.04,EU,2024-01-27
ORD-02466,CUST-00328,2022-11-04,Delivered,Debit Card,Kitchen,LUNCH BAG WITH BLACK CAT,12,1.47,EU,2022-11-04
ORD-02467,CUST-00005,2024-07-26,Pending,Apple Pay,Toys,FELTCRAFT PRINCESS CHARLOTTE DOLL,2,8.57,EU,2024-07-26
ORD-02468,CUST-00947,2022-01-09,Delivered,Debit Card,Toys,WOODEN STAR CHRISTMAS SCANDI,1,2.18,UK,2022-01-09
ORD-02469,CUST-00569,2024-03-23,Delivered,Bank Transfer,Clothing,FELTCRAFT CUSHION FLOWER,12,11.79,UK,2024-03-23
ORD-02470,CUST-00942,2024-06-18,Delivered,PayPal,Clothing,FELTCRAFT PETAL BAG,48,5.56,UK,2024-06-18
ORD-02471,CUST-00144,2023-10-31,Delivered,Bank Transfer,Garden,GARDENERS KNEELER DESK,1,8.90,UK,2023-10-31
ORD-02472,CUST-00204,2023-03-30,Cancelled,Debit Card,Home Decor,WHITE HANGING HEART T-LIGHT HOLDER,6,2.71,UK,2023-03-30
ORD-02473,CUST-00075,2022-10-13,Pending,PayPal,Kitchen,JUMBO BAG RED RETROSPOT,6,5.52,EU,2022-10-13
ORD-02474,CUST-00692,2024-09-14,Pending,Bank Transfer,Bathroom,DOORMAT ENGLAND,2,5.77,UK,2024-09-14
ORD-02475,CUST-00870,2022-04-07,Delivered,Bank Transfer,Clothing,WORLD WAR 2 GLIDERS ASSTD DESIGNS,4,3.53,UK,2022-04-07
ORD-02476,CUST-00958,2023-05-02,Pending,PayPal,Kitchen,LUNCH BAG SUKI DESIGN,4,1.56,EU,2023-05-02
ORD-02477,CUST-00727,2023-02-17,Delivered,Bank Transfer,Jewelry,HEART OF WICKER LARGE,2,5.60,UK,2023-02-17
ORD-02478,CUST-00304,2023-01-22,Delivered,Debit Card,Home Decor,HAND WARMER RED POLKA DOT,3,3.79,EU,2023-01-22
ORD-02479,CUST-00200,2023-09-22,Delivered,Debit Card,Bathroom,DOORMAT ENGLAND,6,4.48,UK,2023-09-22
ORD-02480,CUST-00166,2023-01-24,Delivered,PayPal,Bathroom,DOORMAT ENGLAND,24,5.92,EU,2023-01-24
ORD-02481,CUST-00201,2022-07-06,Pending,Credit Card,Stationery,GREETING CARD SAFARI,3,1.48,UK,2022-07-06
ORD-02482,CUST-00594,2023-10-01,Delivered,Bank Transfer,Kitchen,JUMBO BAG STRAWBERRY,6,4.82,EU,2023-10-01
ORD-02483,CUST-00022,2022-09-07,Delivered,Credit Card,Garden,WATERING CAN PINK,4,6.21,EU,2022-09-07
ORD-02484,CUST-00343,2022-03-26,Cancelled,PayPal,Toys,WOODEN HEART CHRISTMAS SCANDI,6,2.10,UK,2022-03-26
ORD-02485,CUST-00039,2023-02-11,Delivered,Debit Card,Clothing,FELTCRAFT PETAL BAG,4,5.43,UK,2023-02-11
ORD-02486,CUST-00430,2023-02-15,Shipped,Apple Pay,Home Decor,WHITE HANGING HEART T-LIGHT HOLDER,1,2.68,UK,2023-02-15
ORD-02487,CUST-00735,2024-07-20,Shipped,Bank Transfer,Home Decor,SET OF 3 BUTTERFLY COOKIE CUTTERS,4,2.25,UK,2024-07-20
ORD-02488,CUST-00885,2022-11-23,Shipped,Apple Pay,Toys,FELTCRAFT BUTTERFLY PURSE,24,5.72,EU,2022-11-23
ORD-02489,CUST-00731,2023-09-07,Shipped,PayPal,Home Decor,SET OF 3 BUTTERFLY COOKIE CUTTERS,2,2.28,EU,2023-09-07
ORD-02490,CUST-00585,2022-09-16,Shipped,Apple Pay,Stationery,PAPER CHAIN KIT 50'S CHRISTMAS,2,1.34,UK,2022-09-16
ORD-02491,CUST-00947,2022-10-18,Delivered,Debit Card,Stationery,PAPER CHAIN KIT VINTAGE CHRISTMAS,48,1.47,UK,2022-10-18
ORD-02492,CUST-00832,2024-08-23,Refunded,Bank Transfer,Kitchen,LUNCH BOX WITH CUTLERY,1,3.61,UK,2024-08-23
ORD-02493,CUST-00710,2023-01-09,Pending,Apple Pay,Kitchen,LUNCH BAG WITH BLACK CAT,6,1.48,EU,2023-01-09
ORD-02494,CUST-00146,2024-05-28,Delivered,Debit Card,Bathroom,DOORMAT SPOTTY,2,4.95,UK,2024-05-28
ORD-02495,CUST-00738,2022-02-10,Delivered,Debit Card,Toys,WOODEN HEART CHRISTMAS SCANDI,4,1.92,UK,2022-02-10
ORD-02496,CUST-00022,2022-11-08,Delivered,Bank Transfer,Toys,FELTCRAFT PRINCESS CHARLOTTE DOLL,2,8.19,EU,2022-11-08
ORD-02497,CUST-00809,2023-07-27,Delivered,PayPal,Home Decor,HAND WARMER UNION JACK FLG,2,3.65,EU,2023-07-27
ORD-02498,CUST-00214,2024-09-04,Delivered,Credit Card,Kitchen,LUNCH BOX WITH CUTLERY,2,3.50,EU,2024-09-04
ORD-02499,CUST-00901,2022-08-29,Shipped,Bank Transfer,Jewelry,BLACK SKULL GIFT BAG,4,1.39,UK,2022-08-29
ORD-02500,CUST-00866,2023-12-31,Delivered,Debit Card,Jewelry,BLACK SKULL GIFT BAG,24,1.47,UK,2023-12-31
ORD-02501,CUST-00832,2024-01-10,Pending,Credit Card,Home Decor,WHITE HANGING HEART T-LIGHT HOLDER,1,2.71,UK,2024-01-10
ORD-02502,CUST-00539,2023-03-31,Delivered,Credit Card,Jewelry,HEART OF WICKER SMALL,3,1.79,UK,2023-03-31
ORD-02503,CUST-00829,2022-02-15,Shipped,Debit Card,Bathroom,DOORMAT SPOTTY,12,5.24,UK,2022-02-15
ORD-02504,CUST-00344,2023-07-11,Delivered,Apple Pay,Clothing,WORLD WAR 2 GLIDERS ASSTD DESIGNS,48,2.71,EU,2023-07-11
ORD-02505,CUST-00775,2024-01-28,Shipped,PayPal,Home Decor,JUMBO BAG VINTAGE LEAF,3,4.53,UK,2024-01-28
ORD-02506,CUST-00724,2022-04-01,Shipped,Bank Transfer,Home Decor,SET OF 6 SKULLS GIFT BAGS,3,1.28,UK,2022-04-01
ORD-02507,CUST-00404,2023-06-09,Delivered,Credit Card,Home Decor,REGENCY CAKESTAND 3 TIER,3,13.93,UK,2023-06-09
ORD-02508,CUST-00144,2022-03-10,Shipped,Apple Pay,Kitchen,LUNCH BAG WITH BLACK CAT,4,1.49,UK,2022-03-10
ORD-02509,CUST-00311,2024-02-27,Delivered,Credit Card,Stationery,GREETING CARD SAFARI,12,1.49,EU,2024-02-27
ORD-02510,CUST-00893,2024-04-28,Delivered,Credit Card,Garden,PLANT POT HOLDER,24,2.85,EU,2024-04-28
ORD-02511,CUST-00038,2023-11-22,Delivered,Debit Card,Garden,PLANT POT HOLDER,4,3.49,EU,2023-11-22
ORD-02512,CUST-00009,2023-09-12,Delivered,Apple Pay,Jewelry,HEART OF WICKER LARGE,2,5.84,EU,2023-09-12
ORD-02513,CUST-00298,2022-05-08,Delivered,Debit Card,Kitchen,LUNCH BAG WITH BLACK CAT,1,1.56,UK,2022-05-08
ORD-02514,CUST-00684,2023-02-22,Delivered,PayPal,Stationery,"PAPER CRAFT , BABY GIRL",3,3.07,EU,2023-02-22
ORD-02515,CUST-00664,2024-04-11,Delivered,Bank Transfer,Home Decor,HAND WARMER UNION JACK FLG,6,3.16,UK,2024-04-11
ORD-02516,CUST-00707,2024-06-09,Delivered,Apple Pay,Kitchen,LUNCH BAG RED RETROSPOT,3,1.51,UK,2024-06-09
ORD-02517,CUST-00556,2023-07-12,Delivered,PayPal,Home Decor,SET OF 3 BUTTERFLY COOKIE CUTTERS,2,1.89,UK,2023-07-12
ORD-02518,CUST-00026,2024-03-05,Delivered,Debit Card,Kitchen,JUMBO SHOPPER VINTAGE RED PAISLEY,4,7.08,UK,2024-03-05
ORD-02519,CUST-00471,2023-03-12,Delivered,Bank Transfer,Stationery,PAPER CHAIN KIT 50'S CHRISTMAS,1,1.37,EU,2023-03-12
ORD-02520,CUST-00528,2023-12-06,Shipped,Bank Transfer,Clothing,WORLD WAR 2 GLIDERS ASSTD DESIGNS,3,3.16,UK,2023-12-06
ORD-02521,CUST-00088,2022-07-11,Delivered,Apple Pay,Stationery,PAPER CHAIN KIT 50'S CHRISTMAS,48,1.45,UK,2022-07-11
ORD-02522,CUST-00693,2023-04-20,Shipped,Apple Pay,Clothing,FELTCRAFT CUSHION FLOWER,3,10.77,EU,2023-04-20
ORD-02523,CUST-00248,2022-11-28,Shipped,Bank Transfer,Garden,GARDENERS KNEELER DESK,3,7.41,UK,2022-11-28
ORD-02524,CUST-00492,2023-09-10,Delivered,Bank Transfer,Stationery,GREETING CARD SAFARI,1,1.25,EU,2023-09-10
ORD-02525,CUST-00304,2023-07-25,Shipped,Apple Pay,Home Decor,HAND WARMER UNION JACK FLG,3,3.24,EU,2023-07-25
ORD-02526,CUST-00026,2023-12-29,Cancelled,PayPal,Garden,GARDENERS KNEELER DESK,1,7.33,UK,2023-12-29
ORD-02527,CUST-00128,2023-02-01,Shipped,Apple Pay,Stationery,"PAPER CRAFT , BABY BOY",1,3.49,EU,2023-02-01
ORD-02528,CUST-00597,2022-05-23,Delivered,PayPal,Home Decor,ROSES REGENCY TEACUP AND SAUCER,3,4.45,UK,2022-05-23
ORD-02529,CUST-00889,2023-06-30,Delivered,Credit Card,Stationery,PAPER CHAIN KIT 50'S CHRISTMAS,2,1.35,UK,2023-06-30
ORD-02530,CUST-00862,2024-06-12,Delivered,Credit Card,Bathroom,DOORMAT SPOTTY,3,4.51,UK,2024-06-12
ORD-02531,CUST-00005,2023-09-01,Delivered,Debit Card,Clothing,FELTCRAFT CUSHION FLOWER,3,9.74,EU,2023-09-01
ORD-02532,CUST-00536,2022-12-24,Delivered,Credit Card,Stationery,"PAPER CRAFT , BABY BOY",3,3.44,EU,2022-12-24
ORD-02533,CUST-00642,2023-08-27,Shipped,Credit Card,Home Decor,SET OF 6 SKULLS GIFT BAGS,3,1.42,EU,2023-08-27
ORD-02534,CUST-00105,2022-01-14,Pending,Apple Pay,Clothing,FELTCRAFT DOLL MEGGY,12,8.97,EU,2022-01-14
ORD-02535,CUST-00401,2023-08-09,Delivered,Credit Card,Jewelry,WHITE SKULL GIFT BAG,1,1.42,EU,2023-08-09
ORD-02536,CUST-00412,2022-07-05,Shipped,Debit Card,Jewelry,REGENCY TEACUP AND SAUCER,3,3.76,EU,2022-07-05
ORD-02537,CUST-00418,2023-07-29,Pending,Debit Card,Jewelry,HEART OF WICKER SMALL,1,1.82,UK,2023-07-29
ORD-02538,CUST-00908,2023-10-17,Shipped,Debit Card,Home Decor,HAND WARMER RED POLKA DOT,1,4.02,EU,2023-10-17
ORD-02539,CUST-00832,2023-10-29,Delivered,Debit Card,Bathroom,BATH BOMB FIZZER SHEA BUTTER,6,1.70,UK,2023-10-29
ORD-02540,CUST-00266,2022-09-02,Delivered,PayPal,Clothing,WORLD WAR 2 GLIDERS ASSTD DESIGNS,6,3.05,UK,2022-09-02
ORD-02541,CUST-00026,2024-03-11,Delivered,PayPal,Clothing,WORLD WAR 2 GLIDERS ASSTD DESIGNS,6,3.09,UK,2024-03-11
ORD-02542,CUST-00313,2023-01-12,Cancelled,Bank Transfer,Stationery,PAPER CHAIN KIT 50'S CHRISTMAS,24,1.72,EU,2023-01-12
ORD-02543,CUST-00262,2023-05-20,Delivered,PayPal,Kitchen,JUMBO BAG RED RETROSPOT,4,5.26,EU,2023-05-20
ORD-02544,CUST-00662,2022-09-18,Shipped,Credit Card,Bathroom,DOORMAT SPOTTY,1,5.01,UK,2022-09-18
ORD-02545,CUST-00288,2024-09-25,Delivered,Bank Transfer,Garden,BIRD HOUSE WOODLAND,4,11.63,UK,2024-09-25
ORD-02546,CUST-00363,2022-10-02,Delivered,PayPal,Toys,VINTAGE CHRISTMAS PAPER GIFT BAG,1,1.63,EU,2022-10-02
ORD-02547,CUST-00576,2024-08-07,Shipped,Apple Pay,Clothing,FELTCRAFT PETAL BAG,12,6.54,EU,2024-08-07
ORD-02548,CUST-00968,2024-05-02,Delivered,Bank Transfer,Stationery,"PAPER CRAFT , BABY GIRL",3,3.41,UK,2024-05-02
ORD-02549,CUST-00402,2022-01-31,Delivered,Bank Transfer,Bathroom,DOORMAT SPOTTY,3,4.81,UK,2022-01-31
ORD-02550,CUST-00485,2023-06-05,Cancelled,PayPal,Garden,WATERING CAN PINK,3,5.36,UK,2023-06-05
ORD-02551,CUST-00250,2024-02-29,Delivered,Apple Pay,Home Decor,REGENCY CAKESTAND 3 TIER,6,13.96,UK,2024-02-29
ORD-02552,CUST-00224,2022-09-07,Delivered,Bank Transfer,Jewelry,REGENCY TEACUP AND SAUCER,6,3.66,EU,2022-09-07
ORD-02553,CUST-00612,2022-12-31,Pending,PayPal,Clothing,WORLD WAR 2 GLIDERS ASSTD DESIGNS,2,3.13,EU,2022-12-31
ORD-02554,CUST-00327,2023-09-03,Shipped,PayPal,Kitchen,JUMBO BAG RED RETROSPOT,2,5.53,UK,2023-09-03
ORD-02555,CUST-00411,2022-02-22,Delivered,PayPal,Stationery,GREETING CARD SAFARI,1,1.43,EU,2022-02-22
ORD-02556,CUST-00177,2022-02-16,Delivered,Bank Transfer,Clothing,MINI PAINT SET VINTAGE,3,2.83,EU,2022-02-16
ORD-02557,CUST-00233,2024-09-22,Delivered,PayPal,Clothing,FELTCRAFT PETAL BAG,2,5.61,UK,2024-09-22
ORD-02558,CUST-00651,2022-01-05,Shipped,Credit Card,Garden,PLANT POT HOLDER,4,3.51,UK,2022-01-05
ORD-02559,CUST-00065,2022-12-26,Pending,Credit Card,Stationery,PAPER CHAIN KIT VINTAGE CHRISTMAS,1,1.55,UK,2022-12-26
ORD-02560,CUST-00693,2022-11-04,Refunded,Credit Card,Kitchen,LUNCH BAG WITH BLACK CAT,4,1.58,EU,2022-11-04
ORD-02561,CUST-00674,2022-08-03,Shipped,Credit Card,Home Decor,JUMBO BAG VINTAGE LEAF,48,4.59,EU,2022-08-03
ORD-02562,CUST-00143,2023-12-05,Delivered,Debit Card,Stationery,GREETING CARD SAFARI,3,1.41,EU,2023-12-05
ORD-02563,CUST-00845,2024-05-02,Delivered,Debit Card,Home Decor,SET OF 6 SKULLS GIFT BAGS,6,1.36,EU,2024-05-02
ORD-02564,CUST-00081,2022-05-26,Shipped,PayPal,Clothing,FELTCRAFT DOLL MEGGY,4,8.33,UK,2022-05-26
ORD-02565,CUST-00590,2023-02-15,Shipped,Bank Transfer,Home Decor,HAND WARMER UNION JACK FLG,1,3.93,UK,2023-02-15
ORD-02566,CUST-00837,2023-11-23,Shipped,Debit Card,Bathroom,BATH BOMB FIZZER SHEA BUTTER,1,1.49,UK,2023-11-23
ORD-02567,CUST-00826,2023-06-21,Shipped,Debit Card,Jewelry,REGENCY TEACUP AND SAUCER,2,4.15,EU,2023-06-21
ORD-02568,CUST-00542,2022-12-23,Shipped,Credit Card,Home Decor,ROSES REGENCY TEACUP AND SAUCER,3,4.14,EU,2022-12-23
ORD-02569,CUST-00266,2024-03-28,Delivered,Credit Card,Jewelry,WHITE SKULL GIFT BAG,6,1.73,UK,2024-03-28
ORD-02570,CUST-00599,2023-11-13,Cancelled,PayPal,Home Decor,SET OF 6 SKULLS GIFT BAGS,2,1.15,EU,2023-11-13
ORD-02571,CUST-00353,2023-12-07,Delivered,Credit Card,Garden,PLANT POT HOLDER,2,3.26,UK,2023-12-07
ORD-02572,CUST-00946,2023-07-11,Delivered,Bank Transfer,Clothing,MINI PAINT SET VINTAGE,2,3.07,EU,2023-07-11
ORD-02573,CUST-00467,2022-04-08,Refunded,Debit Card,Home Decor,ROSES REGENCY TEACUP AND SAUCER,1,3.66,EU,2022-04-08
ORD-02574,CUST-00867,2023-01-19,Refunded,Debit Card,Kitchen,JUMBO SHOPPER VINTAGE RED PAISLEY,4,7.99,UK,2023-01-19
ORD-02575,CUST-00780,2024-02-11,Delivered,Apple Pay,Stationery,"PAPER CRAFT , BABY GIRL",1,2.74,UK,2024-02-11
ORD-02576,CUST-00264,2023-11-02,Delivered,Debit Card,Toys,FELTCRAFT GIRL AMELIE KIT,1,10.67,UK,2023-11-02
ORD-02577,CUST-00015,2023-08-08,Shipped,Apple Pay,Jewelry,PACK OF 6 SKULL PAPER PLATES,3,1.15,UK,2023-08-08
ORD-02578,CUST-00853,2022-08-29,Cancelled,Apple Pay,Stationery,"PAPER CRAFT , BABY GIRL",1,3.35,UK,2022-08-29
ORD-02579,CUST-00345,2022-03-02,Shipped,Credit Card,Kitchen,JUMBO BAG STRAWBERRY,2,5.19,UK,2022-03-02
ORD-02580,CUST-00730,2023-07-07,Pending,Debit Card,Garden,GARDEN TOOL SET 3PC,4,14.85,EU,2023-07-07
ORD-02581,CUST-00937,2022-08-22,Delivered,Credit Card,Clothing,WOOLLY HOPPIE WHITE HEART,4,3.85,UK,2022-08-22
ORD-02582,CUST-00971,2024-03-11,Shipped,Apple Pay,Home Decor,JUMBO BAG VINTAGE LEAF,48,4.77,EU,2024-03-11
ORD-02583,CUST-00942,2023-05-30,Shipped,Credit Card,Toys,FELTCRAFT BUTTERFLY PURSE,3,5.42,UK,2023-05-30
ORD-02584,CUST-00674,2023-01-14,Delivered,Debit Card,Bathroom,DOORMAT ENGLAND,4,4.54,EU,2023-01-14
ORD-02585,CUST-00411,2022-05-29,Delivered,Debit Card,Bathroom,DOORMAT SPOTTY,2,5.73,EU,2022-05-29
ORD-02586,CUST-00110,2024-02-25,Shipped,Bank Transfer,Bathroom,BATH BUILDING BLOCK WORD,1,6.20,EU,2024-02-25
ORD-02587,CUST-00478,2024-01-06,Shipped,Apple Pay,Home Decor,JUMBO BAG VINTAGE LEAF,3,4.55,EU,2024-01-06
ORD-02588,CUST-00025,2024-07-05,Pending,Debit Card,Clothing,FELTCRAFT PETAL BAG,1,5.82,EU,2024-07-05
ORD-02589,CUST-00663,2023-01-17,Shipped,Credit Card,Bathroom,DOORMAT SPOTTY,1,5.77,UK,2023-01-17
ORD-02590,CUST-00908,2023-11-12,Refunded,Bank Transfer,Home Decor,HAND WARMER RED POLKA DOT,4,3.92,EU,2023-11-12
ORD-02591,CUST-00496,2022-01-17,Delivered,Apple Pay,Kitchen,LUNCH BAG SUKI DESIGN,4,1.35,UK,2022-01-17
ORD-02592,CUST-00118,2023-02-04,Cancelled,PayPal,Clothing,WOOLLY HOPPIE WHITE HEART,24,4.06,UK,2023-02-04
ORD-02593,CUST-00829,2022-06-15,Delivered,Bank Transfer,Kitchen,JUMBO BAG STRAWBERRY,24,4.77,UK,2022-06-15
ORD-02594,CUST-00145,2024-01-19,Delivered,Debit Card,Clothing,WOOLLY HOPPIE WHITE HEART,3,4.21,UK,2024-01-19
ORD-02595,CUST-00840,2023-07-18,Shipped,Apple Pay,Jewelry,HEART OF WICKER LARGE,1,4.60,EU,2023-07-18
ORD-02596,CUST-00922,2023-11-27,Delivered,Bank Transfer,Kitchen,JUMBO BAG STRAWBERRY,6,5.11,EU,2023-11-27
ORD-02597,CUST-00117,2023-11-30,Delivered,Credit Card,Home Decor,HAND WARMER UNION JACK FLG,2,3.63,UK,2023-11-30
ORD-02598,CUST-00453,2024-01-29,Delivered,Credit Card,Jewelry,BLACK SKULL GIFT BAG,1,1.67,UK,2024-01-29
ORD-02599,CUST-00383,2022-02-22,Pending,Debit Card,Home Decor,ROSES REGENCY TEACUP AND SAUCER,1,3.68,UK,2022-02-22
ORD-02600,CUST-00007,2024-04-06,Delivered,Apple Pay,Kitchen,LUNCH BAG WITH BLACK CAT,6,1.47,UK,2024-04-06
ORD-02601,CUST-00507,2024-02-02,Cancelled,PayPal,Toys,FELTCRAFT BUTTERFLY PURSE,3,6.94,EU,2024-02-02
ORD-02602,CUST-00902,2023-02-14,Delivered,Bank Transfer,Kitchen,JUMBO BAG RED RETROSPOT,1,4.92,EU,2023-02-14
ORD-02603,CUST-00049,2022-01-09,Delivered,Debit Card,Bathroom,BATH BUILDING BLOCK WORD,3,5.44,EU,2022-01-09
ORD-02604,CUST-00280,2022-12-23,Shipped,Credit Card,Stationery,PAPER CHAIN KIT VINTAGE CHRISTMAS,4,1.50,UK,2022-12-23
ORD-02605,CUST-00550,2023-03-11,Delivered,Credit Card,Clothing,FELTCRAFT CUSHION FLOWER,4,9.67,UK,2023-03-11
ORD-02606,CUST-00046,2023-11-12,Pending,Debit Card,Kitchen,JUMBO BAG STRAWBERRY,12,5.69,UK,2023-11-12
ORD-02607,CUST-00074,2022-09-07,Shipped,Bank Transfer,Kitchen,JUMBO BAG RED RETROSPOT,12,4.92,EU,2022-09-07
ORD-02608,CUST-00062,2022-01-03,Pending,Apple Pay,Kitchen,LUNCH BAG RED RETROSPOT,3,1.37,UK,2022-01-03
ORD-02609,CUST-00674,2022-06-27,Pending,Apple Pay,Toys,FELTCRAFT BUTTERFLY PURSE,1,6.78,EU,2022-06-27
ORD-02610,CUST-00758,2024-02-10,Delivered,Apple Pay,Home Decor,ROSES REGENCY TEACUP AND SAUCER,4,3.46,EU,2024-02-10
ORD-02611,CUST-00125,2023-03-02,Delivered,Debit Card,Clothing,FELTCRAFT DOLL MEGGY,6,9.16,UK,2023-03-02
ORD-02612,CUST-00551,2023-10-27,Cancelled,Bank Transfer,Jewelry,PACK OF 6 SKULL PAPER CUPS,4,1.38,UK,2023-10-27
ORD-02613,CUST-00252,2024-02-07,Delivered,PayPal,Clothing,FELTCRAFT PETAL BAG,2,5.38,EU,2024-02-07
ORD-02614,CUST-00664,2022-02-13,Pending,Debit Card,Toys,WOODEN HEART CHRISTMAS SCANDI,2,1.86,UK,2022-02-13
ORD-02615,CUST-00083,2022-02-21,Refunded,Credit Card,Bathroom,BATH BOMB FIZZER SHEA BUTTER,4,1.35,UK,2022-02-21
ORD-02616,CUST-00468,2023-01-09,Delivered,Credit Card,Kitchen,LUNCH BAG SUKI DESIGN,2,1.42,EU,2023-01-09
ORD-02617,CUST-00814,2022-11-25,Pending,Debit Card,Jewelry,BLACK SKULL GIFT BAG,4,1.67,UK,2022-11-25
ORD-02618,CUST-00470,2022-04-23,Delivered,Apple Pay,Home Decor,WHITE HANGING HEART T-LIGHT HOLDER,3,2.73,EU,2022-04-23
ORD-02619,CUST-00772,2022-11-08,Shipped,PayPal,Kitchen,JUMBO SHOPPER VINTAGE RED PAISLEY,3,7.92,UK,2022-11-08
ORD-02620,CUST-00431,2022-12-19,Shipped,Credit Card,Jewelry,HEART OF WICKER SMALL,2,2.12,EU,2022-12-19
ORD-02621,CUST-00615,2022-08-30,Delivered,Credit Card,Home Decor,JUMBO BAG VINTAGE LEAF,2,5.20,EU,2022-08-30
ORD-02622,CUST-00705,2024-02-08,Pending,Bank Transfer,Clothing,MINI PAINT SET VINTAGE,4,3.10,UK,2024-02-08
ORD-02623,CUST-00247,2024-01-30,Delivered,Bank Transfer,Jewelry,PACK OF 6 SKULL PAPER PLATES,2,1.16,EU,2024-01-30
ORD-02624,CUST-00946,2023-01-17,Shipped,Debit Card,Stationery,"PAPER CRAFT , BABY BOY",3,3.49,EU,2023-01-17
ORD-02625,CUST-00470,2023-06-22,Delivered,PayPal,Kitchen,LUNCH BAG RED RETROSPOT,1,1.67,EU,2023-06-22
ORD-02626,CUST-00843,2023-12-05,Delivered,PayPal,Home Decor,HAND WARMER RED POLKA DOT,1,3.19,EU,2023-12-05
ORD-02627,CUST-00684,2024-03-17,Shipped,Bank Transfer,Garden,BIRD HOUSE WOODLAND,48,9.86,EU,2024-03-17
ORD-02628,CUST-00181,2022-01-01,Shipped,Credit Card,Toys,WOODEN HEART CHRISTMAS SCANDI,2,2.18,EU,2022-01-01
ORD-02629,CUST-00074,2022-11-02,Shipped,Credit Card,Stationery,GREETING CARD SAFARI,2,1.16,EU,2022-11-02
ORD-02630,CUST-00384,2023-09-08,Shipped,Apple Pay,Home Decor,JUMBO BAG VINTAGE LEAF,1,4.79,UK,2023-09-08
ORD-02631,CUST-00755,2022-09-26,Delivered,PayPal,Stationery,PAPER CHAIN KIT VINTAGE CHRISTMAS,1,1.71,EU,2022-09-26
ORD-02632,CUST-00398,2023-02-01,Delivered,Bank Transfer,Garden,GARDENERS KNEELER DESK,2,9.49,UK,2023-02-01
ORD-02633,CUST-00950,2024-03-09,Refunded,Credit Card,Home Decor,HAND WARMER UNION JACK FLG,1,3.61,EU,2024-03-09
ORD-02634,CUST-00029,2023-09-10,Cancelled,Debit Card,Bathroom,DOORMAT UNION JACK,3,5.18,UK,2023-09-10
ORD-02635,CUST-00412,2024-02-23,Shipped,Debit Card,Clothing,FELTCRAFT DOLL MEGGY,1,10.32,EU,2024-02-23
ORD-02636,CUST-00765,2024-08-28,Delivered,Debit Card,Kitchen,LUNCH BOX WITH CUTLERY,6,4.17,UK,2024-08-28
ORD-02637,CUST-00495,2022-10-14,Pending,PayPal,Kitchen,JUMBO BAG RED RETROSPOT,2,5.34,EU,2022-10-14
ORD-02638,CUST-00052,2023-08-16,Pending,Apple Pay,Garden,BIRD HOUSE WOODLAND,4,11.00,UK,2023-08-16
ORD-02639,CUST-00463,2023-05-07,Pending,Debit Card,Home Decor,REGENCY CAKESTAND 3 TIER,1,12.08,UK,2023-05-07
ORD-02640,CUST-00021,2023-08-21,Delivered,Bank Transfer,Kitchen,JUMBO SHOPPER VINTAGE RED PAISLEY,3,7.19,UK,2023-08-21
ORD-02641,CUST-00668,2023-11-25,Delivered,Apple Pay,Kitchen,JUMBO BAG RED RETROSPOT,12,5.17,EU,2023-11-25
ORD-02642,CUST-00747,2023-08-14,Delivered,PayPal,Clothing,FELTCRAFT DOLL MEGGY,3,8.73,UK,2023-08-14
ORD-02643,CUST-00596,2022-11-20,Shipped,Debit Card,Jewelry,HEART OF WICKER LARGE,2,5.35,EU,2022-11-20
ORD-02644,CUST-00110,2024-05-24,Delivered,PayPal,Toys,WOODEN HEART CHRISTMAS SCANDI,1,1.92,EU,2024-05-24
ORD-02645,CUST-00428,2023-09-27,Delivered,Credit Card,Garden,PLANT POT HOLDER,3,2.74,UK,2023-09-27
ORD-02646,CUST-00964,2023-10-10,Delivered,PayPal,Home Decor,WHITE HANGING HEART T-LIGHT HOLDER,2,3.09,UK,2023-10-10
ORD-02647,CUST-00417,2024-04-28,Pending,Apple Pay,Bathroom,BATH BUILDING BLOCK WORD,1,6.08,UK,2024-04-28
ORD-02648,CUST-00473,2022-07-02,Delivered,Bank Transfer,Garden,WATERING CAN PINK,12,6.16,UK,2022-07-02
ORD-02649,CUST-00106,2022-08-12,Delivered,Apple Pay,Stationery,PAPER CHAIN KIT VINTAGE CHRISTMAS,3,1.57,UK,2022-08-12
ORD-02650,CUST-00520,2022-08-05,Delivered,Apple Pay,Kitchen,JUMBO BAG STRAWBERRY,1,5.70,UK,2022-08-05
ORD-02651,CUST-00664,2023-06-28,Refunded,Debit Card,Jewelry,PACK OF 6 SKULL PAPER PLATES,12,1.15,UK,2023-06-28
ORD-02652,CUST-00715,2024-04-23,Pending,Credit Card,Kitchen,JUMBO BAG RED RETROSPOT,1,4.76,EU,2024-04-23
ORD-02653,CUST-00437,2023-12-14,Shipped,Bank Transfer,Toys,WOODEN HEART CHRISTMAS SCANDI,2,2.22,UK,2023-12-14
ORD-02654,CUST-00228,2024-04-01,Delivered,Credit Card,Clothing,WORLD WAR 2 GLIDERS ASSTD DESIGNS,1,3.47,UK,2024-04-01
ORD-02655,CUST-00482,2023-08-16,Pending,Credit Card,Jewelry,HEART OF WICKER LARGE,12,4.94,EU,2023-08-16
ORD-02656,CUST-00318,2023-05-03,Delivered,Apple Pay,Clothing,WORLD WAR 2 GLIDERS ASSTD DESIGNS,3,2.70,EU,2023-05-03
ORD-02657,CUST-00366,2022-12-07,Delivered,PayPal,Clothing,FELTCRAFT PETAL BAG,1,6.28,UK,2022-12-07
ORD-02658,CUST-00712,2022-08-29,Delivered,Apple Pay,Stationery,PAPER CHAIN KIT VINTAGE CHRISTMAS,24,1.66,UK,2022-08-29
ORD-02659,CUST-00562,2024-05-21,Shipped,Debit Card,Clothing,MINI PAINT SET VINTAGE,12,2.79,EU,2024-05-21
ORD-02660,CUST-00619,2024-03-06,Refunded,PayPal,Jewelry,WHITE SKULL GIFT BAG,1,1.70,EU,2024-03-06
ORD-02661,CUST-00109,2023-09-07,Delivered,Debit Card,Stationery,"PAPER CRAFT , BABY BOY",6,2.72,EU,2023-09-07
ORD-02662,CUST-00331,2024-01-27,Delivered,PayPal,Toys,FELTCRAFT BUTTERFLY PURSE,12,5.47,EU,2024-01-27
ORD-02663,CUST-00853,2024-07-15,Cancelled,Debit Card,Toys,WOODEN HEART CHRISTMAS SCANDI,12,2.28,UK,2024-07-15
ORD-02664,CUST-00724,2023-12-14,Delivered,Debit Card,Home Decor,ROSES REGENCY TEACUP AND SAUCER,2,3.42,UK,2023-12-14
ORD-02665,CUST-00586,2024-04-24,Shipped,Apple Pay,Jewelry,HEART OF WICKER SMALL,1,1.91,EU,2024-04-24
ORD-02666,CUST-00258,2022-08-11,Delivered,Apple Pay,Garden,GARDENERS KNEELER DESK,1,7.90,UK,2022-08-11
ORD-02667,CUST-00249,2023-09-05,Shipped,PayPal,Home Decor,WHITE HANGING HEART T-LIGHT HOLDER,12,3.36,UK,2023-09-05
ORD-02668,CUST-00794,2023-12-14,Delivered,PayPal,Jewelry,HEART OF WICKER LARGE,1,5.33,UK,2023-12-14
ORD-02669,CUST-00904,2022-10-12,Cancelled,Credit Card,Jewelry,PACK OF 6 SKULL PAPER PLATES,3,1.18,EU,2022-10-12
ORD-02670,CUST-00576,2023-12-21,Pending,Bank Transfer,Clothing,FELTCRAFT PETAL BAG,3,6.90,EU,2023-12-21
ORD-02671,CUST-00652,2024-08-05,Pending,Bank Transfer,Home Decor,ROSES REGENCY TEACUP AND SAUCER,2,4.44,UK,2024-08-05
ORD-02672,CUST-00521,2024-09-13,Delivered,Debit Card,Kitchen,JUMBO BAG STRAWBERRY,1,4.76,EU,2024-09-13
ORD-02673,CUST-00957,2022-05-20,Pending,Debit Card,Stationery,"PAPER CRAFT , BABY GIRL",2,3.08,UK,2022-05-20
ORD-02674,CUST-00724,2022-07-04,Shipped,Debit Card,Bathroom,DOORMAT ENGLAND,48,5.50,UK,2022-07-04
ORD-02675,CUST-00662,2022-04-07,Delivered,Apple Pay,Home Decor,REGENCY CAKESTAND 3 TIER,4,15.09,UK,2022-04-07
ORD-02676,CUST-00901,2023-02-26,Delivered,Debit Card,Clothing,FELTCRAFT DOLL MEGGY,1,10.23,UK,2023-02-26
ORD-02677,CUST-00190,2024-07-12,Pending,Apple Pay,Clothing,FELTCRAFT DOLL MEGGY,1,8.89,EU,2024-07-12
ORD-02678,CUST-00103,2022-06-22,Shipped,Apple Pay,Jewelry,BLACK SKULL GIFT BAG,6,1.43,UK,2022-06-22
ORD-02679,CUST-00894,2022-02-01,Shipped,PayPal,Bathroom,DOORMAT UNION JACK,1,5.92,EU,2022-02-01
ORD-02680,CUST-00251,2022-11-12,Delivered,PayPal,Clothing,MINI PAINT SET VINTAGE,2,3.27,UK,2022-11-12
ORD-02681,CUST-00719,2023-03-13,Delivered,PayPal,Kitchen,JUMBO SHOPPER VINTAGE RED PAISLEY,1,7.79,EU,2023-03-13
ORD-02682,CUST-00427,2022-10-19,Pending,Bank Transfer,Bathroom,DOORMAT UNION JACK,1,5.65,UK,2022-10-19
ORD-02683,CUST-00360,2022-03-08,Delivered,Bank Transfer,Home Decor,ROSES REGENCY TEACUP AND SAUCER,3,4.07,UK,2022-03-08
ORD-02684,CUST-00040,2022-11-04,Delivered,Credit Card,Garden,GARDENERS KNEELER DESK,2,8.67,EU,2022-11-04
ORD-02685,CUST-00701,2024-04-24,Shipped,Credit Card,Jewelry,WHITE SKULL GIFT BAG,3,1.53,UK,2024-04-24
ORD-02686,CUST-00684,2023-01-28,Shipped,PayPal,Kitchen,JUMBO BAG STRAWBERRY,1,4.75,EU,2023-01-28
ORD-02687,CUST-00186,2022-02-06,Delivered,Debit Card,Clothing,FELTCRAFT PETAL BAG,3,7.12,EU,2022-02-06
ORD-02688,CUST-00248,2023-08-21,Delivered,Bank Transfer,Toys,WOODEN STAR CHRISTMAS SCANDI,2,1.98,UK,2023-08-21
ORD-02689,CUST-00615,2022-08-28,Shipped,Bank Transfer,Home Decor,JUMBO BAG VINTAGE LEAF,6,5.30,EU,2022-08-28
ORD-02690,CUST-00096,2023-10-03,Delivered,Debit Card,Jewelry,PACK OF 6 SKULL PAPER CUPS,1,1.44,EU,2023-10-03
ORD-02691,CUST-00624,2022-08-25,Delivered,PayPal,Clothing,WOOLLY HOPPIE WHITE HEART,1,4.07,EU,2022-08-25
ORD-02692,CUST-00130,2022-10-29,Pending,Bank Transfer,Bathroom,DOORMAT UNION JACK,4,5.73,EU,2022-10-29
ORD-02693,CUST-00690,2023-02-24,Shipped,PayPal,Home Decor,JUMBO BAG VINTAGE LEAF,3,4.73,UK,2023-02-24
ORD-02694,CUST-00691,2022-09-01,Shipped,Bank Transfer,Toys,FELTCRAFT GIRL AMELIE KIT,3,8.67,UK,2022-09-01
ORD-02695,CUST-00380,2023-01-26,Delivered,Apple Pay,Kitchen,LUNCH BAG RED RETROSPOT,24,1.63,EU,2023-01-26
ORD-02696,CUST-00261,2024-04-07,Shipped,PayPal,Clothing,FELTCRAFT DOLL MEGGY,1,9.22,UK,2024-04-07
ORD-02697,CUST-00180,2023-01-28,Cancelled,Debit Card,Bathroom,DOORMAT ENGLAND,1,5.29,UK,2023-01-28
ORD-02698,CUST-00568,2022-07-29,Shipped,Credit Card,Garden,GARDEN TOOL SET 3PC,2,13.40,EU,2022-07-29
ORD-02699,CUST-00592,2023-07-27,Delivered,Apple Pay,Garden,PLANT POT HOLDER,1,3.33,EU,2023-07-27
ORD-02700,CUST-00827,2024-06-19,Refunded,Bank Transfer,Jewelry,HEART OF WICKER LARGE,48,5.36,UK,2024-06-19
ORD-02701,CUST-00864,2023-03-14,Delivered,Apple Pay,Jewelry,WHITE SKULL GIFT BAG,12,1.41,UK,2023-03-14
ORD-02702,CUST-00895,2023-09-08,Pending,Bank Transfer,Stationery,"PAPER CRAFT , BABY GIRL",1,2.84,EU,2023-09-08
ORD-02703,CUST-00415,2024-04-01,Delivered,Debit Card,Garden,GARDEN TOOL SET 3PC,1,13.43,EU,2024-04-01
ORD-02704,CUST-00005,2022-12-15,Shipped,Apple Pay,Home Decor,HAND WARMER RED POLKA DOT,6,3.86,EU,2022-12-15
ORD-02705,CUST-00521,2022-10-19,Delivered,Apple Pay,Stationery,GREETING CARD SAFARI,1,1.23,EU,2022-10-19
ORD-02706,CUST-00661,2023-03-21,Delivered,Apple Pay,Stationery,PAPER CHAIN KIT 50'S CHRISTMAS,4,1.53,EU,2023-03-21
ORD-02707,CUST-00552,2023-02-23,Delivered,Bank Transfer,Jewelry,HEART OF WICKER LARGE,3,5.13,UK,2023-02-23
ORD-02708,CUST-00718,2024-05-25,Delivered,Credit Card,Jewelry,BLACK SKULL GIFT BAG,1,1.68,EU,2024-05-25
ORD-02709,CUST-00088,2022-03-24,Pending,Debit Card,Bathroom,BATH BOMB FIZZER SHEA BUTTER,3,1.70,UK,2022-03-24
ORD-02710,CUST-00818,2024-01-04,Cancelled,Bank Transfer,Toys,FELTCRAFT GIRL AMELIE KIT,1,10.61,UK,2024-01-04
ORD-02711,CUST-00106,2023-03-05,Delivered,PayPal,Garden,GARDEN TOOL SET 3PC,2,14.88,UK,2023-03-05
ORD-02712,CUST-00001,2023-06-02,Delivered,Credit Card,Jewelry,BLACK SKULL GIFT BAG,2,1.54,EU,2023-06-02
ORD-02713,CUST-00703,2022-09-25,Delivered,Debit Card,Kitchen,LUNCH BAG RED RETROSPOT,2,1.59,EU,2022-09-25
ORD-02714,CUST-00210,2023-01-12,Delivered,Bank Transfer,Bathroom,DOORMAT ENGLAND,4,5.89,EU,2023-01-12
ORD-02715,CUST-00590,2024-08-06,Shipped,Credit Card,Toys,FELTCRAFT GIRL AMELIE KIT,2,10.43,UK,2024-08-06
ORD-02716,CUST-00662,2023-12-26,Delivered,Debit Card,Garden,GARDEN TOOL SET 3PC,6,13.24,UK,2023-12-26
ORD-02717,CUST-00497,2023-12-31,Delivered,PayPal,Garden,GARDEN TOOL SET 3PC,2,12.18,EU,2023-12-31
ORD-02718,CUST-00923,2023-04-28,Delivered,Apple Pay,Home Decor,JUMBO BAG VINTAGE LEAF,6,5.10,UK,2023-04-28
ORD-02719,CUST-00602,2022-05-08,Shipped,Credit Card,Home Decor,REGENCY CAKESTAND 3 TIER,12,14.54,UK,2022-05-08
ORD-02720,CUST-00865,2023-11-30,Delivered,Apple Pay,Kitchen,LUNCH BAG WITH BLACK CAT,2,1.73,EU,2023-11-30
ORD-02721,CUST-00332,2022-06-26,Delivered,PayPal,Clothing,FELTCRAFT CUSHION FLOWER,48,10.23,UK,2022-06-26
ORD-02722,CUST-00527,2022-09-13,Delivered,PayPal,Kitchen,JUMBO BAG STRAWBERRY,3,5.58,UK,2022-09-13
ORD-02723,CUST-00587,2023-07-27,Delivered,Bank Transfer,Bathroom,BATH BUILDING BLOCK WORD,6,6.08,UK,2023-07-27
ORD-02724,CUST-00201,2024-01-08,Delivered,Credit Card,Garden,GARDENERS KNEELER DESK,3,7.68,UK,2024-01-08
ORD-02725,CUST-00789,2023-07-17,Delivered,Apple Pay,Kitchen,JUMBO SHOPPER VINTAGE RED PAISLEY,12,6.55,UK,2023-07-17
ORD-02726,CUST-00342,2022-08-02,Pending,PayPal,Kitchen,JUMBO SHOPPER VINTAGE RED PAISLEY,48,7.53,EU,2022-08-02
ORD-02727,CUST-00659,2024-06-08,Cancelled,Bank Transfer,Toys,VINTAGE CHRISTMAS PAPER GIFT BAG,12,1.37,EU,2024-06-08
ORD-02728,CUST-00471,2022-02-19,Delivered,Bank Transfer,Garden,PLANT POT HOLDER,3,3.33,EU,2022-02-19
ORD-02729,CUST-00336,2024-02-05,Delivered,PayPal,Stationery,PAPER CHAIN KIT VINTAGE CHRISTMAS,1,1.72,UK,2024-02-05
ORD-02730,CUST-00312,2022-09-22,Delivered,Apple Pay,Clothing,WOOLLY HOPPIE WHITE HEART,1,4.08,EU,2022-09-22
ORD-02731,CUST-00387,2022-04-18,Delivered,Debit Card,Clothing,FELTCRAFT PETAL BAG,4,5.79,EU,2022-04-18
ORD-02732,CUST-00201,2022-04-01,Delivered,Credit Card,Home Decor,SET OF 6 SKULLS GIFT BAGS,2,1.38,UK,2022-04-01
ORD-02733,CUST-00460,2022-11-05,Shipped,PayPal,Home Decor,SET OF 6 SKULLS GIFT BAGS,12,1.46,UK,2022-11-05
ORD-02734,CUST-00473,2023-02-28,Delivered,Bank Transfer,Stationery,GREETING CARD SAFARI,12,1.19,UK,2023-02-28
ORD-02735,CUST-00251,2022-02-12,Delivered,Apple Pay,Stationery,PAPER CHAIN KIT 50'S CHRISTMAS,2,1.44,UK,2022-02-12
ORD-02736,CUST-00937,2024-03-13,Delivered,PayPal,Jewelry,HEART OF WICKER SMALL,2,2.05,UK,2024-03-13
ORD-02737,CUST-00628,2024-08-21,Shipped,Apple Pay,Bathroom,DOORMAT UNION JACK,4,5.42,EU,2024-08-21
ORD-02738,CUST-00730,2022-07-14,Delivered,Bank Transfer,Garden,GARDEN TOOL SET 3PC,1,13.03,EU,2022-07-14
ORD-02739,CUST-00807,2024-09-12,Delivered,Debit Card,Bathroom,BATH BOMB FIZZER SHEA BUTTER,12,1.68,EU,2024-09-12
ORD-02740,CUST-00488,2022-10-16,Pending,Debit Card,Garden,BIRD HOUSE WOODLAND,2,10.62,UK,2022-10-16
ORD-02741,CUST-00024,2022-11-12,Delivered,PayPal,Toys,WOODEN STAR CHRISTMAS SCANDI,2,1.96,UK,2022-11-12
ORD-02742,CUST-00205,2023-04-28,Delivered,Debit Card,Bathroom,DOORMAT SPOTTY,1,4.93,EU,2023-04-28
ORD-02743,CUST-00061,2023-10-21,Delivered,Apple Pay,Jewelry,HEART OF WICKER LARGE,3,5.63,EU,2023-10-21
ORD-02744,CUST-00872,2023-01-17,Shipped,Apple Pay,Bathroom,DOORMAT UNION JACK,4,5.64,UK,2023-01-17
ORD-02745,CUST-00154,2022-12-18,Shipped,PayPal,Bathroom,BATH BUILDING BLOCK WORD,4,6.64,EU,2022-12-18
ORD-02746,CUST-00671,2024-09-03,Shipped,Debit Card,Jewelry,REGENCY TEACUP AND SAUCER,2,3.65,EU,2024-09-03
ORD-02747,CUST-00886,2022-02-02,Delivered,Credit Card,Clothing,WOOLLY HOPPIE WHITE HEART,1,3.84,UK,2022-02-02
ORD-02748,CUST-00883,2023-08-08,Delivered,Credit Card,Home Decor,HAND WARMER RED POLKA DOT,1,3.08,EU,2023-08-08
ORD-02749,CUST-00062,2024-02-11,Delivered,Bank Transfer,Clothing,FELTCRAFT PETAL BAG,1,5.90,UK,2024-02-11
ORD-02750,CUST-00080,2023-05-29,Delivered,Bank Transfer,Kitchen,JUMBO SHOPPER VINTAGE RED PAISLEY,3,7.85,UK,2023-05-29
ORD-02751,CUST-00854,2022-04-15,Delivered,PayPal,Garden,GARDENERS KNEELER DESK,48,7.36,EU,2022-04-15
ORD-02752,CUST-00515,2024-08-09,Shipped,Bank Transfer,Home Decor,SET OF 3 BUTTERFLY COOKIE CUTTERS,4,2.02,UK,2024-08-09
ORD-02753,CUST-00079,2023-03-12,Cancelled,Apple Pay,Bathroom,DOORMAT SPOTTY,4,5.15,EU,2023-03-12
ORD-02754,CUST-00659,2023-11-16,Pending,Bank Transfer,Clothing,MINI PAINT SET VINTAGE,3,3.11,EU,2023-11-16
ORD-02755,CUST-00751,2024-05-29,Delivered,Bank Transfer,Jewelry,PACK OF 6 SKULL PAPER PLATES,2,1.38,EU,2024-05-29
ORD-02756,CUST-00561,2023-01-17,Delivered,PayPal,Kitchen,LUNCH BOX WITH CUTLERY,4,3.39,UK,2023-01-17
ORD-02757,CUST-00414,2022-01-18,Delivered,Apple Pay,Garden,GARDEN TOOL SET 3PC,48,13.93,EU,2022-01-18
ORD-02758,CUST-00070,2023-12-10,Shipped,Debit Card,Bathroom,DOORMAT UNION JACK,4,5.50,EU,2023-12-10
ORD-02759,CUST-00589,2022-10-20,Delivered,PayPal,Clothing,FELTCRAFT CUSHION FLOWER,1,10.22,EU,2022-10-20
ORD-02760,CUST-00285,2023-03-09,Shipped,Debit Card,Toys,WOODEN STAR CHRISTMAS SCANDI,4,2.12,UK,2023-03-09
ORD-02761,CUST-00069,2024-06-15,Pending,Bank Transfer,Bathroom,BATH BOMB FIZZER SHEA BUTTER,1,1.33,UK,2024-06-15
ORD-02762,CUST-00386,2024-06-07,Shipped,Apple Pay,Home Decor,HAND WARMER RED POLKA DOT,2,3.36,EU,2024-06-07
ORD-02763,CUST-00605,2023-05-28,Shipped,PayPal,Kitchen,JUMBO SHOPPER VINTAGE RED PAISLEY,1,7.78,EU,2023-05-28
ORD-02764,CUST-00467,2022-01-03,Shipped,Apple Pay,Bathroom,DOORMAT SPOTTY,12,5.68,EU,2022-01-03
ORD-02765,CUST-00269,2024-02-04,Delivered,Debit Card,Bathroom,DOORMAT ENGLAND,1,5.84,UK,2024-02-04
ORD-02766,CUST-00939,2023-10-23,Shipped,PayPal,Clothing,FELTCRAFT DOLL MEGGY,1,9.41,UK,2023-10-23
ORD-02767,CUST-00085,2024-02-12,Delivered,Bank Transfer,Toys,FELTCRAFT PRINCESS CHARLOTTE DOLL,24,9.89,UK,2024-02-12
ORD-02768,CUST-00318,2022-04-03,Refunded,PayPal,Toys,WOODEN HEART CHRISTMAS SCANDI,2,1.81,EU,2022-04-03
ORD-02769,CUST-00079,2022-12-30,Delivered,Debit Card,Toys,VINTAGE CHRISTMAS PAPER GIFT BAG,4,1.31,EU,2022-12-30
ORD-02770,CUST-00274,2022-03-22,Shipped,Apple Pay,Stationery,PAPER CHAIN KIT VINTAGE CHRISTMAS,6,1.54,UK,2022-03-22
ORD-02771,CUST-00959,2022-06-21,Delivered,Bank Transfer,Toys,FELTCRAFT GIRL AMELIE KIT,6,9.03,EU,2022-06-21
ORD-02772,CUST-00564,2024-04-06,Delivered,Apple Pay,Jewelry,HEART OF WICKER SMALL,2,2.27,EU,2024-04-06
ORD-02773,CUST-00536,2024-09-23,Pending,Debit Card,Bathroom,DOORMAT SPOTTY,4,5.46,EU,2024-09-23
ORD-02774,CUST-00995,2024-04-07,Delivered,Credit Card,Toys,FELTCRAFT BUTTERFLY PURSE,48,5.94,EU,2024-04-07
ORD-02775,CUST-00386,2022-08-09,Delivered,Credit Card,Stationery,GREETING CARD SAFARI,2,1.36,EU,2022-08-09
ORD-02776,CUST-00602,2023-08-09,Pending,Credit Card,Home Decor,SET OF 6 SKULLS GIFT BAGS,2,1.41,UK,2023-08-09
ORD-02777,CUST-00750,2022-03-08,Delivered,Bank Transfer,Kitchen,JUMBO BAG RED RETROSPOT,48,5.88,EU,2022-03-08
ORD-02778,CUST-00194,2024-04-16,Shipped,Debit Card,Bathroom,BATH BOMB FIZZER SHEA BUTTER,1,1.57,UK,2024-04-16
ORD-02779,CUST-00106,2023-04-20,Delivered,Debit Card,Clothing,WORLD WAR 2 GLIDERS ASSTD DESIGNS,3,2.98,UK,2023-04-20
ORD-02780,CUST-00782,2022-04-15,Shipped,Apple Pay,Kitchen,JUMBO BAG RED RETROSPOT,12,5.55,EU,2022-04-15
ORD-02781,CUST-00322,2022-04-03,Refunded,PayPal,Kitchen,LUNCH BOX WITH CUTLERY,2,3.59,EU,2022-04-03
ORD-02782,CUST-00742,2022-12-07,Delivered,PayPal,Stationery,PAPER CHAIN KIT 50'S CHRISTMAS,1,1.41,EU,2022-12-07
ORD-02783,CUST-00372,2022-11-25,Shipped,Debit Card,Home Decor,ROSES REGENCY TEACUP AND SAUCER,12,4.45,EU,2022-11-25
ORD-02784,CUST-00061,2023-06-30,Pending,Credit Card,Bathroom,DOORMAT SPOTTY,1,5.12,EU,2023-06-30
ORD-02785,CUST-00916,2023-02-22,Shipped,Apple Pay,Kitchen,JUMBO BAG RED RETROSPOT,3,5.77,UK,2023-02-22
ORD-02786,CUST-00311,2023-02-21,Delivered,Bank Transfer,Jewelry,REGENCY TEACUP AND SAUCER,6,3.73,EU,2023-02-21
ORD-02787,CUST-00244,2024-06-26,Shipped,Apple Pay,Clothing,FELTCRAFT PETAL BAG,6,5.94,UK,2024-06-26
ORD-02788,CUST-00760,2023-02-21,Cancelled,Apple Pay,Home Decor,JUMBO BAG VINTAGE LEAF,3,4.60,UK,2023-02-21
ORD-02789,CUST-00274,2023-12-02,Pending,Apple Pay,Garden,GARDEN TOOL SET 3PC,1,13.27,UK,2023-12-02
ORD-02790,CUST-00940,2024-09-22,Pending,Bank Transfer,Clothing,FELTCRAFT DOLL MEGGY,6,8.12,UK,2024-09-22
ORD-02791,CUST-00657,2022-03-02,Delivered,Apple Pay,Garden,BIRD HOUSE WOODLAND,4,9.23,UK,2022-03-02
ORD-02792,CUST-00652,2024-03-30,Delivered,Bank Transfer,Kitchen,LUNCH BAG WITH BLACK CAT,1,1.41,UK,2024-03-30
ORD-02793,CUST-00549,2022-05-09,Shipped,Credit Card,Kitchen,LUNCH BOX WITH CUTLERY,2,3.94,EU,2022-05-09
ORD-02794,CUST-00649,2022-06-24,Delivered,Bank Transfer,Toys,WOODEN HEART CHRISTMAS SCANDI,2,2.13,EU,2022-06-24
ORD-02795,CUST-00856,2022-05-30,Pending,Debit Card,Jewelry,HEART OF WICKER LARGE,3,5.02,UK,2022-05-30
ORD-02796,CUST-00647,2023-12-27,Pending,Credit Card,Bathroom,DOORMAT UNION JACK,2,5.64,UK,2023-12-27
ORD-02797,CUST-00012,2024-03-29,Delivered,PayPal,Garden,PLANT POT HOLDER,3,2.78,UK,2024-03-29
ORD-02798,CUST-00505,2023-04-12,Pending,Debit Card,Kitchen,LUNCH BAG WITH BLACK CAT,6,1.54,UK,2023-04-12
ORD-02799,CUST-00162,2023-11-08,Delivered,PayPal,Kitchen,LUNCH BOX WITH CUTLERY,1,4.46,UK,2023-11-08
ORD-02800,CUST-00573,2022-09-18,Delivered,Apple Pay,Garden,GARDEN TOOL SET 3PC,3,14.51,UK,2022-09-18
ORD-02801,CUST-00475,2022-10-30,Shipped,Credit Card,Kitchen,LUNCH BAG SUKI DESIGN,1,1.46,EU,2022-10-30
ORD-02802,CUST-00340,2024-04-02,Delivered,Debit Card,Clothing,WOOLLY HOPPIE WHITE HEART,48,4.37,UK,2024-04-02
ORD-02803,CUST-00936,2024-04-05,Shipped,PayPal,Jewelry,WHITE SKULL GIFT BAG,24,1.48,UK,2024-04-05
ORD-02804,CUST-00566,2022-07-06,Shipped,Bank Transfer,Home Decor,HAND WARMER UNION JACK FLG,1,4.00,EU,2022-07-06
ORD-02805,CUST-00802,2022-09-27,Delivered,Bank Transfer,Garden,PLANT POT HOLDER,12,3.44,UK,2022-09-27
ORD-02806,CUST-00710,2023-08-17,Pending,Credit Card,Jewelry,HEART OF WICKER SMALL,48,1.78,EU,2023-08-17
ORD-02807,CUST-00650,2022-12-05,Delivered,PayPal,Toys,VINTAGE CHRISTMAS PAPER GIFT BAG,48,1.56,EU,2022-12-05
ORD-02808,CUST-00210,2023-10-05,Delivered,Bank Transfer,Home Decor,HAND WARMER RED POLKA DOT,1,3.45,EU,2023-10-05
ORD-02809,CUST-00825,2023-06-28,Delivered,Apple Pay,Kitchen,LUNCH BAG WITH BLACK CAT,1,1.55,UK,2023-06-28
ORD-02810,CUST-00454,2023-12-15,Refunded,Apple Pay,Clothing,FELTCRAFT DOLL MEGGY,12,8.99,EU,2023-12-15
ORD-02811,CUST-00639,2024-09-08,Pending,Debit Card,Bathroom,BATH BUILDING BLOCK WORD,1,6.05,UK,2024-09-08
ORD-02812,CUST-00907,2022-04-01,Refunded,Debit Card,Kitchen,LUNCH BAG WITH BLACK CAT,12,1.32,UK,2022-04-01
ORD-02813,CUST-00570,2024-04-30,Delivered,Bank Transfer,Garden,BIRD HOUSE WOODLAND,1,9.79,UK,2024-04-30
ORD-02814,CUST-00925,2022-08-08,Delivered,Debit Card,Kitchen,JUMBO SHOPPER VINTAGE RED PAISLEY,6,7.54,UK,2022-08-08
ORD-02815,CUST-00338,2024-05-27,Refunded,Apple Pay,Kitchen,LUNCH BAG SUKI DESIGN,6,1.62,UK,2024-05-27
ORD-02816,CUST-00817,2022-06-22,Refunded,Apple Pay,Clothing,MINI PAINT SET VINTAGE,2,2.87,EU,2022-06-22
ORD-02817,CUST-00297,2022-05-05,Shipped,Apple Pay,Bathroom,DOORMAT SPOTTY,1,5.51,EU,2022-05-05
ORD-02818,CUST-00749,2023-03-28,Pending,Debit Card,Kitchen,JUMBO BAG RED RETROSPOT,48,4.80,EU,2023-03-28
ORD-02819,CUST-00603,2023-02-23,Delivered,Credit Card,Garden,PLANT POT HOLDER,12,3.50,UK,2023-02-23
ORD-02820,CUST-00840,2023-11-05,Delivered,Bank Transfer,Jewelry,PACK OF 6 SKULL PAPER CUPS,2,1.21,EU,2023-11-05
ORD-02821,CUST-00009,2023-06-14,Delivered,Apple Pay,Toys,FELTCRAFT BUTTERFLY PURSE,1,6.27,EU,2023-06-14
ORD-02822,CUST-00767,2023-12-07,Delivered,Apple Pay,Stationery,PAPER CHAIN KIT VINTAGE CHRISTMAS,12,1.45,EU,2023-12-07
ORD-02823,CUST-00913,2023-11-10,Delivered,Debit Card,Home Decor,REGENCY CAKESTAND 3 TIER,2,14.01,UK,2023-11-10
ORD-02824,CUST-00894,2023-07-04,Cancelled,Credit Card,Home Decor,REGENCY CAKESTAND 3 TIER,3,12.11,EU,2023-07-04
ORD-02825,CUST-00540,2022-02-12,Delivered,Apple Pay,Home Decor,SET OF 3 BUTTERFLY COOKIE CUTTERS,1,1.97,UK,2022-02-12
ORD-02826,CUST-00527,2023-11-29,Cancelled,Bank Transfer,Garden,GARDEN TOOL SET 3PC,2,14.48,UK,2023-11-29
ORD-02827,CUST-00497,2023-09-18,Cancelled,PayPal,Stationery,PAPER CHAIN KIT VINTAGE CHRISTMAS,3,1.52,EU,2023-09-18
ORD-02828,CUST-00332,2024-01-22,Shipped,PayPal,Toys,FELTCRAFT BUTTERFLY PURSE,1,7.09,UK,2024-01-22
ORD-02829,CUST-00851,2022-08-25,Shipped,Debit Card,Jewelry,PACK OF 6 SKULL PAPER CUPS,2,1.18,UK,2022-08-25
ORD-02830,CUST-00084,2024-03-17,Delivered,Apple Pay,Toys,WOODEN STAR CHRISTMAS SCANDI,2,1.96,EU,2024-03-17
ORD-02831,CUST-00644,2023-05-16,Shipped,Bank Transfer,Home Decor,REGENCY CAKESTAND 3 TIER,24,14.15,EU,2023-05-16
ORD-02832,CUST-00989,2023-12-24,Delivered,Apple Pay,Bathroom,DOORMAT UNION JACK,1,5.47,EU,2023-12-24
ORD-02833,CUST-00396,2023-03-15,Delivered,Credit Card,Clothing,WOOLLY HOPPIE WHITE HEART,12,4.42,EU,2023-03-15
ORD-02834,CUST-00860,2023-09-26,Delivered,PayPal,Clothing,FELTCRAFT PETAL BAG,4,6.76,UK,2023-09-26
ORD-02835,CUST-00343,2024-03-17,Shipped,PayPal,Home Decor,SET OF 6 SKULLS GIFT BAGS,1,1.28,UK,2024-03-17
ORD-02836,CUST-00798,2023-09-19,Delivered,Apple Pay,Jewelry,BLACK SKULL GIFT BAG,2,1.69,EU,2023-09-19
ORD-02837,CUST-00614,2024-07-24,Delivered,Apple Pay,Stationery,"PAPER CRAFT , BABY GIRL",1,3.29,UK,2024-07-24
ORD-02838,CUST-00979,2022-07-08,Pending,Credit Card,Home Decor,SET OF 3 BUTTERFLY COOKIE CUTTERS,2,2.05,EU,2022-07-08
ORD-02839,CUST-00406,2024-01-25,Shipped,Bank Transfer,Home Decor,ROSES REGENCY TEACUP AND SAUCER,12,3.47,EU,2024-01-25
ORD-02840,CUST-00668,2022-05-29,Pending,PayPal,Jewelry,WHITE SKULL GIFT BAG,1,1.71,EU,2022-05-29
ORD-02841,CUST-00778,2024-03-01,Delivered,Debit Card,Toys,FELTCRAFT PRINCESS CHARLOTTE DOLL,6,8.63,UK,2024-03-01
ORD-02842,CUST-00492,2023-10-06,Delivered,PayPal,Garden,BIRD HOUSE WOODLAND,2,9.10,EU,2023-10-06
ORD-02843,CUST-00447,2024-04-03,Delivered,Apple Pay,Jewelry,BLACK SKULL GIFT BAG,4,1.72,UK,2024-04-03
ORD-02844,CUST-00995,2022-07-21,Cancelled,Apple Pay,Home Decor,HAND WARMER RED POLKA DOT,1,3.86,EU,2022-07-21
ORD-02845,CUST-00006,2022-08-13,Delivered,Debit Card,Kitchen,JUMBO BAG STRAWBERRY,12,4.95,EU,2022-08-13
ORD-02846,CUST-00384,2023-05-13,Pending,PayPal,Toys,FELTCRAFT GIRL AMELIE KIT,2,10.70,UK,2023-05-13
ORD-02847,CUST-00335,2022-12-20,Shipped,Debit Card,Bathroom,BATH BOMB FIZZER SHEA BUTTER,1,1.69,UK,2022-12-20
ORD-02848,CUST-00914,2023-05-12,Delivered,Bank Transfer,Stationery,PAPER CHAIN KIT 50'S CHRISTMAS,1,1.69,UK,2023-05-12
ORD-02849,CUST-00649,2023-10-07,Shipped,Debit Card,Clothing,WORLD WAR 2 GLIDERS ASSTD DESIGNS,1,2.78,EU,2023-10-07
ORD-02850,CUST-00405,2023-08-11,Pending,Apple Pay,Clothing,WORLD WAR 2 GLIDERS ASSTD DESIGNS,12,2.92,EU,2023-08-11
ORD-02851,CUST-00708,2022-12-24,Delivered,Debit Card,Kitchen,LUNCH BOX WITH CUTLERY,4,4.30,UK,2022-12-24
ORD-02852,CUST-00823,2022-03-29,Delivered,PayPal,Toys,VINTAGE CHRISTMAS PAPER GIFT BAG,2,1.32,UK,2022-03-29
ORD-02853,CUST-00994,2023-10-27,Delivered,Debit Card,Garden,GARDENERS KNEELER DESK,4,9.18,UK,2023-10-27
ORD-02854,CUST-00571,2023-04-10,Shipped,PayPal,Bathroom,BATH BUILDING BLOCK WORD,12,6.56,EU,2023-04-10
ORD-02855,CUST-00563,2022-07-06,Delivered,Debit Card,Kitchen,LUNCH BAG WITH BLACK CAT,1,1.37,EU,2022-07-06
ORD-02856,CUST-00966,2023-06-09,Shipped,Bank Transfer,Jewelry,HEART OF WICKER SMALL,2,2.03,UK,2023-06-09
ORD-02857,CUST-00003,2022-01-23,Delivered,PayPal,Stationery,"PAPER CRAFT , BABY BOY",3,3.34,EU,2022-01-23
ORD-02858,CUST-00085,2023-08-07,Cancelled,Apple Pay,Jewelry,REGENCY TEACUP AND SAUCER,6,4.01,UK,2023-08-07
ORD-02859,CUST-00517,2022-03-12,Shipped,PayPal,Kitchen,JUMBO BAG STRAWBERRY,2,5.01,EU,2022-03-12
ORD-02860,CUST-00307,2022-06-19,Shipped,Credit Card,Kitchen,LUNCH BAG RED RETROSPOT,6,1.57,UK,2022-06-19
ORD-02861,CUST-00440,2024-02-17,Delivered,Debit Card,Bathroom,DOORMAT UNION JACK,3,4.72,UK,2024-02-17
ORD-02862,CUST-00530,2022-10-06,Delivered,Bank Transfer,Jewelry,BLACK SKULL GIFT BAG,2,1.55,UK,2022-10-06
ORD-02863,CUST-00359,2022-02-07,Delivered,PayPal,Garden,BIRD HOUSE WOODLAND,6,10.69,EU,2022-02-07
ORD-02864,CUST-00334,2024-03-23,Delivered,PayPal,Bathroom,DOORMAT SPOTTY,4,4.85,UK,2024-03-23
ORD-02865,CUST-00228,2022-04-15,Shipped,Bank Transfer,Stationery,"PAPER CRAFT , BABY GIRL",3,3.24,UK,2022-04-15
ORD-02866,CUST-00820,2022-01-03,Delivered,PayPal,Jewelry,PACK OF 6 SKULL PAPER CUPS,1,1.18,EU,2022-01-03
ORD-02867,CUST-00787,2023-02-19,Cancelled,Debit Card,Jewelry,HEART OF WICKER LARGE,12,4.53,EU,2023-02-19
ORD-02868,CUST-00306,2023-04-20,Delivered,Credit Card,Kitchen,LUNCH BAG SUKI DESIGN,2,1.46,EU,2023-04-20
ORD-02869,CUST-00680,2023-10-21,Shipped,Bank Transfer,Kitchen,JUMBO BAG RED RETROSPOT,1,5.87,EU,2023-10-21
ORD-02870,CUST-00880,2022-09-27,Shipped,Credit Card,Home Decor,SET OF 6 SKULLS GIFT BAGS,6,1.36,EU,2022-09-27
ORD-02871,CUST-00839,2022-05-17,Shipped,PayPal,Jewelry,REGENCY TEACUP AND SAUCER,1,3.98,EU,2022-05-17
ORD-02872,CUST-00480,2022-08-17,Shipped,Bank Transfer,Toys,VINTAGE CHRISTMAS PAPER GIFT BAG,2,1.42,UK,2022-08-17
ORD-02873,CUST-00317,2023-10-27,Shipped,Debit Card,Kitchen,LUNCH BAG RED RETROSPOT,2,1.45,EU,2023-10-27
ORD-02874,CUST-00635,2022-05-29,Delivered,PayPal,Jewelry,REGENCY TEACUP AND SAUCER,2,3.64,UK,2022-05-29
ORD-02875,CUST-00358,2024-02-07,Delivered,PayPal,Toys,FELTCRAFT BUTTERFLY PURSE,1,6.74,EU,2024-02-07
ORD-02876,CUST-00498,2023-01-06,Cancelled,Credit Card,Clothing,FELTCRAFT PETAL BAG,3,6.84,UK,2023-01-06
ORD-02877,CUST-00670,2024-07-08,Cancelled,PayPal,Stationery,PAPER CHAIN KIT VINTAGE CHRISTMAS,2,1.37,EU,2024-07-08
ORD-02878,CUST-00644,2022-06-21,Shipped,PayPal,Jewelry,WHITE SKULL GIFT BAG,1,1.39,EU,2022-06-21
ORD-02879,CUST-00455,2022-09-15,Delivered,Apple Pay,Home Decor,WHITE HANGING HEART T-LIGHT HOLDER,2,3.07,UK,2022-09-15
ORD-02880,CUST-01000,2024-01-18,Refunded,Apple Pay,Stationery,"PAPER CRAFT , BABY BOY",3,2.74,UK,2024-01-18
ORD-02881,CUST-00501,2022-09-09,Refunded,Credit Card,Clothing,FELTCRAFT DOLL MEGGY,6,10.26,UK,2022-09-09
ORD-02882,CUST-00570,2022-02-12,Delivered,Debit Card,Garden,PLANT POT HOLDER,4,3.16,UK,2022-02-12
ORD-02883,CUST-00512,2022-02-07,Pending,Credit Card,Bathroom,DOORMAT ENGLAND,2,5.59,EU,2022-02-07
ORD-02884,CUST-00196,2022-03-21,Delivered,Apple Pay,Jewelry,HEART OF WICKER SMALL,6,1.81,EU,2022-03-21
ORD-02885,CUST-00695,2022-04-18,Delivered,Credit Card,Home Decor,HAND WARMER UNION JACK FLG,4,3.09,EU,2022-04-18
ORD-02886,CUST-00963,2022-10-04,Delivered,Bank Transfer,Garden,BIRD HOUSE WOODLAND,2,11.31,EU,2022-10-04
ORD-02887,CUST-00557,2023-06-26,Shipped,Credit Card,Stationery,"PAPER CRAFT , BABY GIRL",4,2.81,EU,2023-06-26
ORD-02888,CUST-00408,2023-01-09,Delivered,Debit Card,Clothing,FELTCRAFT CUSHION FLOWER,1,11.19,EU,2023-01-09
ORD-02889,CUST-00681,2023-03-11,Delivered,Debit Card,Toys,FELTCRAFT BUTTERFLY PURSE,6,7.00,UK,2023-03-11
ORD-02890,CUST-00362,2022-09-03,Shipped,PayPal,Home Decor,ROSES REGENCY TEACUP AND SAUCER,6,3.92,UK,2022-09-03
ORD-02891,CUST-00721,2022-03-01,Delivered,Debit Card,Toys,FELTCRAFT GIRL AMELIE KIT,3,8.18,UK,2022-03-01
ORD-02892,CUST-00547,2024-09-17,Shipped,PayPal,Toys,FELTCRAFT PRINCESS CHARLOTTE DOLL,1,10.15,UK,2024-09-17
ORD-02893,CUST-00840,2022-03-18,Shipped,Credit Card,Kitchen,LUNCH BAG RED RETROSPOT,6,1.57,EU,2022-03-18
ORD-02894,CUST-00619,2023-05-20,Delivered,Apple Pay,Stationery,GREETING CARD SAFARI,24,1.24,EU,2023-05-20
ORD-02895,CUST-00233,2022-08-19,Shipped,Apple Pay,Stationery,"PAPER CRAFT , BABY GIRL",2,3.25,UK,2022-08-19
ORD-02896,CUST-00424,2024-08-31,Delivered,Apple Pay,Stationery,"PAPER CRAFT , BABY BOY",6,3.44,UK,2024-08-31
ORD-02897,CUST-00987,2024-09-23,Delivered,Credit Card,Home Decor,HAND WARMER UNION JACK FLG,1,3.83,UK,2024-09-23
ORD-02898,CUST-00681,2022-08-22,Delivered,Bank Transfer,Kitchen,JUMBO BAG RED RETROSPOT,24,5.46,UK,2022-08-22
ORD-02899,CUST-00864,2024-04-24,Pending,Debit Card,Garden,WATERING CAN PINK,3,5.63,UK,2024-04-24
ORD-02900,CUST-00998,2023-03-02,Shipped,Bank Transfer,Garden,GARDEN TOOL SET 3PC,1,15.51,EU,2023-03-02
ORD-02901,CUST-00830,2024-03-30,Pending,Apple Pay,Jewelry,PACK OF 6 SKULL PAPER PLATES,24,1.39,UK,2024-03-30
ORD-02902,CUST-00885,2023-08-21,Pending,Debit Card,Clothing,MINI PAINT SET VINTAGE,3,3.03,EU,2023-08-21
ORD-02903,CUST-00689,2022-06-20,Pending,Debit Card,Kitchen,LUNCH BAG WITH BLACK CAT,48,1.65,EU,2022-06-20
ORD-02904,CUST-00331,2022-04-21,Delivered,Apple Pay,Home Decor,REGENCY CAKESTAND 3 TIER,6,11.79,EU,2022-04-21
ORD-02905,CUST-00582,2024-06-04,Shipped,PayPal,Kitchen,LUNCH BOX WITH CUTLERY,12,4.29,UK,2024-06-04
ORD-02906,CUST-00463,2024-07-25,Shipped,Debit Card,Bathroom,BATH BOMB FIZZER SHEA BUTTER,3,1.42,UK,2024-07-25
ORD-02907,CUST-00186,2022-10-21,Cancelled,Credit Card,Garden,WATERING CAN PINK,4,5.92,EU,2022-10-21
ORD-02908,CUST-00534,2023-11-13,Delivered,PayPal,Kitchen,LUNCH BAG RED RETROSPOT,6,1.60,UK,2023-11-13
ORD-02909,CUST-00088,2023-06-08,Refunded,PayPal,Home Decor,SET OF 3 BUTTERFLY COOKIE CUTTERS,2,2.02,UK,2023-06-08
ORD-02910,CUST-00148,2023-10-21,Delivered,Apple Pay,Kitchen,JUMBO BAG RED RETROSPOT,1,5.68,EU,2023-10-21
ORD-02911,CUST-00222,2023-06-10,Shipped,Credit Card,Stationery,"PAPER CRAFT , BABY BOY",12,3.29,EU,2023-06-10
ORD-02912,CUST-00550,2022-09-24,Shipped,Debit Card,Bathroom,DOORMAT UNION JACK,12,5.85,UK,2022-09-24
ORD-02913,CUST-00170,2023-06-19,Shipped,Debit Card,Home Decor,HAND WARMER UNION JACK FLG,24,3.32,UK,2023-06-19
ORD-02914,CUST-00332,2022-04-24,Shipped,Debit Card,Bathroom,DOORMAT UNION JACK,48,5.79,UK,2022-04-24
ORD-02915,CUST-00555,2022-01-02,Delivered,Bank Transfer,Home Decor,SET OF 3 BUTTERFLY COOKIE CUTTERS,24,1.76,UK,2022-01-02
ORD-02916,CUST-00943,2024-01-20,Delivered,Bank Transfer,Bathroom,DOORMAT ENGLAND,2,5.17,UK,2024-01-20
ORD-02917,CUST-00678,2023-07-11,Shipped,Bank Transfer,Jewelry,REGENCY TEACUP AND SAUCER,2,3.50,UK,2023-07-11
ORD-02918,CUST-00387,2023-05-10,Delivered,Bank Transfer,Kitchen,LUNCH BOX WITH CUTLERY,4,3.79,EU,2023-05-10
ORD-02919,CUST-00706,2022-04-07,Delivered,Credit Card,Kitchen,JUMBO BAG STRAWBERRY,3,4.73,UK,2022-04-07
ORD-02920,CUST-00289,2023-07-29,Pending,PayPal,Toys,FELTCRAFT PRINCESS CHARLOTTE DOLL,3,9.44,EU,2023-07-29
ORD-02921,CUST-00106,2022-02-15,Shipped,Debit Card,Toys,VINTAGE CHRISTMAS PAPER GIFT BAG,2,1.55,UK,2022-02-15
ORD-02922,CUST-00397,2022-09-20,Delivered,Bank Transfer,Bathroom,DOORMAT SPOTTY,4,5.64,EU,2022-09-20
ORD-02923,CUST-00306,2022-02-07,Shipped,Debit Card,Kitchen,LUNCH BAG RED RETROSPOT,3,1.34,EU,2022-02-07
ORD-02924,CUST-00624,2022-09-14,Delivered,Apple Pay,Clothing,WOOLLY HOPPIE WHITE HEART,1,4.26,EU,2022-09-14
ORD-02925,CUST-00034,2023-10-23,Pending,PayPal,Jewelry,PACK OF 6 SKULL PAPER CUPS,4,1.41,EU,2023-10-23
ORD-02926,CUST-00134,2023-12-24,Refunded,Bank Transfer,Garden,GARDEN TOOL SET 3PC,6,15.53,UK,2023-12-24
ORD-02927,CUST-00700,2024-06-03,Shipped,Apple Pay,Kitchen,JUMBO BAG RED RETROSPOT,1,4.56,EU,2024-06-03
ORD-02928,CUST-00103,2023-08-17,Shipped,Credit Card,Home Decor,ROSES REGENCY TEACUP AND SAUCER,2,3.99,UK,2023-08-17
ORD-02929,CUST-00474,2024-08-02,Shipped,Apple Pay,Bathroom,DOORMAT UNION JACK,1,5.88,UK,2024-08-02
ORD-02930,CUST-00255,2024-03-10,Delivered,Debit Card,Jewelry,WHITE SKULL GIFT BAG,24,1.62,EU,2024-03-10
ORD-02931,CUST-00412,2023-08-09,Delivered,Credit Card,Home Decor,WHITE HANGING HEART T-LIGHT HOLDER,1,2.76,EU,2023-08-09
ORD-02932,CUST-00564,2022-10-10,Delivered,Debit Card,Clothing,FELTCRAFT CUSHION FLOWER,3,10.05,EU,2022-10-10
ORD-02933,CUST-00886,2023-01-12,Delivered,Apple Pay,Jewelry,HEART OF WICKER SMALL,1,2.21,UK,2023-01-12
ORD-02934,CUST-00848,2023-10-17,Pending,Bank Transfer,Bathroom,DOORMAT SPOTTY,1,5.70,UK,2023-10-17
ORD-02935,CUST-00371,2024-05-21,Pending,PayPal,Stationery,"PAPER CRAFT , BABY BOY",1,3.37,UK,2024-05-21
ORD-02936,CUST-00347,2023-12-08,Delivered,Credit Card,Bathroom,BATH BOMB FIZZER SHEA BUTTER,2,1.40,UK,2023-12-08
ORD-02937,CUST-00027,2024-07-18,Delivered,Credit Card,Home Decor,REGENCY CAKESTAND 3 TIER,4,12.64,EU,2024-07-18
ORD-02938,CUST-00155,2022-12-05,Shipped,Apple Pay,Toys,FELTCRAFT PRINCESS CHARLOTTE DOLL,1,8.29,EU,2022-12-05
ORD-02939,CUST-00724,2022-08-14,Shipped,Apple Pay,Toys,WOODEN STAR CHRISTMAS SCANDI,3,1.76,UK,2022-08-14
ORD-02940,CUST-00465,2024-05-27,Delivered,Credit Card,Kitchen,LUNCH BAG RED RETROSPOT,2,1.52,UK,2024-05-27
ORD-02941,CUST-00197,2024-07-18,Pending,Apple Pay,Home Decor,HAND WARMER RED POLKA DOT,2,3.56,UK,2024-07-18
ORD-02942,CUST-00311,2023-12-17,Shipped,PayPal,Kitchen,JUMBO BAG STRAWBERRY,1,5.81,EU,2023-12-17
ORD-02943,CUST-00096,2024-02-19,Delivered,Apple Pay,Stationery,PAPER CHAIN KIT 50'S CHRISTMAS,1,1.66,EU,2024-02-19
ORD-02944,CUST-00605,2023-07-27,Shipped,Apple Pay,Garden,GARDENERS KNEELER DESK,1,8.22,EU,2023-07-27
ORD-02945,CUST-00465,2024-06-05,Delivered,Credit Card,Clothing,MINI PAINT SET VINTAGE,12,3.06,UK,2024-06-05
ORD-02946,CUST-00010,2024-08-22,Refunded,Apple Pay,Garden,BIRD HOUSE WOODLAND,1,9.88,UK,2024-08-22
ORD-02947,CUST-00819,2024-05-12,Shipped,Credit Card,Clothing,FELTCRAFT CUSHION FLOWER,2,10.85,UK,2024-05-12
ORD-02948,CUST-00655,2022-08-22,Shipped,PayPal,Clothing,MINI PAINT SET VINTAGE,2,2.86,EU,2022-08-22
ORD-02949,CUST-00595,2023-04-08,Shipped,Bank Transfer,Stationery,PAPER CHAIN KIT VINTAGE CHRISTMAS,4,1.62,EU,2023-04-08
ORD-02950,CUST-00918,2024-03-09,Pending,Apple Pay,Bathroom,BATH BOMB FIZZER SHEA BUTTER,48,1.45,EU,2024-03-09
ORD-02951,CUST-00288,2023-12-19,Delivered,Bank Transfer,Toys,FELTCRAFT PRINCESS CHARLOTTE DOLL,12,9.63,UK,2023-12-19
ORD-02952,CUST-00743,2022-12-19,Shipped,PayPal,Home Decor,SET OF 3 BUTTERFLY COOKIE CUTTERS,12,2.07,UK,2022-12-19
ORD-02953,CUST-00866,2023-09-01,Delivered,Apple Pay,Bathroom,DOORMAT ENGLAND,1,4.53,UK,2023-09-01
ORD-02954,CUST-00913,2022-11-03,Delivered,Bank Transfer,Garden,WATERING CAN PINK,6,6.64,UK,2022-11-03
ORD-02955,CUST-00852,2024-09-03,Refunded,Bank Transfer,Kitchen,LUNCH BAG SUKI DESIGN,1,1.33,UK,2024-09-03
ORD-02956,CUST-00402,2023-11-21,Delivered,Bank Transfer,Bathroom,DOORMAT SPOTTY,12,4.99,UK,2023-11-21
ORD-02957,CUST-00350,2023-04-12,Shipped,Bank Transfer,Stationery,GREETING CARD SAFARI,1,1.34,UK,2023-04-12
ORD-02958,CUST-00700,2022-10-02,Cancelled,Credit Card,Jewelry,PACK OF 6 SKULL PAPER CUPS,1,1.32,EU,2022-10-02
ORD-02959,CUST-00777,2022-09-22,Refunded,Bank Transfer,Home Decor,SET OF 3 BUTTERFLY COOKIE CUTTERS,3,2.11,EU,2022-09-22
ORD-02960,CUST-00542,2023-03-21,Shipped,Apple Pay,Garden,PLANT POT HOLDER,4,2.67,EU,2023-03-21
ORD-02961,CUST-00747,2023-10-28,Delivered,Bank Transfer,Jewelry,HEART OF WICKER SMALL,1,2.26,UK,2023-10-28
ORD-02962,CUST-00070,2024-03-11,Delivered,Credit Card,Home Decor,SET OF 3 BUTTERFLY COOKIE CUTTERS,3,2.30,EU,2024-03-11
ORD-02963,CUST-00640,2023-03-26,Delivered,Bank Transfer,Stationery,"PAPER CRAFT , BABY BOY",12,3.44,EU,2023-03-26
ORD-02964,CUST-00042,2024-07-03,Delivered,Debit Card,Clothing,MINI PAINT SET VINTAGE,4,3.16,EU,2024-07-03
ORD-02965,CUST-00386,2024-06-19,Delivered,Bank Transfer,Home Decor,SET OF 6 SKULLS GIFT BAGS,2,1.35,EU,2024-06-19
ORD-02966,CUST-00072,2023-03-25,Delivered,PayPal,Jewelry,REGENCY TEACUP AND SAUCER,6,3.44,EU,2023-03-25
ORD-02967,CUST-00127,2022-07-11,Delivered,Credit Card,Kitchen,LUNCH BAG WITH BLACK CAT,3,1.49,UK,2022-07-11
ORD-02968,CUST-00417,2022-06-21,Shipped,Debit Card,Toys,FELTCRAFT PRINCESS CHARLOTTE DOLL,48,9.81,UK,2022-06-21
ORD-02969,CUST-00238,2022-02-23,Delivered,Debit Card,Home Decor,ROSES REGENCY TEACUP AND SAUCER,4,4.25,UK,2022-02-23
ORD-02970,CUST-00632,2023-01-24,Pending,Bank Transfer,Jewelry,PACK OF 6 SKULL PAPER PLATES,24,1.22,UK,2023-01-24
ORD-02971,CUST-00834,2024-09-01,Cancelled,Apple Pay,Clothing,FELTCRAFT CUSHION FLOWER,12,11.45,UK,2024-09-01
ORD-02972,CUST-00998,2022-01-03,Shipped,PayPal,Bathroom,BATH BOMB FIZZER SHEA BUTTER,4,1.60,EU,2022-01-03
ORD-02973,CUST-00671,2024-06-20,Shipped,Debit Card,Kitchen,LUNCH BAG WITH BLACK CAT,1,1.50,EU,2024-06-20
ORD-02974,CUST-00614,2022-09-06,Delivered,Credit Card,Bathroom,DOORMAT SPOTTY,1,5.21,UK,2022-09-06
ORD-02975,CUST-00034,2023-06-28,Delivered,Apple Pay,Garden,BIRD HOUSE WOODLAND,12,9.75,EU,2023-06-28
ORD-02976,CUST-00345,2022-12-15,Shipped,Credit Card,Bathroom,DOORMAT ENGLAND,3,5.61,UK,2022-12-15
ORD-02977,CUST-00985,2023-06-17,Delivered,PayPal,Jewelry,PACK OF 6 SKULL PAPER PLATES,3,1.41,EU,2023-06-17
ORD-02978,CUST-00171,2022-05-27,Delivered,Credit Card,Garden,WATERING CAN PINK,2,5.91,EU,2022-05-27
ORD-02979,CUST-00332,2022-11-06,Refunded,PayPal,Bathroom,BATH BUILDING BLOCK WORD,48,6.09,UK,2022-11-06
ORD-02980,CUST-00342,2024-09-01,Delivered,Apple Pay,Home Decor,HAND WARMER UNION JACK FLG,2,3.93,EU,2024-09-01
ORD-02981,CUST-00653,2022-07-04,Pending,Apple Pay,Stationery,"PAPER CRAFT , BABY BOY",3,2.68,EU,2022-07-04
ORD-02982,CUST-00974,2022-03-18,Cancelled,Credit Card,Kitchen,LUNCH BAG WITH BLACK CAT,1,1.41,EU,2022-03-18
ORD-02983,CUST-00924,2022-11-30,Delivered,Bank Transfer,Kitchen,JUMBO SHOPPER VINTAGE RED PAISLEY,3,7.75,EU,2022-11-30
ORD-02984,CUST-00945,2023-11-09,Pending,Bank Transfer,Home Decor,SET OF 3 BUTTERFLY COOKIE CUTTERS,48,2.21,EU,2023-11-09
ORD-02985,CUST-00580,2024-06-25,Delivered,Debit Card,Toys,FELTCRAFT GIRL AMELIE KIT,6,8.48,UK,2024-06-25
ORD-02986,CUST-00847,2024-04-04,Shipped,PayPal,Clothing,WORLD WAR 2 GLIDERS ASSTD DESIGNS,1,3.36,UK,2024-04-04
ORD-02987,CUST-00817,2023-05-01,Cancelled,Apple Pay,Stationery,PAPER CHAIN KIT VINTAGE CHRISTMAS,1,1.66,EU,2023-05-01
ORD-02988,CUST-00402,2022-08-29,Shipped,Debit Card,Bathroom,DOORMAT SPOTTY,2,5.09,UK,2022-08-29
ORD-02989,CUST-00555,2022-01-20,Shipped,Credit Card,Toys,FELTCRAFT BUTTERFLY PURSE,3,6.20,UK,2022-01-20
ORD-02990,CUST-00184,2022-03-23,Shipped,Credit Card,Toys,FELTCRAFT GIRL AMELIE KIT,2,8.96,UK,2022-03-23
ORD-02991,CUST-00151,2024-02-10,Pending,Bank Transfer,Clothing,WOOLLY HOPPIE WHITE HEART,1,4.17,UK,2024-02-10
ORD-02992,CUST-00370,2023-02-12,Shipped,Bank Transfer,Bathroom,DOORMAT SPOTTY,2,4.86,UK,2023-02-12
ORD-02993,CUST-00635,2022-02-26,Delivered,PayPal,Kitchen,LUNCH BAG WITH BLACK CAT,4,1.61,UK,2022-02-26
ORD-02994,CUST-00416,2023-10-28,Delivered,Credit Card,Stationery,PAPER CHAIN KIT VINTAGE CHRISTMAS,1,1.51,UK,2023-10-28
ORD-02995,CUST-00365,2023-04-04,Shipped,Debit Card,Home Decor,REGENCY CAKESTAND 3 TIER,2,14.08,EU,2023-04-04
ORD-02996,CUST-00846,2022-02-26,Delivered,PayPal,Kitchen,JUMBO BAG RED RETROSPOT,1,5.53,EU,2022-02-26
ORD-02997,CUST-00300,2022-07-13,Shipped,Apple Pay,Clothing,FELTCRAFT PETAL BAG,3,7.03,EU,2022-07-13
ORD-02998,CUST-00991,2024-07-12,Shipped,Apple Pay,Garden,WATERING CAN PINK,3,6.24,UK,2024-07-12
ORD-02999,CUST-00222,2023-03-13,Pending,Credit Card,Stationery,PAPER CHAIN KIT 50'S CHRISTMAS,3,1.59,EU,2023-03-13
ORD-03000,CUST-00886,2022-06-07,Shipped,Bank Transfer,Bathroom,BATH BOMB FIZZER SHEA BUTTER,2,1.73,UK,2022-06-07
ORD-03001,CUST-00498,2022-12-17,Delivered,Credit Card,Kitchen,JUMBO BAG STRAWBERRY,1,5.44,UK,2022-12-17
ORD-03002,CUST-00636,2022-02-15,Delivered,Apple Pay,Jewelry,WHITE SKULL GIFT BAG,2,1.35,EU,2022-02-15
ORD-03003,CUST-00443,2023-05-10,Delivered,Credit Card,Toys,WOODEN HEART CHRISTMAS SCANDI,3,2.25,EU,2023-05-10
ORD-03004,CUST-00633,2022-02-17,Pending,Apple Pay,Kitchen,LUNCH BAG WITH BLACK CAT,2,1.55,EU,2022-02-17
ORD-03005,CUST-00159,2022-09-01,Shipped,Debit Card,Toys,FELTCRAFT BUTTERFLY PURSE,4,5.98,UK,2022-09-01
ORD-03006,CUST-00993,2022-10-03,Delivered,Debit Card,Jewelry,PACK OF 6 SKULL PAPER CUPS,2,1.13,UK,2022-10-03
ORD-03007,CUST-00773,2023-08-31,Cancelled,PayPal,Toys,WOODEN STAR CHRISTMAS SCANDI,3,2.05,EU,2023-08-31
ORD-03008,CUST-00549,2024-04-10,Pending,Bank Transfer,Jewelry,WHITE SKULL GIFT BAG,24,1.70,EU,2024-04-10
ORD-03009,CUST-00863,2022-03-27,Shipped,Debit Card,Home Decor,SET OF 3 BUTTERFLY COOKIE CUTTERS,6,2.13,EU,2022-03-27
ORD-03010,CUST-00997,2024-04-30,Cancelled,PayPal,Home Decor,HAND WARMER UNION JACK FLG,24,3.53,UK,2024-04-30
ORD-03011,CUST-00713,2024-07-25,Shipped,Apple Pay,Kitchen,LUNCH BAG SUKI DESIGN,48,1.72,UK,2024-07-25
ORD-03012,CUST-00831,2022-06-12,Shipped,PayPal,Stationery,GREETING CARD SAFARI,6,1.34,UK,2022-06-12
ORD-03013,CUST-00616,2023-12-11,Pending,PayPal,Kitchen,JUMBO SHOPPER VINTAGE RED PAISLEY,3,7.39,EU,2023-12-11
ORD-03014,CUST-00669,2024-07-25,Delivered,Bank Transfer,Jewelry,PACK OF 6 SKULL PAPER CUPS,48,1.49,EU,2024-07-25
ORD-03015,CUST-00242,2024-03-19,Delivered,Debit Card,Clothing,MINI PAINT SET VINTAGE,24,3.04,UK,2024-03-19
ORD-03016,CUST-00904,2022-11-10,Shipped,PayPal,Clothing,MINI PAINT SET VINTAGE,1,2.82,EU,2022-11-10
ORD-03017,CUST-00881,2023-05-23,Shipped,Bank Transfer,Bathroom,DOORMAT SPOTTY,3,5.14,UK,2023-05-23
ORD-03018,CUST-00371,2024-02-10,Delivered,PayPal,Toys,WOODEN STAR CHRISTMAS SCANDI,1,2.28,UK,2024-02-10
ORD-03019,CUST-00229,2024-05-04,Shipped,Apple Pay,Toys,FELTCRAFT GIRL AMELIE KIT,12,9.79,UK,2024-05-04
ORD-03020,CUST-00049,2023-07-01,Delivered,PayPal,Clothing,MINI PAINT SET VINTAGE,6,2.89,EU,2023-07-01
ORD-03021,CUST-00129,2024-09-11,Pending,Credit Card,Bathroom,DOORMAT ENGLAND,2,5.74,UK,2024-09-11
ORD-03022,CUST-00739,2022-03-09,Delivered,PayPal,Kitchen,JUMBO BAG RED RETROSPOT,3,4.47,UK,2022-03-09
ORD-03023,CUST-00495,2024-06-19,Shipped,Bank Transfer,Home Decor,SET OF 6 SKULLS GIFT BAGS,2,1.17,EU,2024-06-19
ORD-03024,CUST-00712,2022-09-25,Delivered,Credit Card,Clothing,WORLD WAR 2 GLIDERS ASSTD DESIGNS,12,2.77,UK,2022-09-25
ORD-03025,CUST-00227,2023-09-02,Delivered,PayPal,Stationery,PAPER CHAIN KIT VINTAGE CHRISTMAS,6,1.41,UK,2023-09-02
ORD-03026,CUST-00946,2023-11-27,Shipped,Bank Transfer,Jewelry,WHITE SKULL GIFT BAG,48,1.70,EU,2023-11-27
ORD-03027,CUST-00248,2023-04-17,Shipped,Debit Card,Kitchen,LUNCH BAG RED RETROSPOT,24,1.35,UK,2023-04-17
ORD-03028,CUST-00406,2024-09-10,Delivered,Bank Transfer,Bathroom,DOORMAT SPOTTY,24,4.84,EU,2024-09-10
ORD-03029,CUST-00586,2023-06-19,Shipped,Apple Pay,Home Decor,WHITE HANGING HEART T-LIGHT HOLDER,12,3.22,EU,2023-06-19
ORD-03030,CUST-00817,2023-06-25,Refunded,PayPal,Home Decor,SET OF 6 SKULLS GIFT BAGS,1,1.25,EU,2023-06-25
ORD-03031,CUST-00460,2023-10-15,Shipped,PayPal,Bathroom,DOORMAT SPOTTY,1,5.31,UK,2023-10-15
ORD-03032,CUST-00632,2023-05-08,Delivered,Credit Card,Stationery,PAPER CHAIN KIT VINTAGE CHRISTMAS,4,1.70,UK,2023-05-08
ORD-03033,CUST-00362,2022-06-22,Shipped,Debit Card,Bathroom,BATH BUILDING BLOCK WORD,12,5.39,UK,2022-06-22
ORD-03034,CUST-00760,2023-02-17,Shipped,Credit Card,Bathroom,DOORMAT SPOTTY,2,5.61,UK,2023-02-17
ORD-03035,CUST-00737,2023-08-12,Pending,Credit Card,Home Decor,ROSES REGENCY TEACUP AND SAUCER,1,4.01,UK,2023-08-12
ORD-03036,CUST-00443,2024-06-04,Delivered,PayPal,Bathroom,DOORMAT SPOTTY,12,5.06,EU,2024-06-04
ORD-03037,CUST-00309,2024-05-12,Delivered,PayPal,Kitchen,LUNCH BOX WITH CUTLERY,2,3.93,UK,2024-05-12
ORD-03038,CUST-00326,2024-08-01,Shipped,Debit Card,Bathroom,BATH BOMB FIZZER SHEA BUTTER,4,1.33,EU,2024-08-01
ORD-03039,CUST-00128,2024-01-12,Delivered,Credit Card,Stationery,PAPER CHAIN KIT 50'S CHRISTMAS,3,1.57,EU,2024-01-12
ORD-03040,CUST-00753,2024-06-02,Shipped,Apple Pay,Stationery,"PAPER CRAFT , BABY GIRL",2,2.98,UK,2024-06-02
ORD-03041,CUST-00231,2023-12-02,Delivered,Apple Pay,Jewelry,HEART OF WICKER LARGE,1,5.87,UK,2023-12-02
ORD-03042,CUST-00020,2024-03-07,Delivered,Debit Card,Bathroom,DOORMAT UNION JACK,2,4.77,UK,2024-03-07
ORD-03043,CUST-00811,2023-07-26,Delivered,PayPal,Clothing,WORLD WAR 2 GLIDERS ASSTD DESIGNS,2,3.11,EU,2023-07-26
ORD-03044,CUST-00468,2023-06-08,Pending,Debit Card,Home Decor,ROSES REGENCY TEACUP AND SAUCER,1,4.27,EU,2023-06-08
ORD-03045,CUST-00253,2022-12-15,Shipped,Debit Card,Home Decor,HAND WARMER UNION JACK FLG,24,3.29,UK,2022-12-15
ORD-03046,CUST-00052,2022-04-14,Delivered,Debit Card,Home Decor,JUMBO BAG VINTAGE LEAF,48,5.08,UK,2022-04-14
ORD-03047,CUST-00301,2023-10-11,Delivered,PayPal,Clothing,MINI PAINT SET VINTAGE,2,2.88,EU,2023-10-11
ORD-03048,CUST-00196,2022-09-05,Shipped,Credit Card,Clothing,FELTCRAFT CUSHION FLOWER,6,9.42,EU,2022-09-05
ORD-03049,CUST-00332,2024-04-21,Pending,Credit Card,Kitchen,JUMBO BAG STRAWBERRY,2,4.64,UK,2024-04-21
ORD-03050,CUST-00839,2024-08-27,Shipped,Apple Pay,Home Decor,HAND WARMER UNION JACK FLG,2,3.14,EU,2024-08-27
ORD-03051,CUST-00880,2024-09-16,Shipped,Credit Card,Toys,WOODEN HEART CHRISTMAS SCANDI,1,2.10,EU,2024-09-16
ORD-03052,CUST-00280,2023-12-05,Delivered,PayPal,Kitchen,LUNCH BOX WITH CUTLERY,1,4.10,UK,2023-12-05
ORD-03053,CUST-00403,2022-06-10,Shipped,PayPal,Bathroom,DOORMAT SPOTTY,1,5.34,EU,2022-06-10
ORD-03054,CUST-00877,2024-03-31,Delivered,Bank Transfer,Kitchen,JUMBO SHOPPER VINTAGE RED PAISLEY,1,6.74,EU,2024-03-31
ORD-03055,CUST-00790,2022-09-13,Delivered,PayPal,Toys,FELTCRAFT GIRL AMELIE KIT,1,8.30,UK,2022-09-13
ORD-03056,CUST-00926,2024-01-17,Delivered,Apple Pay,Home Decor,HAND WARMER UNION JACK FLG,2,3.81,UK,2024-01-17
ORD-03057,CUST-00985,2023-09-24,Delivered,Bank Transfer,Bathroom,BATH BOMB FIZZER SHEA BUTTER,24,1.73,EU,2023-09-24
ORD-03058,CUST-00113,2022-11-18,Shipped,Credit Card,Garden,GARDEN TOOL SET 3PC,4,14.99,EU,2022-11-18
ORD-03059,CUST-00916,2024-09-08,Delivered,Debit Card,Stationery,PAPER CHAIN KIT 50'S CHRISTMAS,2,1.41,UK,2024-09-08
ORD-03060,CUST-00285,2023-03-17,Pending,Bank Transfer,Stationery,PAPER CHAIN KIT VINTAGE CHRISTMAS,1,1.67,UK,2023-03-17
ORD-03061,CUST-00138,2023-11-04,Shipped,Bank Transfer,Kitchen,JUMBO BAG STRAWBERRY,4,5.75,EU,2023-11-04
ORD-03062,CUST-00244,2022-01-01,Delivered,Credit Card,Garden,GARDENERS KNEELER DESK,1,9.24,UK,2022-01-01
ORD-03063,CUST-00321,2023-09-14,Delivered,Bank Transfer,Home Decor,HAND WARMER RED POLKA DOT,1,3.11,UK,2023-09-14
ORD-03064,CUST-00513,2023-04-02,Delivered,Credit Card,Garden,PLANT POT HOLDER,4,3.03,UK,2023-04-02
ORD-03065,CUST-00314,2023-03-09,Pending,Apple Pay,Home Decor,ROSES REGENCY TEACUP AND SAUCER,4,4.15,EU,2023-03-09
ORD-03066,CUST-00044,2022-02-15,Pending,PayPal,Clothing,FELTCRAFT PETAL BAG,6,5.42,UK,2022-02-15
ORD-03067,CUST-00784,2022-02-21,Delivered,Apple Pay,Clothing,MINI PAINT SET VINTAGE,2,2.74,EU,2022-02-21
ORD-03068,CUST-00153,2023-07-25,Pending,Apple Pay,Toys,WOODEN HEART CHRISTMAS SCANDI,12,2.06,EU,2023-07-25
ORD-03069,CUST-00213,2023-02-05,Delivered,Bank Transfer,Home Decor,HAND WARMER RED POLKA DOT,1,4.04,UK,2023-02-05
ORD-03070,CUST-00961,2024-09-17,Delivered,Apple Pay,Bathroom,BATH BUILDING BLOCK WORD,3,5.56,EU,2024-09-17
ORD-03071,CUST-00752,2022-12-28,Cancelled,Apple Pay,Garden,PLANT POT HOLDER,1,3.38,EU,2022-12-28
ORD-03072,CUST-00047,2023-01-26,Shipped,Bank Transfer,Garden,PLANT POT HOLDER,3,3.24,UK,2023-01-26
ORD-03073,CUST-00777,2023-05-06,Shipped,Credit Card,Toys,FELTCRAFT BUTTERFLY PURSE,3,5.64,EU,2023-05-06
ORD-03074,CUST-00013,2022-06-10,Delivered,Apple Pay,Toys,WOODEN STAR CHRISTMAS SCANDI,24,2.17,UK,2022-06-10
ORD-03075,CUST-00115,2023-04-04,Shipped,Debit Card,Clothing,WOOLLY HOPPIE WHITE HEART,4,4.35,UK,2023-04-04
ORD-03076,CUST-00470,2023-04-23,Delivered,Credit Card,Home Decor,SET OF 3 BUTTERFLY COOKIE CUTTERS,2,1.92,EU,2023-04-23
ORD-03077,CUST-00983,2023-09-11,Delivered,Apple Pay,Toys,FELTCRAFT PRINCESS CHARLOTTE DOLL,1,10.12,EU,2023-09-11
ORD-03078,CUST-00779,2023-01-16,Pending,PayPal,Jewelry,HEART OF WICKER SMALL,3,2.33,EU,2023-01-16
ORD-03079,CUST-00355,2023-04-18,Delivered,PayPal,Bathroom,DOORMAT ENGLAND,3,4.76,UK,2023-04-18
ORD-03080,CUST-00397,2023-03-22,Shipped,Apple Pay,Toys,WOODEN STAR CHRISTMAS SCANDI,1,1.78,EU,2023-03-22
ORD-03081,CUST-00741,2023-07-29,Shipped,Bank Transfer,Stationery,PAPER CHAIN KIT VINTAGE CHRISTMAS,2,1.33,EU,2023-07-29
ORD-03082,CUST-00915,2023-03-18,Pending,Apple Pay,Kitchen,LUNCH BAG RED RETROSPOT,1,1.44,EU,2023-03-18
ORD-03083,CUST-00815,2022-11-07,Shipped,Credit Card,Garden,WATERING CAN PINK,6,5.72,EU,2022-11-07
ORD-03084,CUST-00516,2022-08-03,Delivered,Debit Card,Kitchen,JUMBO BAG RED RETROSPOT,24,5.43,EU,2022-08-03
ORD-03085,CUST-00017,2024-05-04,Refunded,Bank Transfer,Clothing,FELTCRAFT DOLL MEGGY,1,8.99,EU,2024-05-04
ORD-03086,CUST-00340,2023-04-26,Delivered,Bank Transfer,Clothing,MINI PAINT SET VINTAGE,6,2.87,UK,2023-04-26
ORD-03087,CUST-00814,2023-01-23,Delivered,Apple Pay,Bathroom,BATH BUILDING BLOCK WORD,1,5.71,UK,2023-01-23
ORD-03088,CUST-00493,2023-03-02,Pending,PayPal,Kitchen,LUNCH BAG RED RETROSPOT,3,1.37,UK,2023-03-02
ORD-03089,CUST-00561,2022-04-16,Pending,Credit Card,Toys,WOODEN STAR CHRISTMAS SCANDI,4,1.76,UK,2022-04-16
ORD-03090,CUST-00142,2022-11-25,Pending,Credit Card,Garden,WATERING CAN PINK,48,5.87,EU,2022-11-25
ORD-03091,CUST-00351,2024-02-02,Delivered,Apple Pay,Bathroom,DOORMAT ENGLAND,3,4.50,EU,2024-02-02
ORD-03092,CUST-00601,2023-05-23,Delivered,Bank Transfer,Toys,FELTCRAFT BUTTERFLY PURSE,12,6.37,UK,2023-05-23
ORD-03093,CUST-00243,2023-01-22,Pending,Debit Card,Toys,FELTCRAFT GIRL AMELIE KIT,3,8.42,EU,2023-01-22
ORD-03094,CUST-00014,2022-09-12,Delivered,Credit Card,Home Decor,ROSES REGENCY TEACUP AND SAUCER,6,4.24,UK,2022-09-12
ORD-03095,CUST-00029,2022-11-17,Shipped,PayPal,Home Decor,HAND WARMER UNION JACK FLG,3,3.35,UK,2022-11-17
ORD-03096,CUST-00634,2024-09-24,Delivered,Credit Card,Home Decor,SET OF 6 SKULLS GIFT BAGS,48,1.31,UK,2024-09-24
ORD-03097,CUST-00449,2022-11-18,Refunded,Bank Transfer,Jewelry,PACK OF 6 SKULL PAPER CUPS,3,1.37,EU,2022-11-18
ORD-03098,CUST-00773,2023-12-11,Shipped,Credit Card,Garden,BIRD HOUSE WOODLAND,1,10.80,EU,2023-12-11
ORD-03099,CUST-00535,2022-12-11,Shipped,PayPal,Jewelry,HEART OF WICKER SMALL,6,1.85,EU,2022-12-11
ORD-03100,CUST-00648,2022-09-13,Pending,Debit Card,Stationery,PAPER CHAIN KIT 50'S CHRISTMAS,1,1.38,EU,2022-09-13
ORD-03101,CUST-00919,2023-04-25,Delivered,Credit Card,Bathroom,DOORMAT ENGLAND,1,5.02,UK,2023-04-25
ORD-03102,CUST-00189,2023-08-01,Delivered,PayPal,Garden,WATERING CAN PINK,1,6.01,UK,2023-08-01
ORD-03103,CUST-00105,2024-06-01,Delivered,Credit Card,Toys,FELTCRAFT GIRL AMELIE KIT,12,8.50,EU,2024-06-01
ORD-03104,CUST-00345,2023-12-28,Delivered,Credit Card,Kitchen,JUMBO BAG STRAWBERRY,2,5.10,UK,2023-12-28
ORD-03105,CUST-00871,2023-06-24,Delivered,PayPal,Home Decor,JUMBO BAG VINTAGE LEAF,1,4.64,EU,2023-06-24
ORD-03106,CUST-00498,2023-01-26,Delivered,Bank Transfer,Jewelry,WHITE SKULL GIFT BAG,3,1.56,UK,2023-01-26
ORD-03107,CUST-00085,2022-11-27,Delivered,PayPal,Garden,GARDENERS KNEELER DESK,1,8.09,UK,2022-11-27
ORD-03108,CUST-00311,2024-03-29,Refunded,Apple Pay,Bathroom,DOORMAT SPOTTY,1,4.67,EU,2024-03-29
ORD-03109,CUST-00153,2022-07-15,Delivered,Debit Card,Bathroom,BATH BOMB FIZZER SHEA BUTTER,3,1.67,EU,2022-07-15
ORD-03110,CUST-00890,2023-01-11,Pending,Credit Card,Stationery,GREETING CARD SAFARI,1,1.15,UK,2023-01-11
ORD-03111,CUST-00858,2022-06-06,Shipped,Bank Transfer,Kitchen,LUNCH BAG SUKI DESIGN,24,1.32,UK,2022-06-06
ORD-03112,CUST-00647,2024-03-17,Pending,Debit Card,Jewelry,PACK OF 6 SKULL PAPER PLATES,6,1.47,UK,2024-03-17
ORD-03113,CUST-00686,2022-01-26,Shipped,Credit Card,Jewelry,PACK OF 6 SKULL PAPER CUPS,2,1.27,UK,2022-01-26
ORD-03114,CUST-00895,2024-04-30,Pending,Apple Pay,Toys,VINTAGE CHRISTMAS PAPER GIFT BAG,3,1.63,EU,2024-04-30
ORD-03115,CUST-00824,2024-08-28,Shipped,Apple Pay,Jewelry,HEART OF WICKER LARGE,1,4.92,UK,2024-08-28
ORD-03116,CUST-00147,2023-07-20,Delivered,Debit Card,Bathroom,DOORMAT SPOTTY,4,5.06,EU,2023-07-20
ORD-03117,CUST-00297,2022-03-22,Shipped,Debit Card,Kitchen,JUMBO BAG STRAWBERRY,48,4.78,EU,2022-03-22
ORD-03118,CUST-00774,2024-05-28,Refunded,Apple Pay,Kitchen,JUMBO BAG STRAWBERRY,3,4.62,EU,2024-05-28
ORD-03119,CUST-00649,2022-12-17,Cancelled,Debit Card,Kitchen,LUNCH BAG RED RETROSPOT,2,1.72,EU,2022-12-17
ORD-03120,CUST-00161,2023-08-25,Delivered,PayPal,Garden,GARDENERS KNEELER DESK,3,8.22,UK,2023-08-25
ORD-03121,CUST-00320,2022-01-02,Delivered,PayPal,Stationery,"PAPER CRAFT , BABY BOY",1,2.97,EU,2022-01-02
ORD-03122,CUST-00812,2023-04-10,Pending,Apple Pay,Kitchen,JUMBO BAG RED RETROSPOT,6,5.80,UK,2023-04-10
ORD-03123,CUST-00470,2022-04-18,Shipped,PayPal,Toys,FELTCRAFT GIRL AMELIE KIT,1,8.11,EU,2022-04-18
ORD-03124,CUST-00782,2024-08-27,Delivered,Bank Transfer,Garden,BIRD HOUSE WOODLAND,1,10.37,EU,2024-08-27
ORD-03125,CUST-00336,2024-03-20,Pending,PayPal,Jewelry,REGENCY TEACUP AND SAUCER,48,4.05,UK,2024-03-20
ORD-03126,CUST-00028,2023-04-06,Shipped,Apple Pay,Home Decor,SET OF 6 SKULLS GIFT BAGS,1,1.50,UK,2023-04-06
ORD-03127,CUST-00643,2023-04-06,Pending,Debit Card,Jewelry,PACK OF 6 SKULL PAPER PLATES,3,1.49,EU,2023-04-06
ORD-03128,CUST-00253,2024-02-05,Refunded,Apple Pay,Jewelry,HEART OF WICKER SMALL,1,1.89,UK,2024-02-05
ORD-03129,CUST-00296,2024-09-13,Shipped,Credit Card,Kitchen,JUMBO SHOPPER VINTAGE RED PAISLEY,1,7.57,EU,2024-09-13
ORD-03130,CUST-00854,2024-02-17,Delivered,PayPal,Garden,BIRD HOUSE WOODLAND,1,9.46,EU,2024-02-17
ORD-03131,CUST-00240,2022-12-23,Delivered,Bank Transfer,Kitchen,JUMBO BAG STRAWBERRY,4,5.28,EU,2022-12-23
ORD-03132,CUST-00248,2022-01-28,Refunded,Apple Pay,Kitchen,JUMBO SHOPPER VINTAGE RED PAISLEY,4,6.33,UK,2022-01-28
ORD-03133,CUST-00416,2022-04-07,Shipped,Debit Card,Jewelry,BLACK SKULL GIFT BAG,2,1.48,UK,2022-04-07
ORD-03134,CUST-00406,2022-03-04,Shipped,PayPal,Home Decor,HAND WARMER RED POLKA DOT,2,3.34,EU,2022-03-04
ORD-03135,CUST-00974,2024-06-16,Delivered,Apple Pay,Toys,FELTCRAFT GIRL AMELIE KIT,2,9.66,EU,2024-06-16
ORD-03136,CUST-00836,2023-06-14,Pending,Credit Card,Toys,FELTCRAFT GIRL AMELIE KIT,3,9.42,UK,2023-06-14
ORD-03137,CUST-00920,2022-01-26,Refunded,Bank Transfer,Jewelry,BLACK SKULL GIFT BAG,1,1.66,EU,2022-01-26
ORD-03138,CUST-00818,2023-05-13,Cancelled,Debit Card,Stationery,GREETING CARD SAFARI,1,1.15,UK,2023-05-13
ORD-03139,CUST-00670,2023-09-02,Shipped,Debit Card,Toys,WOODEN STAR CHRISTMAS SCANDI,2,2.29,EU,2023-09-02
ORD-03140,CUST-00836,2024-08-11,Delivered,Bank Transfer,Home Decor,HAND WARMER RED POLKA DOT,2,3.16,UK,2024-08-11
ORD-03141,CUST-00110,2022-02-23,Refunded,PayPal,Jewelry,PACK OF 6 SKULL PAPER CUPS,4,1.28,EU,2022-02-23
ORD-03142,CUST-00631,2022-10-21,Shipped,PayPal,Home Decor,HAND WARMER UNION JACK FLG,1,3.15,EU,2022-10-21
ORD-03143,CUST-00343,2022-08-26,Shipped,Apple Pay,Jewelry,PACK OF 6 SKULL PAPER PLATES,2,1.23,UK,2022-08-26
ORD-03144,CUST-00311,2023-12-20,Cancelled,PayPal,Jewelry,REGENCY TEACUP AND SAUCER,3,3.83,EU,2023-12-20
ORD-03145,CUST-00963,2023-05-07,Delivered,Credit Card,Home Decor,REGENCY CAKESTAND 3 TIER,1,15.25,EU,2023-05-07
ORD-03146,CUST-00839,2024-07-17,Pending,Credit Card,Home Decor,SET OF 3 BUTTERFLY COOKIE CUTTERS,4,1.97,EU,2024-07-17
ORD-03147,CUST-00319,2022-07-04,Shipped,Bank Transfer,Jewelry,HEART OF WICKER LARGE,4,5.32,EU,2022-07-04
ORD-03148,CUST-00357,2024-09-07,Delivered,Bank Transfer,Home Decor,SET OF 3 BUTTERFLY COOKIE CUTTERS,4,2.17,EU,2024-09-07
ORD-03149,CUST-00664,2022-08-10,Refunded,PayPal,Stationery,GREETING CARD SAFARI,1,1.50,UK,2022-08-10
ORD-03150,CUST-00782,2023-06-03,Delivered,Debit Card,Stationery,"PAPER CRAFT , BABY GIRL",4,2.79,EU,2023-06-03
ORD-03151,CUST-00952,2024-04-22,Shipped,Apple Pay,Home Decor,ROSES REGENCY TEACUP AND SAUCER,6,4.29,EU,2024-04-22
ORD-03152,CUST-00386,2023-09-29,Shipped,Bank Transfer,Garden,GARDEN TOOL SET 3PC,48,12.60,EU,2023-09-29
ORD-03153,CUST-00675,2022-09-25,Delivered,Debit Card,Garden,BIRD HOUSE WOODLAND,3,10.94,UK,2022-09-25
ORD-03154,CUST-00281,2024-02-23,Delivered,Apple Pay,Jewelry,PACK OF 6 SKULL PAPER CUPS,1,1.17,EU,2024-02-23
ORD-03155,CUST-00400,2023-01-10,Shipped,Credit Card,Stationery,"PAPER CRAFT , BABY BOY",24,3.04,EU,2023-01-10
ORD-03156,CUST-00490,2022-05-09,Pending,Credit Card,Home Decor,SET OF 6 SKULLS GIFT BAGS,6,1.30,UK,2022-05-09
ORD-03157,CUST-00398,2024-04-10,Delivered,Apple Pay,Kitchen,LUNCH BAG WITH BLACK CAT,2,1.48,UK,2024-04-10
ORD-03158,CUST-00193,2023-02-15,Shipped,Apple Pay,Garden,WATERING CAN PINK,6,6.06,EU,2023-02-15
ORD-03159,CUST-00548,2024-08-19,Shipped,PayPal,Clothing,WORLD WAR 2 GLIDERS ASSTD DESIGNS,3,2.67,UK,2024-08-19
ORD-03160,CUST-00370,2023-09-06,Delivered,PayPal,Toys,WOODEN HEART CHRISTMAS SCANDI,1,2.27,UK,2023-09-06
ORD-03161,CUST-00678,2022-04-12,Delivered,Bank Transfer,Kitchen,LUNCH BAG WITH BLACK CAT,2,1.67,UK,2022-04-12
ORD-03162,CUST-00408,2022-11-26,Pending,Credit Card,Clothing,FELTCRAFT PETAL BAG,3,5.62,EU,2022-11-26
ORD-03163,CUST-00338,2022-02-24,Pending,Credit Card,Home Decor,HAND WARMER UNION JACK FLG,3,3.23,UK,2022-02-24
ORD-03164,CUST-00803,2022-03-27,Delivered,Bank Transfer,Kitchen,LUNCH BAG SUKI DESIGN,4,1.63,UK,2022-03-27
ORD-03165,CUST-00076,2022-07-17,Delivered,PayPal,Stationery,PAPER CHAIN KIT VINTAGE CHRISTMAS,1,1.56,UK,2022-07-17
ORD-03166,CUST-00992,2022-05-23,Cancelled,Debit Card,Clothing,FELTCRAFT PETAL BAG,3,6.27,UK,2022-05-23
ORD-03167,CUST-00002,2022-05-24,Delivered,Debit Card,Kitchen,JUMBO BAG RED RETROSPOT,4,5.28,UK,2022-05-24
ORD-03168,CUST-00544,2023-08-10,Delivered,Apple Pay,Bathroom,DOORMAT SPOTTY,4,5.01,EU,2023-08-10
ORD-03169,CUST-00874,2024-08-12,Shipped,Credit Card,Stationery,PAPER CHAIN KIT 50'S CHRISTMAS,2,1.39,UK,2024-08-12
ORD-03170,CUST-00271,2023-11-24,Delivered,Bank Transfer,Jewelry,REGENCY TEACUP AND SAUCER,1,3.52,EU,2023-11-24
ORD-03171,CUST-00972,2024-05-26,Cancelled,PayPal,Jewelry,WHITE SKULL GIFT BAG,1,1.74,EU,2024-05-26
ORD-03172,CUST-00993,2022-05-22,Pending,Credit Card,Garden,GARDENERS KNEELER DESK,4,7.32,UK,2022-05-22
ORD-03173,CUST-00791,2022-01-22,Delivered,Credit Card,Toys,FELTCRAFT GIRL AMELIE KIT,3,10.41,UK,2022-01-22
ORD-03174,CUST-00539,2022-05-05,Delivered,Credit Card,Clothing,FELTCRAFT DOLL MEGGY,48,10.26,UK,2022-05-05
ORD-03175,CUST-00654,2024-04-28,Pending,Debit Card,Jewelry,WHITE SKULL GIFT BAG,3,1.62,EU,2024-04-28
ORD-03176,CUST-00424,2023-03-23,Delivered,Bank Transfer,Bathroom,BATH BOMB FIZZER SHEA BUTTER,6,1.61,UK,2023-03-23
ORD-03177,CUST-00519,2023-08-29,Pending,Bank Transfer,Home Decor,ROSES REGENCY TEACUP AND SAUCER,2,4.08,UK,2023-08-29
ORD-03178,CUST-00445,2022-08-19,Delivered,Credit Card,Bathroom,DOORMAT UNION JACK,1,4.82,UK,2022-08-19
ORD-03179,CUST-00731,2024-09-27,Shipped,Apple Pay,Jewelry,PACK OF 6 SKULL PAPER CUPS,4,1.37,EU,2024-09-27
ORD-03180,CUST-00153,2024-07-22,Pending,Bank Transfer,Jewelry,WHITE SKULL GIFT BAG,6,1.66,EU,2024-07-22
ORD-03181,CUST-00910,2023-09-12,Delivered,Apple Pay,Jewelry,HEART OF WICKER SMALL,1,2.10,UK,2023-09-12
ORD-03182,CUST-00329,2024-07-17,Delivered,PayPal,Home Decor,REGENCY CAKESTAND 3 TIER,24,12.67,UK,2024-07-17
ORD-03183,CUST-00265,2024-09-11,Shipped,Bank Transfer,Bathroom,DOORMAT SPOTTY,4,4.87,EU,2024-09-11
ORD-03184,CUST-00786,2022-04-26,Delivered,Credit Card,Clothing,FELTCRAFT CUSHION FLOWER,4,10.25,UK,2022-04-26
ORD-03185,CUST-00077,2022-02-17,Delivered,Credit Card,Bathroom,DOORMAT SPOTTY,6,4.79,EU,2022-02-17
ORD-03186,CUST-00620,2023-05-27,Delivered,PayPal,Clothing,FELTCRAFT CUSHION FLOWER,3,9.91,UK,2023-05-27
ORD-03187,CUST-00325,2024-03-11,Delivered,Bank Transfer,Clothing,WORLD WAR 2 GLIDERS ASSTD DESIGNS,2,3.25,UK,2024-03-11
ORD-03188,CUST-00716,2024-08-09,Delivered,Debit Card,Home Decor,REGENCY CAKESTAND 3 TIER,6,13.50,UK,2024-08-09
ORD-03189,CUST-00945,2022-01-17,Delivered,PayPal,Garden,PLANT POT HOLDER,3,3.26,EU,2022-01-17
ORD-03190,CUST-00978,2022-04-30,Delivered,Bank Transfer,Garden,BIRD HOUSE WOODLAND,48,10.35,EU,2022-04-30
ORD-03191,CUST-00405,2022-11-28,Delivered,Credit Card,Clothing,FELTCRAFT DOLL MEGGY,1,8.45,EU,2022-11-28
ORD-03192,CUST-00549,2023-11-05,Delivered,Apple Pay,Home Decor,WHITE HANGING HEART T-LIGHT HOLDER,1,2.94,EU,2023-11-05
ORD-03193,CUST-00975,2023-04-12,Refunded,Apple Pay,Toys,WOODEN HEART CHRISTMAS SCANDI,2,1.89,UK,2023-04-12
ORD-03194,CUST-00201,2024-05-23,Delivered,PayPal,Jewelry,HEART OF WICKER SMALL,12,2.33,UK,2024-05-23
ORD-03195,CUST-00070,2022-09-18,Delivered,PayPal,Jewelry,PACK OF 6 SKULL PAPER CUPS,48,1.43,EU,2022-09-18
ORD-03196,CUST-00699,2022-08-10,Refunded,Bank Transfer,Kitchen,JUMBO SHOPPER VINTAGE RED PAISLEY,1,7.25,UK,2022-08-10
ORD-03197,CUST-00013,2024-09-11,Shipped,Bank Transfer,Home Decor,SET OF 3 BUTTERFLY COOKIE CUTTERS,4,2.00,UK,2024-09-11
ORD-03198,CUST-00884,2024-08-28,Delivered,Debit Card,Stationery,"PAPER CRAFT , BABY GIRL",1,2.80,EU,2024-08-28
ORD-03199,CUST-00211,2022-02-13,Shipped,Debit Card,Home Decor,SET OF 3 BUTTERFLY COOKIE CUTTERS,1,1.76,EU,2022-02-13
ORD-03200,CUST-00033,2023-08-15,Refunded,PayPal,Clothing,FELTCRAFT PETAL BAG,24,6.60,UK,2023-08-15
ORD-03201,CUST-00653,2024-09-11,Cancelled,Debit Card,Toys,FELTCRAFT BUTTERFLY PURSE,1,6.19,EU,2024-09-11
ORD-03202,CUST-00819,2024-01-04,Delivered,Debit Card,Kitchen,LUNCH BAG SUKI DESIGN,1,1.51,UK,2024-01-04
ORD-03203,CUST-00086,2023-03-14,Refunded,PayPal,Home Decor,REGENCY CAKESTAND 3 TIER,3,12.35,EU,2023-03-14
ORD-03204,CUST-00558,2022-05-17,Pending,Apple Pay,Garden,PLANT POT HOLDER,1,2.66,UK,2022-05-17
ORD-03205,CUST-00460,2023-04-27,Shipped,Credit Card,Home Decor,HAND WARMER UNION JACK FLG,3,3.19,UK,2023-04-27
ORD-03206,CUST-00448,2023-12-16,Delivered,Debit Card,Clothing,WOOLLY HOPPIE WHITE HEART,4,3.93,EU,2023-12-16
ORD-03207,CUST-00645,2024-01-19,Delivered,PayPal,Stationery,PAPER CHAIN KIT 50'S CHRISTMAS,2,1.37,EU,2024-01-19
ORD-03208,CUST-00340,2024-09-06,Shipped,Credit Card,Kitchen,JUMBO SHOPPER VINTAGE RED PAISLEY,4,6.30,UK,2024-09-06
ORD-03209,CUST-00034,2023-07-05,Delivered,Debit Card,Toys,VINTAGE CHRISTMAS PAPER GIFT BAG,1,1.44,EU,2023-07-05
ORD-03210,CUST-00132,2022-02-18,Pending,Bank Transfer,Stationery,"PAPER CRAFT , BABY GIRL",12,2.84,EU,2022-02-18
ORD-03211,CUST-00011,2022-02-09,Shipped,Apple Pay,Stationery,"PAPER CRAFT , BABY BOY",1,2.87,UK,2022-02-09
ORD-03212,CUST-00237,2022-10-06,Delivered,PayPal,Home Decor,WHITE HANGING HEART T-LIGHT HOLDER,4,2.82,UK,2022-10-06
ORD-03213,CUST-00203,2022-04-28,Refunded,Apple Pay,Stationery,GREETING CARD SAFARI,2,1.20,UK,2022-04-28
ORD-03214,CUST-00145,2024-06-11,Delivered,Bank Transfer,Toys,FELTCRAFT BUTTERFLY PURSE,1,6.44,UK,2024-06-11
ORD-03215,CUST-00227,2023-03-13,Delivered,Apple Pay,Kitchen,LUNCH BAG SUKI DESIGN,2,1.70,UK,2023-03-13
ORD-03216,CUST-00483,2022-07-31,Delivered,PayPal,Clothing,FELTCRAFT DOLL MEGGY,4,8.08,EU,2022-07-31
ORD-03217,CUST-00383,2022-01-20,Shipped,Bank Transfer,Bathroom,DOORMAT UNION JACK,24,4.55,UK,2022-01-20
ORD-03218,CUST-00401,2023-12-04,Delivered,PayPal,Bathroom,BATH BOMB FIZZER SHEA BUTTER,3,1.31,EU,2023-12-04
ORD-03219,CUST-00808,2022-12-04,Delivered,Credit Card,Clothing,FELTCRAFT PETAL BAG,2,5.40,EU,2022-12-04
ORD-03220,CUST-00502,2023-02-27,Delivered,Debit Card,Stationery,PAPER CHAIN KIT VINTAGE CHRISTMAS,1,1.56,EU,2023-02-27
ORD-03221,CUST-00529,2022-05-02,Shipped,PayPal,Home Decor,WHITE HANGING HEART T-LIGHT HOLDER,3,2.92,EU,2022-05-02
ORD-03222,CUST-00838,2023-02-22,Delivered,Bank Transfer,Home Decor,HAND WARMER UNION JACK FLG,4,4.03,EU,2023-02-22
ORD-03223,CUST-00102,2022-12-04,Delivered,PayPal,Clothing,FELTCRAFT DOLL MEGGY,4,8.58,UK,2022-12-04
ORD-03224,CUST-00382,2022-05-17,Delivered,Apple Pay,Home Decor,REGENCY CAKESTAND 3 TIER,4,14.14,UK,2022-05-17
ORD-03225,CUST-00958,2022-07-17,Refunded,Bank Transfer,Kitchen,JUMBO BAG RED RETROSPOT,2,5.70,EU,2022-07-17
ORD-03226,CUST-00652,2024-01-28,Pending,PayPal,Bathroom,DOORMAT SPOTTY,1,5.82,UK,2024-01-28
ORD-03227,CUST-00509,2024-06-10,Delivered,Apple Pay,Stationery,PAPER CHAIN KIT 50'S CHRISTMAS,1,1.45,EU,2024-06-10
ORD-03228,CUST-00373,2024-07-25,Shipped,Debit Card,Home Decor,HAND WARMER RED POLKA DOT,6,3.14,UK,2024-07-25
ORD-03229,CUST-00837,2024-05-04,Shipped,Bank Transfer,Garden,GARDENERS KNEELER DESK,2,8.79,UK,2024-05-04
ORD-03230,CUST-00722,2022-02-11,Shipped,Bank Transfer,Toys,FELTCRAFT PRINCESS CHARLOTTE DOLL,3,8.53,UK,2022-02-11
ORD-03231,CUST-00283,2022-01-21,Shipped,PayPal,Toys,FELTCRAFT PRINCESS CHARLOTTE DOLL,3,10.66,EU,2022-01-21
ORD-03232,CUST-00822,2023-12-25,Delivered,Bank Transfer,Toys,FELTCRAFT PRINCESS CHARLOTTE DOLL,12,9.42,UK,2023-12-25
ORD-03233,CUST-00121,2024-05-19,Delivered,Debit Card,Toys,FELTCRAFT PRINCESS CHARLOTTE DOLL,2,10.20,UK,2024-05-19
ORD-03234,CUST-00183,2024-09-07,Delivered,PayPal,Jewelry,HEART OF WICKER SMALL,48,1.88,UK,2024-09-07
ORD-03235,CUST-00677,2022-02-16,Shipped,PayPal,Clothing,FELTCRAFT DOLL MEGGY,2,10.42,EU,2022-02-16
ORD-03236,CUST-00578,2023-09-06,Delivered,Credit Card,Stationery,PAPER CHAIN KIT VINTAGE CHRISTMAS,2,1.50,EU,2023-09-06
ORD-03237,CUST-00110,2023-08-30,Delivered,Debit Card,Clothing,WOOLLY HOPPIE WHITE HEART,1,3.88,EU,2023-08-30
ORD-03238,CUST-00019,2023-02-26,Refunded,Bank Transfer,Clothing,FELTCRAFT CUSHION FLOWER,2,9.94,UK,2023-02-26
ORD-03239,CUST-00896,2022-04-17,Pending,Bank Transfer,Bathroom,BATH BOMB FIZZER SHEA BUTTER,2,1.68,EU,2022-04-17
ORD-03240,CUST-00001,2023-01-01,Refunded,Apple Pay,Toys,FELTCRAFT BUTTERFLY PURSE,3,6.95,EU,2023-01-01
ORD-03241,CUST-00476,2022-12-23,Delivered,Debit Card,Home Decor,HAND WARMER RED POLKA DOT,6,3.16,UK,2022-12-23
ORD-03242,CUST-00186,2023-12-28,Delivered,Bank Transfer,Kitchen,LUNCH BAG SUKI DESIGN,6,1.39,EU,2023-12-28
ORD-03243,CUST-00063,2023-04-15,Delivered,Credit Card,Home Decor,WHITE HANGING HEART T-LIGHT HOLDER,24,2.83,UK,2023-04-15
ORD-03244,CUST-00134,2023-06-13,Delivered,Debit Card,Jewelry,REGENCY TEACUP AND SAUCER,3,4.02,UK,2023-06-13
ORD-03245,CUST-00008,2023-02-04,Cancelled,Credit Card,Clothing,WOOLLY HOPPIE WHITE HEART,48,3.93,UK,2023-02-04
ORD-03246,CUST-00766,2024-02-13,Delivered,Apple Pay,Bathroom,BATH BUILDING BLOCK WORD,4,6.38,UK,2024-02-13
ORD-03247,CUST-00906,2024-07-17,Cancelled,Bank Transfer,Jewelry,HEART OF WICKER SMALL,1,1.82,UK,2024-07-17
ORD-03248,CUST-00958,2022-08-14,Shipped,Bank Transfer,Kitchen,JUMBO BAG RED RETROSPOT,24,5.73,EU,2022-08-14
ORD-03249,CUST-00767,2024-06-22,Delivered,Apple Pay,Toys,FELTCRAFT PRINCESS CHARLOTTE DOLL,12,9.87,EU,2024-06-22
ORD-03250,CUST-00375,2024-05-31,Delivered,Bank Transfer,Clothing,FELTCRAFT DOLL MEGGY,3,10.59,EU,2024-05-31
ORD-03251,CUST-00525,2022-09-22,Delivered,Apple Pay,Jewelry,BLACK SKULL GIFT BAG,1,1.64,EU,2022-09-22
ORD-03252,CUST-00479,2024-07-20,Delivered,Credit Card,Stationery,PAPER CHAIN KIT 50'S CHRISTMAS,4,1.33,EU,2024-07-20
ORD-03253,CUST-00661,2022-10-19,Delivered,Apple Pay,Home Decor,WHITE HANGING HEART T-LIGHT HOLDER,2,3.09,EU,2022-10-19
ORD-03254,CUST-00871,2022-10-11,Shipped,PayPal,Clothing,FELTCRAFT DOLL MEGGY,4,8.85,EU,2022-10-11
ORD-03255,CUST-00891,2022-02-14,Delivered,Apple Pay,Bathroom,DOORMAT SPOTTY,1,5.72,UK,2022-02-14
ORD-03256,CUST-00928,2023-10-18,Delivered,PayPal,Home Decor,REGENCY CAKESTAND 3 TIER,4,11.99,EU,2023-10-18
ORD-03257,CUST-00292,2024-04-30,Shipped,Apple Pay,Jewelry,BLACK SKULL GIFT BAG,1,1.64,EU,2024-04-30
ORD-03258,CUST-00112,2024-01-22,Shipped,PayPal,Clothing,WORLD WAR 2 GLIDERS ASSTD DESIGNS,2,3.48,EU,2024-01-22
ORD-03259,CUST-00594,2023-09-18,Delivered,Apple Pay,Jewelry,BLACK SKULL GIFT BAG,24,1.40,EU,2023-09-18
ORD-03260,CUST-00759,2024-03-12,Delivered,Bank Transfer,Kitchen,JUMBO BAG RED RETROSPOT,2,5.35,UK,2024-03-12
ORD-03261,CUST-00373,2024-02-14,Shipped,Bank Transfer,Toys,VINTAGE CHRISTMAS PAPER GIFT BAG,12,1.50,UK,2024-02-14
ORD-03262,CUST-00338,2022-03-15,Shipped,Apple Pay,Stationery,PAPER CHAIN KIT VINTAGE CHRISTMAS,4,1.65,UK,2022-03-15
ORD-03263,CUST-00317,2023-05-16,Delivered,Debit Card,Home Decor,SET OF 3 BUTTERFLY COOKIE CUTTERS,48,2.15,EU,2023-05-16
ORD-03264,CUST-00059,2023-12-05,Delivered,Bank Transfer,Stationery,"PAPER CRAFT , BABY BOY",4,2.74,UK,2023-12-05
ORD-03265,CUST-00981,2023-10-15,Delivered,PayPal,Garden,BIRD HOUSE WOODLAND,1,11.70,UK,2023-10-15
ORD-03266,CUST-00674,2023-06-05,Delivered,Bank Transfer,Home Decor,HAND WARMER UNION JACK FLG,3,3.05,EU,2023-06-05
ORD-03267,CUST-00598,2023-12-30,Delivered,PayPal,Home Decor,REGENCY CAKESTAND 3 TIER,1,12.23,UK,2023-12-30
ORD-03268,CUST-00014,2023-08-25,Delivered,Debit Card,Bathroom,BATH BUILDING BLOCK WORD,24,6.08,UK,2023-08-25
ORD-03269,CUST-00977,2024-01-16,Shipped,Credit Card,Toys,FELTCRAFT BUTTERFLY PURSE,2,6.72,UK,2024-01-16
ORD-03270,CUST-00784,2023-02-07,Shipped,Debit Card,Kitchen,LUNCH BAG WITH BLACK CAT,24,1.60,EU,2023-02-07
ORD-03271,CUST-00470,2022-12-05,Delivered,PayPal,Bathroom,BATH BUILDING BLOCK WORD,2,6.55,EU,2022-12-05
ORD-03272,CUST-00639,2022-02-24,Shipped,Debit Card,Stationery,"PAPER CRAFT , BABY BOY",1,3.18,UK,2022-02-24
ORD-03273,CUST-00252,2023-03-11,Delivered,PayPal,Bathroom,DOORMAT UNION JACK,2,4.57,EU,2023-03-11
ORD-03274,CUST-00908,2022-11-18,Shipped,Bank Transfer,Home Decor,HAND WARMER RED POLKA DOT,3,3.77,EU,2022-11-18
ORD-03275,CUST-00043,2023-04-27,Shipped,Debit Card,Kitchen,LUNCH BOX WITH CUTLERY,1,3.84,EU,2023-04-27
ORD-03276,CUST-00429,2023-01-05,Delivered,Bank Transfer,Bathroom,DOORMAT SPOTTY,1,5.84,UK,2023-01-05
ORD-03277,CUST-00819,2023-07-19,Delivered,Apple Pay,Stationery,PAPER CHAIN KIT 50'S CHRISTMAS,1,1.37,UK,2023-07-19
ORD-03278,CUST-00096,2024-02-13,Delivered,Bank Transfer,Jewelry,WHITE SKULL GIFT BAG,1,1.60,EU,2024-02-13
ORD-03279,CUST-00333,2024-07-16,Shipped,Debit Card,Home Decor,HAND WARMER UNION JACK FLG,2,3.46,UK,2024-07-16
ORD-03280,CUST-00929,2023-10-10,Pending,Bank Transfer,Toys,FELTCRAFT PRINCESS CHARLOTTE DOLL,3,9.82,UK,2023-10-10
ORD-03281,CUST-00304,2022-09-12,Delivered,PayPal,Bathroom,DOORMAT ENGLAND,2,5.49,EU,2022-09-12
ORD-03282,CUST-00380,2023-08-18,Shipped,Debit Card,Garden,WATERING CAN PINK,2,7.03,EU,2023-08-18
ORD-03283,CUST-00993,2022-01-07,Delivered,Bank Transfer,Stationery,PAPER CHAIN KIT VINTAGE CHRISTMAS,1,1.45,UK,2022-01-07
ORD-03284,CUST-00787,2024-08-03,Delivered,Debit Card,Toys,FELTCRAFT PRINCESS CHARLOTTE DOLL,3,9.86,EU,2024-08-03
ORD-03285,CUST-00662,2022-07-16,Delivered,Apple Pay,Kitchen,LUNCH BAG WITH BLACK CAT,2,1.68,UK,2022-07-16
ORD-03286,CUST-00064,2022-01-30,Delivered,Debit Card,Bathroom,BATH BOMB FIZZER SHEA BUTTER,4,1.48,EU,2022-01-30
ORD-03287,CUST-00410,2024-04-19,Delivered,Bank Transfer,Jewelry,PACK OF 6 SKULL PAPER CUPS,2,1.37,UK,2024-04-19
ORD-03288,CUST-00912,2022-07-08,Pending,Apple Pay,Jewelry,PACK OF 6 SKULL PAPER CUPS,1,1.48,UK,2022-07-08
ORD-03289,CUST-00455,2023-02-15,Pending,Apple Pay,Garden,WATERING CAN PINK,24,6.56,UK,2023-02-15
ORD-03290,CUST-00039,2022-01-25,Cancelled,Credit Card,Stationery,"PAPER CRAFT , BABY GIRL",3,3.47,UK,2022-01-25
ORD-03291,CUST-00980,2022-02-27,Shipped,Debit Card,Garden,GARDEN TOOL SET 3PC,4,12.33,UK,2022-02-27
ORD-03292,CUST-00259,2023-09-06,Delivered,Debit Card,Bathroom,DOORMAT SPOTTY,3,5.13,UK,2023-09-06
ORD-03293,CUST-00935,2023-07-19,Delivered,Debit Card,Kitchen,LUNCH BAG SUKI DESIGN,2,1.62,UK,2023-07-19
ORD-03294,CUST-00774,2023-10-13,Delivered,Credit Card,Clothing,WOOLLY HOPPIE WHITE HEART,6,4.04,EU,2023-10-13
ORD-03295,CUST-00759,2024-03-12,Delivered,Debit Card,Jewelry,HEART OF WICKER SMALL,1,2.29,UK,2024-03-12
ORD-03296,CUST-00116,2023-05-07,Pending,Debit Card,Home Decor,WHITE HANGING HEART T-LIGHT HOLDER,12,2.85,UK,2023-05-07
ORD-03297,CUST-00942,2023-07-27,Pending,Debit Card,Stationery,PAPER CHAIN KIT VINTAGE CHRISTMAS,1,1.33,UK,2023-07-27
ORD-03298,CUST-00524,2022-10-14,Shipped,Credit Card,Home Decor,SET OF 6 SKULLS GIFT BAGS,4,1.29,UK,2022-10-14
ORD-03299,CUST-00324,2024-01-23,Delivered,Bank Transfer,Bathroom,DOORMAT ENGLAND,3,4.94,UK,2024-01-23
ORD-03300,CUST-00809,2022-03-05,Delivered,Debit Card,Home Decor,REGENCY CAKESTAND 3 TIER,12,15.05,EU,2022-03-05
ORD-03301,CUST-00163,2024-02-05,Delivered,Credit Card,Clothing,WORLD WAR 2 GLIDERS ASSTD DESIGNS,4,3.39,UK,2024-02-05
ORD-03302,CUST-00172,2024-07-12,Shipped,Bank Transfer,Stationery,PAPER CHAIN KIT VINTAGE CHRISTMAS,48,1.55,EU,2024-07-12
ORD-03303,CUST-00721,2022-05-21,Delivered,PayPal,Stationery,PAPER CHAIN KIT VINTAGE CHRISTMAS,2,1.56,UK,2022-05-21
ORD-03304,CUST-00503,2024-04-18,Delivered,Credit Card,Stationery,PAPER CHAIN KIT VINTAGE CHRISTMAS,1,1.55,UK,2024-04-18
ORD-03305,CUST-00663,2023-03-27,Shipped,PayPal,Stationery,"PAPER CRAFT , BABY GIRL",12,3.50,UK,2023-03-27
ORD-03306,CUST-00939,2023-04-09,Delivered,PayPal,Garden,GARDEN TOOL SET 3PC,1,13.45,UK,2023-04-09
ORD-03307,CUST-00481,2022-01-15,Delivered,Apple Pay,Toys,WOODEN HEART CHRISTMAS SCANDI,3,2.07,EU,2022-01-15
ORD-03308,CUST-00280,2024-03-05,Delivered,Bank Transfer,Stationery,PAPER CHAIN KIT VINTAGE CHRISTMAS,2,1.51,UK,2024-03-05
ORD-03309,CUST-00089,2023-09-14,Delivered,Debit Card,Kitchen,LUNCH BOX WITH CUTLERY,24,3.95,UK,2023-09-14
ORD-03310,CUST-00559,2024-03-25,Delivered,Apple Pay,Bathroom,DOORMAT SPOTTY,1,5.23,UK,2024-03-25
ORD-03311,CUST-00816,2022-03-14,Delivered,Bank Transfer,Kitchen,LUNCH BOX WITH CUTLERY,12,4.15,EU,2022-03-14
ORD-03312,CUST-00264,2022-07-20,Delivered,Credit Card,Kitchen,LUNCH BAG SUKI DESIGN,2,1.31,UK,2022-07-20
ORD-03313,CUST-00661,2023-02-01,Delivered,Bank Transfer,Toys,FELTCRAFT GIRL AMELIE KIT,24,8.14,EU,2023-02-01
ORD-03314,CUST-00556,2023-12-08,Delivered,Bank Transfer,Toys,VINTAGE CHRISTMAS PAPER GIFT BAG,1,1.39,UK,2023-12-08
ORD-03315,CUST-00388,2023-08-15,Delivered,Credit Card,Bathroom,DOORMAT SPOTTY,48,5.89,UK,2023-08-15
ORD-03316,CUST-00148,2022-05-07,Delivered,PayPal,Stationery,GREETING CARD SAFARI,3,1.20,EU,2022-05-07
ORD-03317,CUST-00137,2023-01-18,Delivered,PayPal,Toys,FELTCRAFT BUTTERFLY PURSE,4,5.78,EU,2023-01-18
ORD-03318,CUST-00086,2023-09-11,Pending,Apple Pay,Stationery,PAPER CHAIN KIT 50'S CHRISTMAS,6,1.34,EU,2023-09-11
ORD-03319,CUST-00570,2023-03-27,Pending,Credit Card,Clothing,WOOLLY HOPPIE WHITE HEART,1,3.40,UK,2023-03-27
ORD-03320,CUST-00483,2023-12-03,Delivered,Credit Card,Home Decor,WHITE HANGING HEART T-LIGHT HOLDER,4,3.34,EU,2023-12-03
ORD-03321,CUST-00376,2022-04-16,Delivered,Credit Card,Home Decor,REGENCY CAKESTAND 3 TIER,1,13.26,EU,2022-04-16
ORD-03322,CUST-00483,2023-03-11,Refunded,Apple Pay,Bathroom,DOORMAT ENGLAND,1,4.79,EU,2023-03-11
ORD-03323,CUST-00382,2023-12-18,Shipped,PayPal,Clothing,FELTCRAFT DOLL MEGGY,2,9.07,UK,2023-12-18
ORD-03324,CUST-00423,2022-03-10,Pending,Apple Pay,Kitchen,JUMBO SHOPPER VINTAGE RED PAISLEY,4,6.94,EU,2022-03-10
ORD-03325,CUST-00948,2024-04-14,Pending,Apple Pay,Home Decor,WHITE HANGING HEART T-LIGHT HOLDER,1,3.07,EU,2024-04-14
ORD-03326,CUST-00755,2023-01-17,Pending,PayPal,Garden,WATERING CAN PINK,1,5.67,EU,2023-01-17
ORD-03327,CUST-00682,2024-02-20,Cancelled,Debit Card,Bathroom,DOORMAT ENGLAND,3,4.70,UK,2024-02-20
ORD-03328,CUST-00721,2022-01-13,Refunded,Debit Card,Clothing,WOOLLY HOPPIE WHITE HEART,3,3.41,UK,2022-01-13
ORD-03329,CUST-00635,2023-09-10,Delivered,Bank Transfer,Toys,WOODEN STAR CHRISTMAS SCANDI,2,2.12,UK,2023-09-10
ORD-03330,CUST-00691,2022-12-08,Delivered,Apple Pay,Clothing,WORLD WAR 2 GLIDERS ASSTD DESIGNS,4,3.42,UK,2022-12-08
ORD-03331,CUST-00433,2023-04-08,Delivered,PayPal,Garden,GARDENERS KNEELER DESK,3,8.94,EU,2023-04-08
ORD-03332,CUST-00852,2023-11-11,Delivered,Apple Pay,Clothing,MINI PAINT SET VINTAGE,1,2.79,UK,2023-11-11
ORD-03333,CUST-00782,2022-02-27,Shipped,Bank Transfer,Clothing,FELTCRAFT PETAL BAG,1,6.51,EU,2022-02-27
ORD-03334,CUST-00292,2023-03-28,Shipped,PayPal,Kitchen,LUNCH BAG SUKI DESIGN,2,1.62,EU,2023-03-28
ORD-03335,CUST-00096,2023-09-20,Delivered,Bank Transfer,Home Decor,ROSES REGENCY TEACUP AND SAUCER,1,4.43,EU,2023-09-20
ORD-03336,CUST-00809,2023-08-11,Delivered,Apple Pay,Stationery,"PAPER CRAFT , BABY GIRL",6,3.00,EU,2023-08-11
ORD-03337,CUST-00459,2024-07-11,Shipped,Credit Card,Garden,BIRD HOUSE WOODLAND,3,11.17,UK,2024-07-11
ORD-03338,CUST-00858,2022-04-01,Delivered,Bank Transfer,Toys,FELTCRAFT GIRL AMELIE KIT,2,9.39,UK,2022-04-01
ORD-03339,CUST-00309,2023-06-18,Shipped,Bank Transfer,Jewelry,HEART OF WICKER SMALL,4,2.22,UK,2023-06-18
ORD-03340,CUST-00529,2023-09-19,Pending,Credit Card,Toys,VINTAGE CHRISTMAS PAPER GIFT BAG,1,1.42,EU,2023-09-19
ORD-03341,CUST-00217,2024-01-23,Pending,PayPal,Garden,GARDEN TOOL SET 3PC,3,12.32,EU,2024-01-23
ORD-03342,CUST-00455,2023-09-25,Delivered,Bank Transfer,Bathroom,BATH BOMB FIZZER SHEA BUTTER,1,1.32,UK,2023-09-25
ORD-03343,CUST-00215,2022-11-21,Pending,Bank Transfer,Home Decor,JUMBO BAG VINTAGE LEAF,1,5.59,UK,2022-11-21
ORD-03344,CUST-00755,2022-04-03,Delivered,Credit Card,Jewelry,PACK OF 6 SKULL PAPER PLATES,1,1.46,EU,2022-04-03
ORD-03345,CUST-00933,2024-06-01,Pending,Apple Pay,Clothing,WORLD WAR 2 GLIDERS ASSTD DESIGNS,3,3.36,EU,2024-06-01
ORD-03346,CUST-00257,2023-09-17,Delivered,PayPal,Stationery,PAPER CHAIN KIT VINTAGE CHRISTMAS,4,1.70,UK,2023-09-17
ORD-03347,CUST-00611,2023-01-01,Delivered,Bank Transfer,Home Decor,SET OF 6 SKULLS GIFT BAGS,6,1.15,EU,2023-01-01
ORD-03348,CUST-00121,2023-11-06,Delivered,Debit Card,Toys,VINTAGE CHRISTMAS PAPER GIFT BAG,4,1.33,UK,2023-11-06
ORD-03349,CUST-00667,2022-01-09,Delivered,Credit Card,Bathroom,DOORMAT UNION JACK,4,5.72,UK,2022-01-09
ORD-03350,CUST-00906,2022-09-29,Shipped,Apple Pay,Kitchen,LUNCH BOX WITH CUTLERY,1,4.34,UK,2022-09-29
ORD-03351,CUST-00992,2022-12-09,Delivered,PayPal,Toys,WOODEN HEART CHRISTMAS SCANDI,4,1.83,UK,2022-12-09
ORD-03352,CUST-00560,2024-06-24,Cancelled,Apple Pay,Home Decor,REGENCY CAKESTAND 3 TIER,6,13.45,UK,2024-06-24
ORD-03353,CUST-00886,2022-03-07,Delivered,PayPal,Kitchen,LUNCH BAG RED RETROSPOT,4,1.37,UK,2022-03-07
ORD-03354,CUST-00482,2022-10-14,Delivered,Bank Transfer,Clothing,WOOLLY HOPPIE WHITE HEART,1,4.19,EU,2022-10-14
ORD-03355,CUST-00006,2023-04-12,Refunded,Bank Transfer,Bathroom,DOORMAT ENGLAND,1,4.82,EU,2023-04-12
ORD-03356,CUST-00739,2024-03-24,Delivered,Credit Card,Toys,FELTCRAFT BUTTERFLY PURSE,24,6.57,UK,2024-03-24
ORD-03357,CUST-00269,2022-12-11,Delivered,PayPal,Stationery,"PAPER CRAFT , BABY GIRL",1,2.82,UK,2022-12-11
ORD-03358,CUST-00353,2023-03-10,Delivered,Bank Transfer,Kitchen,LUNCH BOX WITH CUTLERY,3,4.38,UK,2023-03-10
ORD-03359,CUST-00635,2023-08-27,Refunded,Apple Pay,Toys,VINTAGE CHRISTMAS PAPER GIFT BAG,3,1.57,UK,2023-08-27
ORD-03360,CUST-00473,2023-06-10,Shipped,Bank Transfer,Toys,WOODEN STAR CHRISTMAS SCANDI,2,1.92,UK,2023-06-10
ORD-03361,CUST-00777,2022-01-05,Pending,Apple Pay,Bathroom,DOORMAT ENGLAND,48,4.80,EU,2022-01-05
ORD-03362,CUST-00949,2023-12-10,Refunded,Bank Transfer,Kitchen,LUNCH BAG WITH BLACK CAT,4,1.56,EU,2023-12-10
ORD-03363,CUST-00912,2023-03-22,Shipped,Bank Transfer,Home Decor,WHITE HANGING HEART T-LIGHT HOLDER,4,3.51,UK,2023-03-22
ORD-03364,CUST-00341,2023-08-19,Shipped,Bank Transfer,Jewelry,REGENCY TEACUP AND SAUCER,48,4.49,EU,2023-08-19
ORD-03365,CUST-00918,2022-06-06,Delivered,Apple Pay,Bathroom,BATH BUILDING BLOCK WORD,3,5.40,EU,2022-06-06
ORD-03366,CUST-00294,2024-01-07,Delivered,PayPal,Bathroom,DOORMAT ENGLAND,2,4.81,EU,2024-01-07
ORD-03367,CUST-00417,2023-01-04,Delivered,Bank Transfer,Kitchen,LUNCH BAG SUKI DESIGN,24,1.34,UK,2023-01-04
ORD-03368,CUST-00140,2024-06-07,Delivered,Bank Transfer,Clothing,FELTCRAFT CUSHION FLOWER,1,11.71,EU,2024-06-07
ORD-03369,CUST-00029,2023-06-15,Pending,PayPal,Jewelry,REGENCY TEACUP AND SAUCER,2,4.06,UK,2023-06-15
ORD-03370,CUST-00992,2023-12-25,Pending,PayPal,Home Decor,SET OF 6 SKULLS GIFT BAGS,1,1.14,UK,2023-12-25
ORD-03371,CUST-00248,2024-09-10,Delivered,Bank Transfer,Bathroom,BATH BUILDING BLOCK WORD,1,6.85,UK,2024-09-10
ORD-03372,CUST-00070,2022-10-19,Shipped,PayPal,Toys,FELTCRAFT PRINCESS CHARLOTTE DOLL,2,9.80,EU,2022-10-19
ORD-03373,CUST-00429,2022-04-18,Pending,Credit Card,Home Decor,ROSES REGENCY TEACUP AND SAUCER,12,4.27,UK,2022-04-18
ORD-03374,CUST-00215,2024-05-17,Shipped,Bank Transfer,Toys,FELTCRAFT PRINCESS CHARLOTTE DOLL,4,9.37,UK,2024-05-17
ORD-03375,CUST-00553,2023-03-03,Pending,PayPal,Clothing,MINI PAINT SET VINTAGE,6,3.46,UK,2023-03-03
ORD-03376,CUST-00356,2023-02-15,Shipped,PayPal,Jewelry,HEART OF WICKER LARGE,12,4.95,UK,2023-02-15
ORD-03377,CUST-00444,2023-06-20,Cancelled,Debit Card,Garden,GARDENERS KNEELER DESK,4,7.86,EU,2023-06-20
ORD-03378,CUST-00644,2022-05-23,Pending,Debit Card,Toys,FELTCRAFT BUTTERFLY PURSE,4,5.67,EU,2022-05-23
ORD-03379,CUST-00937,2023-03-20,Delivered,PayPal,Jewelry,REGENCY TEACUP AND SAUCER,3,3.98,UK,2023-03-20
ORD-03380,CUST-00855,2024-01-02,Delivered,PayPal,Jewelry,HEART OF WICKER LARGE,1,5.33,UK,2024-01-02
ORD-03381,CUST-00180,2023-12-11,Delivered,PayPal,Toys,FELTCRAFT PRINCESS CHARLOTTE DOLL,3,8.47,UK,2023-12-11
ORD-03382,CUST-00460,2022-03-23,Delivered,Debit Card,Home Decor,HAND WARMER RED POLKA DOT,2,3.10,UK,2022-03-23
ORD-03383,CUST-00835,2023-04-17,Pending,Debit Card,Jewelry,HEART OF WICKER LARGE,3,5.74,UK,2023-04-17
ORD-03384,CUST-00215,2024-06-07,Delivered,Bank Transfer,Clothing,FELTCRAFT PETAL BAG,1,5.38,UK,2024-06-07
ORD-03385,CUST-00536,2023-03-30,Cancelled,Bank Transfer,Stationery,"PAPER CRAFT , BABY GIRL",48,2.77,EU,2023-03-30
ORD-03386,CUST-00559,2023-12-21,Delivered,PayPal,Garden,BIRD HOUSE WOODLAND,1,11.78,UK,2023-12-21
ORD-03387,CUST-00191,2023-01-23,Refunded,Debit Card,Toys,WOODEN STAR CHRISTMAS SCANDI,1,2.03,UK,2023-01-23
ORD-03388,CUST-00154,2023-04-05,Delivered,PayPal,Home Decor,WHITE HANGING HEART T-LIGHT HOLDER,3,3.46,EU,2023-04-05
ORD-03389,CUST-00449,2022-07-06,Delivered,Debit Card,Kitchen,JUMBO SHOPPER VINTAGE RED PAISLEY,48,6.27,EU,2022-07-06
ORD-03390,CUST-00844,2024-04-12,Delivered,PayPal,Home Decor,SET OF 6 SKULLS GIFT BAGS,1,1.36,EU,2024-04-12
ORD-03391,CUST-00492,2022-07-17,Refunded,Debit Card,Bathroom,BATH BUILDING BLOCK WORD,2,6.11,EU,2022-07-17
ORD-03392,CUST-00880,2022-02-07,Pending,PayPal,Stationery,"PAPER CRAFT , BABY BOY",2,3.29,EU,2022-02-07
ORD-03393,CUST-00219,2023-04-27,Shipped,Debit Card,Garden,GARDEN TOOL SET 3PC,3,14.40,UK,2023-04-27
ORD-03394,CUST-00795,2024-04-24,Pending,Apple Pay,Stationery,GREETING CARD SAFARI,1,1.36,EU,2024-04-24
ORD-03395,CUST-00353,2023-12-28,Shipped,PayPal,Stationery,"PAPER CRAFT , BABY BOY",24,2.68,UK,2023-12-28
ORD-03396,CUST-00043,2022-12-17,Shipped,Bank Transfer,Clothing,MINI PAINT SET VINTAGE,4,2.79,EU,2022-12-17
ORD-03397,CUST-00534,2022-08-17,Refunded,Bank Transfer,Jewelry,HEART OF WICKER SMALL,4,2.16,UK,2022-08-17
ORD-03398,CUST-00914,2022-04-17,Delivered,Apple Pay,Stationery,GREETING CARD SAFARI,3,1.23,UK,2022-04-17
ORD-03399,CUST-00551,2023-10-15,Delivered,PayPal,Kitchen,JUMBO BAG STRAWBERRY,2,5.32,UK,2023-10-15
ORD-03400,CUST-00410,2024-05-11,Delivered,PayPal,Jewelry,BLACK SKULL GIFT BAG,2,1.53,UK,2024-05-11
ORD-03401,CUST-00390,2022-10-13,Delivered,PayPal,Jewelry,HEART OF WICKER SMALL,1,2.32,EU,2022-10-13
ORD-03402,CUST-00765,2022-08-01,Shipped,Debit Card,Jewelry,REGENCY TEACUP AND SAUCER,2,4.21,UK,2022-08-01
ORD-03403,CUST-00639,2023-07-12,Delivered,PayPal,Kitchen,JUMBO BAG STRAWBERRY,48,4.70,UK,2023-07-12
ORD-03404,CUST-00548,2022-01-11,Delivered,Bank Transfer,Stationery,GREETING CARD SAFARI,24,1.29,UK,2022-01-11
ORD-03405,CUST-00913,2024-08-20,Shipped,Apple Pay,Home Decor,REGENCY CAKESTAND 3 TIER,1,13.83,UK,2024-08-20
ORD-03406,CUST-00694,2022-02-02,Delivered,Credit Card,Bathroom,DOORMAT UNION JACK,48,5.08,EU,2022-02-02
ORD-03407,CUST-00652,2022-03-29,Pending,Credit Card,Toys,FELTCRAFT BUTTERFLY PURSE,3,5.72,UK,2022-03-29
ORD-03408,CUST-00231,2022-05-01,Shipped,Apple Pay,Bathroom,BATH BUILDING BLOCK WORD,3,5.41,UK,2022-05-01
ORD-03409,CUST-00511,2023-07-12,Shipped,PayPal,Kitchen,JUMBO SHOPPER VINTAGE RED PAISLEY,12,7.04,UK,2023-07-12
ORD-03410,CUST-00435,2024-06-27,Delivered,Credit Card,Toys,FELTCRAFT BUTTERFLY PURSE,3,5.93,UK,2024-06-27
ORD-03411,CUST-00040,2023-01-10,Delivered,Debit Card,Toys,FELTCRAFT PRINCESS CHARLOTTE DOLL,4,10.60,EU,2023-01-10
ORD-03412,CUST-00469,2023-02-18,Delivered,Debit Card,Bathroom,DOORMAT UNION JACK,12,4.75,UK,2023-02-18
ORD-03413,CUST-00652,2024-02-25,Delivered,PayPal,Jewelry,BLACK SKULL GIFT BAG,2,1.38,UK,2024-02-25
ORD-03414,CUST-00949,2023-09-28,Shipped,Apple Pay,Garden,BIRD HOUSE WOODLAND,2,10.24,EU,2023-09-28
ORD-03415,CUST-00684,2023-08-05,Shipped,Apple Pay,Bathroom,DOORMAT ENGLAND,2,5.19,EU,2023-08-05
ORD-03416,CUST-00380,2024-07-07,Delivered,Bank Transfer,Garden,WATERING CAN PINK,1,5.97,EU,2024-07-07
ORD-03417,CUST-00138,2022-04-28,Shipped,PayPal,Jewelry,PACK OF 6 SKULL PAPER CUPS,4,1.16,EU,2022-04-28
ORD-03418,CUST-00897,2023-10-02,Shipped,Debit Card,Bathroom,DOORMAT ENGLAND,12,5.29,UK,2023-10-02
ORD-03419,CUST-00707,2024-07-07,Shipped,Credit Card,Garden,GARDENERS KNEELER DESK,1,9.19,UK,2024-07-07
ORD-03420,CUST-00966,2023-10-23,Refunded,Debit Card,Stationery,GREETING CARD SAFARI,12,1.42,UK,2023-10-23
ORD-03421,CUST-00794,2022-04-09,Delivered,Apple Pay,Clothing,MINI PAINT SET VINTAGE,1,3.23,UK,2022-04-09
ORD-03422,CUST-00645,2024-07-18,Shipped,PayPal,Clothing,FELTCRAFT CUSHION FLOWER,1,9.85,EU,2024-07-18
ORD-03423,CUST-00728,2022-07-29,Pending,Debit Card,Bathroom,DOORMAT ENGLAND,2,4.54,UK,2022-07-29
ORD-03424,CUST-00485,2022-09-26,Delivered,Credit Card,Jewelry,WHITE SKULL GIFT BAG,2,1.58,UK,2022-09-26
ORD-03425,CUST-00526,2024-08-31,Pending,PayPal,Clothing,FELTCRAFT DOLL MEGGY,6,8.43,UK,2024-08-31
ORD-03426,CUST-00700,2024-03-15,Shipped,PayPal,Bathroom,BATH BUILDING BLOCK WORD,1,7.03,EU,2024-03-15
ORD-03427,CUST-00900,2023-08-20,Shipped,Bank Transfer,Bathroom,DOORMAT ENGLAND,1,5.50,UK,2023-08-20
ORD-03428,CUST-00240,2022-01-23,Delivered,Credit Card,Bathroom,DOORMAT ENGLAND,3,5.63,EU,2022-01-23
ORD-03429,CUST-00181,2022-02-09,Shipped,Debit Card,Clothing,FELTCRAFT CUSHION FLOWER,1,10.60,EU,2022-02-09
ORD-03430,CUST-00363,2022-03-04,Delivered,PayPal,Toys,WOODEN STAR CHRISTMAS SCANDI,3,2.10,EU,2022-03-04
ORD-03431,CUST-00948,2022-05-20,Delivered,Debit Card,Toys,WOODEN STAR CHRISTMAS SCANDI,3,1.90,EU,2022-05-20
ORD-03432,CUST-00926,2022-03-30,Delivered,Apple Pay,Kitchen,LUNCH BOX WITH CUTLERY,2,3.83,UK,2022-03-30
ORD-03433,CUST-00090,2024-09-13,Delivered,Debit Card,Kitchen,LUNCH BAG SUKI DESIGN,1,1.44,UK,2024-09-13
ORD-03434,CUST-00269,2022-07-26,Shipped,Apple Pay,Toys,VINTAGE CHRISTMAS PAPER GIFT BAG,4,1.51,UK,2022-07-26
ORD-03435,CUST-00443,2023-07-14,Delivered,Debit Card,Clothing,WORLD WAR 2 GLIDERS ASSTD DESIGNS,1,3.06,EU,2023-07-14
ORD-03436,CUST-00506,2024-02-26,Pending,Credit Card,Bathroom,BATH BUILDING BLOCK WORD,1,5.58,EU,2024-02-26
ORD-03437,CUST-00792,2023-12-26,Shipped,Credit Card,Home Decor,REGENCY CAKESTAND 3 TIER,3,14.85,EU,2023-12-26
ORD-03438,CUST-00230,2022-11-09,Delivered,Debit Card,Home Decor,HAND WARMER RED POLKA DOT,1,3.65,UK,2022-11-09
ORD-03439,CUST-00633,2023-07-13,Delivered,Credit Card,Toys,FELTCRAFT GIRL AMELIE KIT,48,8.19,EU,2023-07-13
ORD-03440,CUST-00593,2023-01-05,Shipped,Credit Card,Garden,BIRD HOUSE WOODLAND,4,9.86,UK,2023-01-05
ORD-03441,CUST-00845,2023-08-28,Pending,Debit Card,Jewelry,PACK OF 6 SKULL PAPER CUPS,1,1.34,EU,2023-08-28
ORD-03442,CUST-00072,2024-09-14,Delivered,Debit Card,Jewelry,REGENCY TEACUP AND SAUCER,1,3.74,EU,2024-09-14
ORD-03443,CUST-00097,2023-03-18,Delivered,Bank Transfer,Stationery,"PAPER CRAFT , BABY BOY",48,2.86,EU,2023-03-18
ORD-03444,CUST-00501,2023-12-30,Delivered,Credit Card,Kitchen,JUMBO BAG RED RETROSPOT,48,5.90,UK,2023-12-30
ORD-03445,CUST-00934,2022-08-11,Delivered,Apple Pay,Toys,WOODEN STAR CHRISTMAS SCANDI,1,2.26,UK,2022-08-11
ORD-03446,CUST-00095,2024-02-21,Delivered,Credit Card,Jewelry,HEART OF WICKER LARGE,1,5.21,UK,2024-02-21
ORD-03447,CUST-00329,2024-03-11,Shipped,Debit Card,Home Decor,HAND WARMER UNION JACK FLG,1,3.79,UK,2024-03-11
ORD-03448,CUST-00279,2024-09-08,Delivered,PayPal,Bathroom,BATH BOMB FIZZER SHEA BUTTER,3,1.49,UK,2024-09-08
ORD-03449,CUST-00916,2022-03-01,Delivered,Bank Transfer,Toys,FELTCRAFT GIRL AMELIE KIT,2,9.10,UK,2022-03-01
ORD-03450,CUST-00465,2023-12-26,Delivered,Bank Transfer,Garden,PLANT POT HOLDER,6,2.79,UK,2023-12-26
ORD-03451,CUST-00156,2024-02-04,Shipped,Bank Transfer,Home Decor,SET OF 6 SKULLS GIFT BAGS,1,1.27,EU,2024-02-04
ORD-03452,CUST-00027,2023-05-31,Delivered,Credit Card,Home Decor,ROSES REGENCY TEACUP AND SAUCER,4,4.45,EU,2023-05-31
ORD-03453,CUST-00668,2022-11-20,Delivered,Bank Transfer,Jewelry,REGENCY TEACUP AND SAUCER,4,4.24,EU,2022-11-20
ORD-03454,CUST-01000,2023-08-11,Delivered,Debit Card,Home Decor,HAND WARMER UNION JACK FLG,48,3.82,UK,2023-08-11
ORD-03455,CUST-00062,2022-01-14,Shipped,Apple Pay,Stationery,"PAPER CRAFT , BABY GIRL",2,3.06,UK,2022-01-14
ORD-03456,CUST-00288,2024-09-18,Shipped,Apple Pay,Stationery,PAPER CHAIN KIT 50'S CHRISTMAS,24,1.68,UK,2024-09-18
ORD-03457,CUST-00252,2022-08-12,Delivered,Credit Card,Clothing,FELTCRAFT CUSHION FLOWER,1,11.24,EU,2022-08-12
ORD-03458,CUST-00030,2023-06-20,Delivered,Credit Card,Toys,WOODEN HEART CHRISTMAS SCANDI,1,2.15,UK,2023-06-20
ORD-03459,CUST-00594,2023-11-03,Pending,Bank Transfer,Toys,WOODEN HEART CHRISTMAS SCANDI,12,1.79,EU,2023-11-03
ORD-03460,CUST-00203,2024-05-14,Pending,Bank Transfer,Bathroom,BATH BUILDING BLOCK WORD,1,5.89,UK,2024-05-14
ORD-03461,CUST-00346,2024-06-21,Delivered,Apple Pay,Toys,FELTCRAFT PRINCESS CHARLOTTE DOLL,6,8.84,EU,2024-06-21
ORD-03462,CUST-00566,2022-09-07,Delivered,Apple Pay,Home Decor,ROSES REGENCY TEACUP AND SAUCER,3,4.11,EU,2022-09-07
ORD-03463,CUST-00750,2022-05-26,Delivered,PayPal,Home Decor,WHITE HANGING HEART T-LIGHT HOLDER,12,3.09,EU,2022-05-26
ORD-03464,CUST-00936,2023-01-18,Delivered,PayPal,Toys,FELTCRAFT PRINCESS CHARLOTTE DOLL,12,8.43,UK,2023-01-18
ORD-03465,CUST-00761,2022-04-26,Shipped,Credit Card,Bathroom,DOORMAT UNION JACK,2,5.94,UK,2022-04-26
ORD-03466,CUST-00916,2024-09-13,Shipped,PayPal,Jewelry,PACK OF 6 SKULL PAPER CUPS,48,1.42,UK,2024-09-13
ORD-03467,CUST-00532,2023-05-23,Delivered,Debit Card,Home Decor,REGENCY CAKESTAND 3 TIER,6,12.37,EU,2023-05-23
ORD-03468,CUST-00561,2023-07-31,Delivered,Debit Card,Clothing,FELTCRAFT CUSHION FLOWER,2,10.14,UK,2023-07-31
ORD-03469,CUST-00149,2023-12-13,Shipped,PayPal,Bathroom,BATH BUILDING BLOCK WORD,3,5.41,EU,2023-12-13
ORD-03470,CUST-00450,2024-07-09,Delivered,Apple Pay,Garden,WATERING CAN PINK,3,6.09,EU,2024-07-09
ORD-03471,CUST-00442,2022-04-11,Shipped,Bank Transfer,Clothing,FELTCRAFT PETAL BAG,2,6.63,EU,2022-04-11
ORD-03472,CUST-00786,2022-04-19,Delivered,PayPal,Kitchen,JUMBO SHOPPER VINTAGE RED PAISLEY,1,7.09,UK,2022-04-19
ORD-03473,CUST-00912,2022-02-08,Pending,PayPal,Home Decor,REGENCY CAKESTAND 3 TIER,3,13.31,UK,2022-02-08
ORD-03474,CUST-00526,2024-02-07,Delivered,PayPal,Bathroom,DOORMAT SPOTTY,1,4.61,UK,2024-02-07
ORD-03475,CUST-00819,2022-04-26,Delivered,Debit Card,Kitchen,JUMBO SHOPPER VINTAGE RED PAISLEY,2,6.63,UK,2022-04-26
ORD-03476,CUST-00720,2023-07-06,Shipped,Credit Card,Garden,BIRD HOUSE WOODLAND,12,9.17,EU,2023-07-06
ORD-03477,CUST-00315,2024-06-17,Shipped,Credit Card,Garden,BIRD HOUSE WOODLAND,24,11.52,EU,2024-06-17
ORD-03478,CUST-00529,2022-01-23,Delivered,PayPal,Jewelry,HEART OF WICKER SMALL,1,2.19,EU,2022-01-23
ORD-03479,CUST-00348,2022-12-26,Cancelled,Debit Card,Clothing,FELTCRAFT CUSHION FLOWER,3,10.09,EU,2022-12-26
ORD-03480,CUST-00760,2023-06-03,Delivered,Debit Card,Stationery,PAPER CHAIN KIT 50'S CHRISTMAS,3,1.41,UK,2023-06-03
ORD-03481,CUST-00512,2022-01-28,Shipped,PayPal,Stationery,"PAPER CRAFT , BABY BOY",1,2.89,EU,2022-01-28
ORD-03482,CUST-00648,2024-05-17,Delivered,Bank Transfer,Clothing,WOOLLY HOPPIE WHITE HEART,2,4.49,EU,2024-05-17
ORD-03483,CUST-00807,2022-01-08,Delivered,Credit Card,Stationery,"PAPER CRAFT , BABY GIRL",1,2.86,EU,2022-01-08
ORD-03484,CUST-00616,2023-05-24,Delivered,Debit Card,Stationery,PAPER CHAIN KIT VINTAGE CHRISTMAS,3,1.36,EU,2023-05-24
ORD-03485,CUST-00992,2024-07-17,Shipped,Debit Card,Toys,FELTCRAFT GIRL AMELIE KIT,2,9.63,UK,2024-07-17
ORD-03486,CUST-00708,2024-02-24,Delivered,Debit Card,Kitchen,LUNCH BAG RED RETROSPOT,4,1.62,UK,2024-02-24
ORD-03487,CUST-00400,2024-03-15,Delivered,Apple Pay,Toys,FELTCRAFT GIRL AMELIE KIT,1,9.04,EU,2024-03-15
ORD-03488,CUST-00333,2024-03-19,Delivered,PayPal,Clothing,WOOLLY HOPPIE WHITE HEART,3,3.40,UK,2024-03-19
ORD-03489,CUST-00031,2023-12-01,Cancelled,PayPal,Clothing,FELTCRAFT CUSHION FLOWER,3,9.21,UK,2023-12-01
ORD-03490,CUST-00034,2024-04-02,Delivered,PayPal,Toys,FELTCRAFT PRINCESS CHARLOTTE DOLL,1,8.56,EU,2024-04-02
ORD-03491,CUST-00877,2022-10-09,Delivered,PayPal,Clothing,MINI PAINT SET VINTAGE,6,2.67,EU,2022-10-09
ORD-03492,CUST-00576,2023-05-01,Delivered,Credit Card,Bathroom,DOORMAT UNION JACK,1,5.56,EU,2023-05-01
ORD-03493,CUST-00016,2024-08-08,Delivered,Apple Pay,Clothing,WORLD WAR 2 GLIDERS ASSTD DESIGNS,2,3.37,EU,2024-08-08
ORD-03494,CUST-00344,2023-09-01,Refunded,PayPal,Clothing,FELTCRAFT CUSHION FLOWER,1,11.38,EU,2023-09-01
ORD-03495,CUST-00292,2022-12-04,Shipped,Credit Card,Jewelry,HEART OF WICKER LARGE,4,5.09,EU,2022-12-04
ORD-03496,CUST-00760,2023-12-16,Refunded,Bank Transfer,Clothing,MINI PAINT SET VINTAGE,4,3.40,UK,2023-12-16
ORD-03497,CUST-00134,2024-09-17,Pending,Bank Transfer,Toys,WOODEN STAR CHRISTMAS SCANDI,2,2.05,UK,2024-09-17
ORD-03498,CUST-00991,2024-01-06,Delivered,Bank Transfer,Clothing,FELTCRAFT PETAL BAG,12,6.94,UK,2024-01-06
ORD-03499,CUST-00210,2024-03-12,Shipped,PayPal,Bathroom,DOORMAT UNION JACK,2,5.32,EU,2024-03-12
ORD-03500,CUST-00600,2024-04-15,Delivered,Debit Card,Home Decor,JUMBO BAG VINTAGE LEAF,1,5.46,UK,2024-04-15
ORD-03501,CUST-00565,2024-07-20,Delivered,Apple Pay,Home Decor,SET OF 6 SKULLS GIFT BAGS,6,1.28,UK,2024-07-20
ORD-03502,CUST-00499,2024-05-22,Pending,Credit Card,Clothing,FELTCRAFT CUSHION FLOWER,1,11.81,UK,2024-05-22
ORD-03503,CUST-00456,2022-04-16,Pending,Apple Pay,Home Decor,WHITE HANGING HEART T-LIGHT HOLDER,2,3.51,EU,2022-04-16
ORD-03504,CUST-00291,2024-09-01,Pending,Debit Card,Jewelry,WHITE SKULL GIFT BAG,4,1.50,UK,2024-09-01
ORD-03505,CUST-00042,2024-08-20,Delivered,Apple Pay,Bathroom,DOORMAT UNION JACK,12,5.61,EU,2024-08-20
ORD-03506,CUST-00289,2022-06-27,Delivered,Debit Card,Kitchen,JUMBO SHOPPER VINTAGE RED PAISLEY,4,8.03,EU,2022-06-27
ORD-03507,CUST-00321,2024-06-27,Delivered,Apple Pay,Clothing,FELTCRAFT CUSHION FLOWER,2,9.40,UK,2024-06-27
ORD-03508,CUST-00207,2023-07-02,Delivered,PayPal,Jewelry,WHITE SKULL GIFT BAG,1,1.38,UK,2023-07-02
ORD-03509,CUST-00881,2023-07-23,Pending,Debit Card,Stationery,PAPER CHAIN KIT 50'S CHRISTMAS,4,1.55,UK,2023-07-23
ORD-03510,CUST-00050,2022-10-08,Delivered,Bank Transfer,Kitchen,LUNCH BAG WITH BLACK CAT,2,1.45,EU,2022-10-08
ORD-03511,CUST-00099,2024-06-23,Delivered,Credit Card,Kitchen,JUMBO SHOPPER VINTAGE RED PAISLEY,2,7.42,UK,2024-06-23
ORD-03512,CUST-00856,2024-09-09,Pending,Apple Pay,Toys,FELTCRAFT GIRL AMELIE KIT,12,10.63,UK,2024-09-09
ORD-03513,CUST-00810,2024-08-16,Pending,Apple Pay,Jewelry,HEART OF WICKER SMALL,1,2.30,UK,2024-08-16
ORD-03514,CUST-00124,2022-11-04,Cancelled,PayPal,Kitchen,LUNCH BAG SUKI DESIGN,48,1.36,UK,2022-11-04
ORD-03515,CUST-00261,2022-04-16,Refunded,Apple Pay,Garden,BIRD HOUSE WOODLAND,4,9.20,UK,2022-04-16
ORD-03516,CUST-00247,2024-03-30,Shipped,PayPal,Kitchen,JUMBO BAG RED RETROSPOT,6,5.13,EU,2024-03-30
ORD-03517,CUST-00895,2024-02-28,Delivered,Apple Pay,Toys,WOODEN HEART CHRISTMAS SCANDI,1,2.18,EU,2024-02-28
ORD-03518,CUST-00879,2022-07-09,Shipped,Bank Transfer,Jewelry,BLACK SKULL GIFT BAG,6,1.73,EU,2022-07-09
ORD-03519,CUST-00994,2024-01-16,Delivered,Credit Card,Bathroom,DOORMAT ENGLAND,3,5.70,UK,2024-01-16
ORD-03520,CUST-00058,2023-10-10,Pending,Debit Card,Toys,WOODEN STAR CHRISTMAS SCANDI,3,2.27,UK,2023-10-10
ORD-03521,CUST-00177,2024-02-08,Delivered,Apple Pay,Garden,GARDEN TOOL SET 3PC,24,12.26,EU,2024-02-08
ORD-03522,CUST-00849,2022-06-19,Delivered,Apple Pay,Home Decor,HAND WARMER UNION JACK FLG,3,3.22,UK,2022-06-19
ORD-03523,CUST-00995,2023-02-20,Delivered,Credit Card,Jewelry,PACK OF 6 SKULL PAPER PLATES,1,1.28,EU,2023-02-20
ORD-03524,CUST-00152,2024-05-13,Shipped,Debit Card,Toys,FELTCRAFT PRINCESS CHARLOTTE DOLL,2,10.50,UK,2024-05-13
ORD-03525,CUST-00849,2022-03-06,Delivered,Bank Transfer,Jewelry,PACK OF 6 SKULL PAPER CUPS,3,1.26,UK,2022-03-06
ORD-03526,CUST-00777,2024-02-26,Delivered,Credit Card,Jewelry,REGENCY TEACUP AND SAUCER,3,4.47,EU,2024-02-26
ORD-03527,CUST-00194,2024-05-01,Delivered,Apple Pay,Clothing,WOOLLY HOPPIE WHITE HEART,48,3.91,UK,2024-05-01
ORD-03528,CUST-00864,2023-05-15,Delivered,Credit Card,Home Decor,HAND WARMER UNION JACK FLG,2,3.88,UK,2023-05-15
ORD-03529,CUST-00541,2024-07-30,Delivered,Bank Transfer,Jewelry,WHITE SKULL GIFT BAG,3,1.62,EU,2024-07-30
ORD-03530,CUST-00770,2024-03-30,Delivered,Credit Card,Jewelry,PACK OF 6 SKULL PAPER PLATES,1,1.14,UK,2024-03-30
ORD-03531,CUST-00585,2023-09-01,Shipped,Bank Transfer,Toys,VINTAGE CHRISTMAS PAPER GIFT BAG,1,1.52,UK,2023-09-01
ORD-03532,CUST-00504,2023-02-24,Cancelled,Debit Card,Clothing,FELTCRAFT DOLL MEGGY,2,9.24,EU,2023-02-24
ORD-03533,CUST-00631,2024-03-28,Shipped,PayPal,Stationery,PAPER CHAIN KIT VINTAGE CHRISTMAS,2,1.68,EU,2024-03-28
ORD-03534,CUST-00832,2023-03-14,Delivered,PayPal,Garden,GARDEN TOOL SET 3PC,2,13.37,UK,2023-03-14
ORD-03535,CUST-00694,2022-06-14,Delivered,Bank Transfer,Bathroom,DOORMAT UNION JACK,1,5.34,EU,2022-06-14
ORD-03536,CUST-00601,2022-01-04,Delivered,Credit Card,Bathroom,DOORMAT UNION JACK,2,5.31,UK,2022-01-04
ORD-03537,CUST-00199,2022-06-02,Pending,Bank Transfer,Bathroom,DOORMAT SPOTTY,2,4.65,UK,2022-06-02
ORD-03538,CUST-00999,2022-08-20,Pending,Debit Card,Home Decor,JUMBO BAG VINTAGE LEAF,2,5.93,EU,2022-08-20
ORD-03539,CUST-00866,2022-09-19,Shipped,PayPal,Clothing,FELTCRAFT PETAL BAG,2,7.05,UK,2022-09-19
ORD-03540,CUST-00976,2024-07-21,Delivered,Credit Card,Stationery,"PAPER CRAFT , BABY BOY",1,2.66,EU,2024-07-21
ORD-03541,CUST-00473,2024-02-18,Pending,Bank Transfer,Clothing,MINI PAINT SET VINTAGE,6,2.88,UK,2024-02-18
ORD-03542,CUST-00233,2022-05-31,Delivered,PayPal,Garden,GARDEN TOOL SET 3PC,1,13.66,UK,2022-05-31
ORD-03543,CUST-00477,2022-05-09,Shipped,Apple Pay,Stationery,PAPER CHAIN KIT 50'S CHRISTMAS,4,1.47,UK,2022-05-09
ORD-03544,CUST-00205,2022-01-26,Pending,PayPal,Toys,WOODEN STAR CHRISTMAS SCANDI,6,2.09,EU,2022-01-26
ORD-03545,CUST-00861,2023-02-22,Delivered,Debit Card,Home Decor,SET OF 3 BUTTERFLY COOKIE CUTTERS,2,2.30,UK,2023-02-22
ORD-03546,CUST-00199,2022-09-22,Pending,Apple Pay,Kitchen,LUNCH BAG WITH BLACK CAT,2,1.41,UK,2022-09-22
ORD-03547,CUST-00967,2024-08-27,Delivered,Debit Card,Garden,PLANT POT HOLDER,4,2.80,UK,2024-08-27
ORD-03548,CUST-00477,2024-04-13,Shipped,Debit Card,Kitchen,LUNCH BAG WITH BLACK CAT,12,1.67,UK,2024-04-13
ORD-03549,CUST-00191,2022-02-06,Shipped,Debit Card,Garden,GARDEN TOOL SET 3PC,6,12.46,UK,2022-02-06
ORD-03550,CUST-00735,2024-01-02,Delivered,Credit Card,Toys,WOODEN STAR CHRISTMAS SCANDI,6,2.18,UK,2024-01-02
ORD-03551,CUST-00557,2022-08-01,Shipped,Credit Card,Clothing,WORLD WAR 2 GLIDERS ASSTD DESIGNS,3,2.78,EU,2022-08-01
ORD-03552,CUST-00210,2022-07-15,Shipped,Debit Card,Clothing,FELTCRAFT PETAL BAG,2,5.83,EU,2022-07-15
ORD-03553,CUST-00700,2024-04-10,Delivered,Apple Pay,Kitchen,LUNCH BAG SUKI DESIGN,3,1.54,EU,2024-04-10
ORD-03554,CUST-00288,2022-03-26,Pending,Bank Transfer,Garden,WATERING CAN PINK,2,6.72,UK,2022-03-26
ORD-03555,CUST-00913,2023-04-21,Shipped,Credit Card,Toys,FELTCRAFT BUTTERFLY PURSE,3,5.38,UK,2023-04-21
ORD-03556,CUST-00607,2023-01-16,Delivered,Credit Card,Toys,FELTCRAFT GIRL AMELIE KIT,6,9.78,EU,2023-01-16
ORD-03557,CUST-00489,2022-01-17,Delivered,Bank Transfer,Stationery,PAPER CHAIN KIT VINTAGE CHRISTMAS,3,1.47,UK,2022-01-17
ORD-03558,CUST-00303,2022-11-06,Delivered,Debit Card,Garden,WATERING CAN PINK,12,5.99,UK,2022-11-06
ORD-03559,CUST-00099,2024-03-21,Shipped,Apple Pay,Garden,WATERING CAN PINK,2,6.60,UK,2024-03-21
ORD-03560,CUST-00685,2022-07-31,Delivered,Bank Transfer,Home Decor,REGENCY CAKESTAND 3 TIER,2,11.59,UK,2022-07-31
ORD-03561,CUST-00203,2023-03-15,Delivered,PayPal,Jewelry,BLACK SKULL GIFT BAG,48,1.73,UK,2023-03-15
ORD-03562,CUST-00632,2023-06-23,Refunded,Debit Card,Home Decor,SET OF 3 BUTTERFLY COOKIE CUTTERS,1,2.32,UK,2023-06-23
ORD-03563,CUST-00651,2023-09-21,Cancelled,Bank Transfer,Jewelry,PACK OF 6 SKULL PAPER CUPS,1,1.35,UK,2023-09-21
ORD-03564,CUST-00936,2023-11-25,Shipped,PayPal,Clothing,WOOLLY HOPPIE WHITE HEART,4,4.35,UK,2023-11-25
ORD-03565,CUST-00024,2023-01-19,Delivered,Bank Transfer,Bathroom,BATH BUILDING BLOCK WORD,1,6.42,UK,2023-01-19
ORD-03566,CUST-00988,2023-11-29,Delivered,Credit Card,Garden,PLANT POT HOLDER,6,3.34,EU,2023-11-29
ORD-03567,CUST-00131,2024-06-16,Cancelled,Apple Pay,Garden,GARDEN TOOL SET 3PC,1,13.35,UK,2024-06-16
ORD-03568,CUST-00415,2023-10-24,Delivered,PayPal,Jewelry,WHITE SKULL GIFT BAG,4,1.32,EU,2023-10-24
ORD-03569,CUST-00507,2024-04-28,Delivered,Apple Pay,Stationery,PAPER CHAIN KIT VINTAGE CHRISTMAS,2,1.68,EU,2024-04-28
ORD-03570,CUST-00439,2024-01-12,Delivered,Credit Card,Bathroom,BATH BUILDING BLOCK WORD,1,6.40,UK,2024-01-12
ORD-03571,CUST-00237,2024-05-27,Delivered,Debit Card,Toys,FELTCRAFT GIRL AMELIE KIT,2,8.89,UK,2024-05-27
ORD-03572,CUST-00157,2023-02-15,Shipped,Bank Transfer,Kitchen,LUNCH BAG RED RETROSPOT,2,1.55,UK,2023-02-15
ORD-03573,CUST-00303,2022-08-22,Delivered,PayPal,Home Decor,SET OF 3 BUTTERFLY COOKIE CUTTERS,3,2.33,UK,2022-08-22
ORD-03574,CUST-00630,2022-07-25,Delivered,PayPal,Garden,GARDEN TOOL SET 3PC,24,12.78,EU,2022-07-25
ORD-03575,CUST-00329,2024-03-08,Delivered,PayPal,Clothing,FELTCRAFT PETAL BAG,1,6.00,UK,2024-03-08
ORD-03576,CUST-00204,2022-08-11,Pending,Debit Card,Kitchen,JUMBO BAG STRAWBERRY,2,5.22,UK,2022-08-11
ORD-03577,CUST-00757,2024-04-06,Cancelled,Debit Card,Kitchen,JUMBO SHOPPER VINTAGE RED PAISLEY,1,6.56,EU,2024-04-06
ORD-03578,CUST-00390,2024-09-23,Shipped,Bank Transfer,Jewelry,REGENCY TEACUP AND SAUCER,2,4.14,EU,2024-09-23
ORD-03579,CUST-00673,2022-07-10,Shipped,Debit Card,Stationery,GREETING CARD SAFARI,1,1.39,EU,2022-07-10
ORD-03580,CUST-00292,2023-09-05,Refunded,Bank Transfer,Toys,VINTAGE CHRISTMAS PAPER GIFT BAG,2,1.55,EU,2023-09-05
ORD-03581,CUST-00684,2022-05-07,Pending,Credit Card,Stationery,PAPER CHAIN KIT 50'S CHRISTMAS,1,1.35,EU,2022-05-07
ORD-03582,CUST-00310,2024-09-20,Delivered,Bank Transfer,Toys,FELTCRAFT BUTTERFLY PURSE,3,6.06,EU,2024-09-20
ORD-03583,CUST-00213,2024-08-04,Delivered,Apple Pay,Clothing,FELTCRAFT PETAL BAG,1,5.91,UK,2024-08-04
ORD-03584,CUST-00908,2023-04-26,Delivered,Apple Pay,Jewelry,PACK OF 6 SKULL PAPER CUPS,3,1.20,EU,2023-04-26
ORD-03585,CUST-00372,2023-03-18,Delivered,Apple Pay,Jewelry,WHITE SKULL GIFT BAG,24,1.34,EU,2023-03-18
ORD-03586,CUST-00687,2024-07-29,Delivered,PayPal,Home Decor,HAND WARMER UNION JACK FLG,3,3.56,EU,2024-07-29
ORD-03587,CUST-00654,2024-02-09,Delivered,Debit Card,Toys,FELTCRAFT BUTTERFLY PURSE,1,5.86,EU,2024-02-09
ORD-03588,CUST-00733,2024-05-05,Shipped,Bank Transfer,Bathroom,DOORMAT UNION JACK,2,5.88,EU,2024-05-05
ORD-03589,CUST-00812,2023-07-07,Delivered,Apple Pay,Home Decor,SET OF 3 BUTTERFLY COOKIE CUTTERS,4,2.32,UK,2023-07-07
ORD-03590,CUST-00904,2024-08-25,Delivered,Debit Card,Kitchen,JUMBO BAG RED RETROSPOT,4,5.62,EU,2024-08-25
ORD-03591,CUST-00514,2023-03-24,Shipped,Credit Card,Jewelry,PACK OF 6 SKULL PAPER CUPS,1,1.25,EU,2023-03-24
ORD-03592,CUST-00567,2022-11-07,Delivered,Bank Transfer,Home Decor,ROSES REGENCY TEACUP AND SAUCER,2,4.27,UK,2022-11-07
ORD-03593,CUST-00093,2023-05-30,Shipped,Bank Transfer,Jewelry,PACK OF 6 SKULL PAPER PLATES,3,1.41,EU,2023-05-30
ORD-03594,CUST-00281,2023-09-13,Delivered,Apple Pay,Bathroom,BATH BUILDING BLOCK WORD,6,5.99,EU,2023-09-13
ORD-03595,CUST-00327,2022-06-11,Delivered,Credit Card,Jewelry,HEART OF WICKER LARGE,1,4.52,UK,2022-06-11
ORD-03596,CUST-00154,2023-10-23,Delivered,Bank Transfer,Bathroom,BATH BUILDING BLOCK WORD,1,6.89,EU,2023-10-23
ORD-03597,CUST-00288,2022-06-19,Shipped,Debit Card,Stationery,PAPER CHAIN KIT 50'S CHRISTMAS,6,1.72,UK,2022-06-19
ORD-03598,CUST-00306,2023-09-02,Shipped,Credit Card,Home Decor,SET OF 6 SKULLS GIFT BAGS,2,1.32,EU,2023-09-02
ORD-03599,CUST-00192,2024-04-22,Shipped,Bank Transfer,Kitchen,LUNCH BAG RED RETROSPOT,4,1.47,EU,2024-04-22
ORD-03600,CUST-00066,2022-12-05,Delivered,Bank Transfer,Home Decor,WHITE HANGING HEART T-LIGHT HOLDER,3,2.69,UK,2022-12-05
ORD-03601,CUST-00637,2022-11-03,Delivered,Credit Card,Bathroom,DOORMAT ENGLAND,2,4.46,UK,2022-11-03
ORD-03602,CUST-00218,2023-04-16,Delivered,Apple Pay,Toys,WOODEN STAR CHRISTMAS SCANDI,2,2.01,UK,2023-04-16
ORD-03603,CUST-00126,2022-03-25,Shipped,Credit Card,Jewelry,REGENCY TEACUP AND SAUCER,4,3.47,EU,2022-03-25
ORD-03604,CUST-00832,2024-01-15,Delivered,Bank Transfer,Garden,GARDEN TOOL SET 3PC,1,14.59,UK,2024-01-15
ORD-03605,CUST-00716,2023-02-23,Delivered,Credit Card,Garden,GARDENERS KNEELER DESK,48,8.47,UK,2023-02-23
ORD-03606,CUST-00654,2024-03-17,Delivered,Credit Card,Jewelry,PACK OF 6 SKULL PAPER CUPS,24,1.14,EU,2024-03-17
ORD-03607,CUST-00322,2023-01-17,Pending,Apple Pay,Toys,FELTCRAFT GIRL AMELIE KIT,3,8.63,EU,2023-01-17
ORD-03608,CUST-00426,2022-04-13,Delivered,Apple Pay,Clothing,FELTCRAFT CUSHION FLOWER,4,10.15,UK,2022-04-13
ORD-03609,CUST-00322,2022-01-27,Shipped,PayPal,Garden,GARDENERS KNEELER DESK,4,8.98,EU,2022-01-27
ORD-03610,CUST-00805,2022-04-19,Refunded,Credit Card,Toys,WOODEN STAR CHRISTMAS SCANDI,1,2.06,EU,2022-04-19
ORD-03611,CUST-00071,2024-05-26,Delivered,Apple Pay,Home Decor,JUMBO BAG VINTAGE LEAF,12,5.66,EU,2024-05-26
ORD-03612,CUST-00095,2024-07-25,Delivered,Credit Card,Garden,WATERING CAN PINK,3,6.04,UK,2024-07-25
ORD-03613,CUST-00613,2022-04-29,Shipped,Bank Transfer,Bathroom,DOORMAT ENGLAND,3,5.60,UK,2022-04-29
ORD-03614,CUST-00641,2022-12-11,Pending,Credit Card,Clothing,FELTCRAFT DOLL MEGGY,2,10.41,UK,2022-12-11
ORD-03615,CUST-00688,2024-08-08,Delivered,Apple Pay,Clothing,FELTCRAFT PETAL BAG,6,5.75,UK,2024-08-08
ORD-03616,CUST-00449,2023-05-20,Pending,Credit Card,Kitchen,JUMBO SHOPPER VINTAGE RED PAISLEY,3,7.91,EU,2023-05-20
ORD-03617,CUST-00550,2022-06-01,Delivered,Debit Card,Home Decor,WHITE HANGING HEART T-LIGHT HOLDER,3,3.20,UK,2022-06-01
ORD-03618,CUST-00725,2024-05-20,Delivered,PayPal,Home Decor,REGENCY CAKESTAND 3 TIER,6,15.10,UK,2024-05-20
ORD-03619,CUST-00018,2023-09-07,Delivered,Debit Card,Toys,WOODEN HEART CHRISTMAS SCANDI,24,2.17,UK,2023-09-07
ORD-03620,CUST-00986,2022-03-18,Delivered,PayPal,Jewelry,PACK OF 6 SKULL PAPER PLATES,1,1.43,UK,2022-03-18
ORD-03621,CUST-00591,2023-07-31,Delivered,PayPal,Garden,PLANT POT HOLDER,1,2.77,EU,2023-07-31
ORD-03622,CUST-00043,2022-08-07,Delivered,Credit Card,Jewelry,REGENCY TEACUP AND SAUCER,1,4.49,EU,2022-08-07
ORD-03623,CUST-00959,2022-12-24,Shipped,Bank Transfer,Toys,WOODEN STAR CHRISTMAS SCANDI,2,2.06,EU,2022-12-24
ORD-03624,CUST-00262,2022-03-11,Delivered,Debit Card,Toys,FELTCRAFT PRINCESS CHARLOTTE DOLL,1,9.13,EU,2022-03-11
ORD-03625,CUST-00927,2024-01-09,Pending,Debit Card,Stationery,PAPER CHAIN KIT VINTAGE CHRISTMAS,6,1.63,UK,2024-01-09
ORD-03626,CUST-00939,2024-04-30,Shipped,Credit Card,Kitchen,JUMBO BAG RED RETROSPOT,48,5.33,UK,2024-04-30
ORD-03627,CUST-00440,2022-04-23,Pending,Bank Transfer,Garden,GARDENERS KNEELER DESK,2,7.38,UK,2022-04-23
ORD-03628,CUST-00050,2022-05-05,Delivered,Debit Card,Jewelry,BLACK SKULL GIFT BAG,1,1.34,EU,2022-05-05
ORD-03629,CUST-00885,2024-06-14,Delivered,Apple Pay,Jewelry,REGENCY TEACUP AND SAUCER,4,4.25,EU,2024-06-14
ORD-03630,CUST-00949,2023-01-01,Delivered,Apple Pay,Home Decor,SET OF 6 SKULLS GIFT BAGS,1,1.19,EU,2023-01-01
ORD-03631,CUST-00788,2022-03-02,Delivered,Debit Card,Toys,WOODEN HEART CHRISTMAS SCANDI,3,2.29,UK,2022-03-02
ORD-03632,CUST-00227,2022-12-16,Delivered,Apple Pay,Kitchen,LUNCH BAG SUKI DESIGN,6,1.66,UK,2022-12-16
ORD-03633,CUST-00674,2024-05-16,Delivered,Credit Card,Clothing,WORLD WAR 2 GLIDERS ASSTD DESIGNS,3,3.19,EU,2024-05-16
ORD-03634,CUST-00903,2023-08-08,Delivered,Apple Pay,Jewelry,PACK OF 6 SKULL PAPER PLATES,4,1.36,UK,2023-08-08
ORD-03635,CUST-00050,2022-04-02,Pending,Credit Card,Bathroom,DOORMAT ENGLAND,2,4.97,EU,2022-04-02
ORD-03636,CUST-00863,2022-05-06,Delivered,PayPal,Home Decor,SET OF 3 BUTTERFLY COOKIE CUTTERS,6,1.76,EU,2022-05-06
ORD-03637,CUST-00795,2024-02-27,Pending,PayPal,Kitchen,LUNCH BAG RED RETROSPOT,24,1.69,EU,2024-02-27
ORD-03638,CUST-00766,2023-12-20,Pending,Apple Pay,Stationery,PAPER CHAIN KIT VINTAGE CHRISTMAS,12,1.69,UK,2023-12-20
ORD-03639,CUST-00512,2023-07-20,Delivered,PayPal,Kitchen,LUNCH BAG RED RETROSPOT,1,1.65,EU,2023-07-20
ORD-03640,CUST-00436,2024-06-15,Shipped,Bank Transfer,Jewelry,PACK OF 6 SKULL PAPER CUPS,2,1.23,EU,2024-06-15
ORD-03641,CUST-00012,2022-12-07,Delivered,Apple Pay,Jewelry,PACK OF 6 SKULL PAPER PLATES,4,1.44,UK,2022-12-07
ORD-03642,CUST-00036,2023-04-13,Shipped,Bank Transfer,Stationery,PAPER CHAIN KIT VINTAGE CHRISTMAS,6,1.61,UK,2023-04-13
ORD-03643,CUST-00443,2023-10-15,Delivered,PayPal,Jewelry,HEART OF WICKER SMALL,3,2.16,EU,2023-10-15
ORD-03644,CUST-00586,2023-09-15,Refunded,Credit Card,Jewelry,BLACK SKULL GIFT BAG,1,1.42,EU,2023-09-15
ORD-03645,CUST-00313,2022-10-25,Delivered,Bank Transfer,Kitchen,LUNCH BOX WITH CUTLERY,4,4.12,EU,2022-10-25
ORD-03646,CUST-00953,2022-11-20,Delivered,Apple Pay,Jewelry,BLACK SKULL GIFT BAG,2,1.49,UK,2022-11-20
ORD-03647,CUST-00295,2022-03-29,Delivered,PayPal,Stationery,GREETING CARD SAFARI,2,1.27,UK,2022-03-29
ORD-03648,CUST-00200,2024-09-17,Shipped,Debit Card,Home Decor,HAND WARMER RED POLKA DOT,1,4.01,UK,2024-09-17
ORD-03649,CUST-00538,2022-10-28,Delivered,Bank Transfer,Jewelry,WHITE SKULL GIFT BAG,2,1.51,UK,2022-10-28
ORD-03650,CUST-00912,2022-05-18,Refunded,Bank Transfer,Toys,FELTCRAFT GIRL AMELIE KIT,2,10.49,UK,2022-05-18
ORD-03651,CUST-00133,2022-03-28,Pending,Bank Transfer,Jewelry,HEART OF WICKER SMALL,6,2.32,UK,2022-03-28
ORD-03652,CUST-00397,2023-03-22,Pending,Debit Card,Kitchen,LUNCH BAG WITH BLACK CAT,6,1.54,EU,2023-03-22
ORD-03653,CUST-00316,2024-08-21,Delivered,Apple Pay,Jewelry,HEART OF WICKER SMALL,3,1.91,EU,2024-08-21
ORD-03654,CUST-00609,2023-05-10,Delivered,Credit Card,Jewelry,WHITE SKULL GIFT BAG,48,1.60,UK,2023-05-10
ORD-03655,CUST-00406,2024-02-03,Delivered,PayPal,Garden,WATERING CAN PINK,2,6.85,EU,2024-02-03
ORD-03656,CUST-00046,2024-08-15,Delivered,Debit Card,Home Decor,REGENCY CAKESTAND 3 TIER,1,12.87,UK,2024-08-15
ORD-03657,CUST-00212,2022-06-01,Shipped,Debit Card,Kitchen,JUMBO SHOPPER VINTAGE RED PAISLEY,4,6.56,UK,2022-06-01
ORD-03658,CUST-00349,2024-05-01,Pending,Apple Pay,Kitchen,LUNCH BOX WITH CUTLERY,2,4.21,EU,2024-05-01
ORD-03659,CUST-00329,2022-11-13,Delivered,Credit Card,Clothing,FELTCRAFT PETAL BAG,12,6.85,UK,2022-11-13
ORD-03660,CUST-00464,2022-02-27,Shipped,Debit Card,Home Decor,JUMBO BAG VINTAGE LEAF,1,5.87,EU,2022-02-27
ORD-03661,CUST-00009,2022-08-22,Shipped,Credit Card,Jewelry,WHITE SKULL GIFT BAG,2,1.62,EU,2022-08-22
ORD-03662,CUST-00193,2024-07-29,Delivered,PayPal,Clothing,FELTCRAFT DOLL MEGGY,1,8.79,EU,2024-07-29
ORD-03663,CUST-00628,2022-09-06,Pending,Credit Card,Jewelry,HEART OF WICKER LARGE,1,5.44,EU,2022-09-06
ORD-03664,CUST-00007,2024-06-18,Delivered,PayPal,Jewelry,HEART OF WICKER SMALL,1,1.84,UK,2024-06-18
ORD-03665,CUST-00911,2024-04-13,Shipped,Credit Card,Clothing,FELTCRAFT PETAL BAG,1,5.55,EU,2024-04-13
ORD-03666,CUST-00288,2024-03-19,Delivered,Debit Card,Home Decor,HAND WARMER UNION JACK FLG,6,3.60,UK,2024-03-19
ORD-03667,CUST-00272,2023-11-29,Delivered,Bank Transfer,Clothing,WORLD WAR 2 GLIDERS ASSTD DESIGNS,24,3.41,UK,2023-11-29
ORD-03668,CUST-00897,2023-12-07,Delivered,Credit Card,Toys,WOODEN STAR CHRISTMAS SCANDI,3,2.07,UK,2023-12-07
ORD-03669,CUST-00775,2024-08-10,Delivered,Debit Card,Kitchen,LUNCH BOX WITH CUTLERY,1,3.50,UK,2024-08-10
ORD-03670,CUST-00095,2024-06-05,Delivered,Apple Pay,Home Decor,SET OF 3 BUTTERFLY COOKIE CUTTERS,2,2.31,UK,2024-06-05
ORD-03671,CUST-00083,2022-02-13,Delivered,Apple Pay,Toys,VINTAGE CHRISTMAS PAPER GIFT BAG,1,1.31,UK,2022-02-13
ORD-03672,CUST-00393,2023-02-23,Shipped,Bank Transfer,Kitchen,LUNCH BOX WITH CUTLERY,12,3.56,EU,2023-02-23
ORD-03673,CUST-00532,2022-08-11,Delivered,PayPal,Jewelry,HEART OF WICKER LARGE,6,5.10,EU,2022-08-11
ORD-03674,CUST-00517,2024-08-24,Delivered,Debit Card,Toys,WOODEN STAR CHRISTMAS SCANDI,2,1.92,EU,2024-08-24
ORD-03675,CUST-00428,2023-06-20,Refunded,Debit Card,Home Decor,SET OF 3 BUTTERFLY COOKIE CUTTERS,6,1.93,UK,2023-06-20
ORD-03676,CUST-00201,2023-10-04,Pending,PayPal,Clothing,FELTCRAFT PETAL BAG,6,6.24,UK,2023-10-04
ORD-03677,CUST-00303,2022-07-27,Shipped,Credit Card,Clothing,FELTCRAFT PETAL BAG,1,6.50,UK,2022-07-27
ORD-03678,CUST-00921,2024-02-15,Shipped,Credit Card,Stationery,GREETING CARD SAFARI,48,1.38,UK,2024-02-15
ORD-03679,CUST-00340,2023-01-10,Shipped,Apple Pay,Home Decor,HAND WARMER RED POLKA DOT,48,3.31,UK,2023-01-10
ORD-03680,CUST-00192,2022-09-26,Delivered,Bank Transfer,Toys,VINTAGE CHRISTMAS PAPER GIFT BAG,48,1.37,EU,2022-09-26
ORD-03681,CUST-00446,2023-06-30,Pending,Apple Pay,Garden,BIRD HOUSE WOODLAND,24,11.07,EU,2023-06-30
ORD-03682,CUST-00994,2024-04-27,Delivered,Credit Card,Toys,WOODEN HEART CHRISTMAS SCANDI,1,2.17,UK,2024-04-27
ORD-03683,CUST-00741,2022-11-17,Shipped,Debit Card,Jewelry,REGENCY TEACUP AND SAUCER,1,4.08,EU,2022-11-17
ORD-03684,CUST-00734,2022-04-16,Shipped,Debit Card,Garden,BIRD HOUSE WOODLAND,3,10.76,UK,2022-04-16
ORD-03685,CUST-00406,2023-05-08,Delivered,Credit Card,Kitchen,LUNCH BAG WITH BLACK CAT,1,1.59,EU,2023-05-08
ORD-03686,CUST-00264,2022-05-05,Pending,Bank Transfer,Bathroom,BATH BOMB FIZZER SHEA BUTTER,1,1.58,UK,2022-05-05
ORD-03687,CUST-00084,2023-08-29,Delivered,Apple Pay,Bathroom,DOORMAT UNION JACK,24,4.98,EU,2023-08-29
ORD-03688,CUST-00392,2022-10-05,Cancelled,Debit Card,Bathroom,DOORMAT SPOTTY,2,5.14,UK,2022-10-05
ORD-03689,CUST-00071,2022-04-10,Delivered,PayPal,Jewelry,HEART OF WICKER SMALL,6,2.25,EU,2022-04-10
ORD-03690,CUST-00233,2024-03-15,Delivered,Bank Transfer,Home Decor,SET OF 6 SKULLS GIFT BAGS,6,1.46,UK,2024-03-15
ORD-03691,CUST-00169,2022-01-30,Pending,Credit Card,Jewelry,HEART OF WICKER LARGE,2,5.37,UK,2022-01-30
ORD-03692,CUST-00765,2022-10-29,Shipped,Apple Pay,Home Decor,SET OF 3 BUTTERFLY COOKIE CUTTERS,6,1.93,UK,2022-10-29
ORD-03693,CUST-00509,2022-12-31,Delivered,Bank Transfer,Garden,WATERING CAN PINK,4,6.32,EU,2022-12-31
ORD-03694,CUST-00642,2022-04-05,Delivered,Bank Transfer,Kitchen,JUMBO BAG STRAWBERRY,4,5.23,EU,2022-04-05
ORD-03695,CUST-00525,2024-08-10,Delivered,Debit Card,Stationery,PAPER CHAIN KIT 50'S CHRISTMAS,1,1.61,EU,2024-08-10
ORD-03696,CUST-00119,2023-09-14,Shipped,Bank Transfer,Garden,WATERING CAN PINK,3,5.63,EU,2023-09-14
ORD-03697,CUST-00448,2022-10-23,Delivered,Credit Card,Home Decor,SET OF 6 SKULLS GIFT BAGS,3,1.31,EU,2022-10-23
ORD-03698,CUST-00976,2022-07-10,Shipped,Apple Pay,Home Decor,SET OF 3 BUTTERFLY COOKIE CUTTERS,1,1.85,EU,2022-07-10
ORD-03699,CUST-00330,2023-03-26,Pending,Bank Transfer,Bathroom,BATH BOMB FIZZER SHEA BUTTER,3,1.71,UK,2023-03-26
ORD-03700,CUST-00212,2024-08-22,Delivered,Apple Pay,Clothing,WOOLLY HOPPIE WHITE HEART,1,3.73,UK,2024-08-22
ORD-03701,CUST-00224,2023-04-28,Delivered,Bank Transfer,Stationery,PAPER CHAIN KIT 50'S CHRISTMAS,3,1.44,EU,2023-04-28
ORD-03702,CUST-00262,2023-01-30,Delivered,PayPal,Home Decor,WHITE HANGING HEART T-LIGHT HOLDER,2,2.85,EU,2023-01-30
ORD-03703,CUST-00412,2023-01-22,Refunded,Debit Card,Home Decor,WHITE HANGING HEART T-LIGHT HOLDER,1,3.51,EU,2023-01-22
ORD-03704,CUST-00166,2024-09-17,Shipped,Apple Pay,Toys,FELTCRAFT BUTTERFLY PURSE,12,5.57,EU,2024-09-17
ORD-03705,CUST-00131,2024-05-29,Delivered,Bank Transfer,Kitchen,LUNCH BAG SUKI DESIGN,3,1.71,UK,2024-05-29
ORD-03706,CUST-00886,2022-09-25,Delivered,Debit Card,Toys,FELTCRAFT PRINCESS CHARLOTTE DOLL,1,9.55,UK,2022-09-25
ORD-03707,CUST-00437,2022-07-30,Shipped,Credit Card,Bathroom,BATH BOMB FIZZER SHEA BUTTER,4,1.40,UK,2022-07-30
ORD-03708,CUST-00929,2023-08-24,Refunded,Bank Transfer,Bathroom,DOORMAT SPOTTY,4,4.99,UK,2023-08-24
ORD-03709,CUST-00584,2023-02-16,Delivered,Bank Transfer,Home Decor,REGENCY CAKESTAND 3 TIER,4,11.62,UK,2023-02-16
ORD-03710,CUST-00034,2022-04-07,Shipped,PayPal,Bathroom,DOORMAT UNION JACK,3,5.92,EU,2022-04-07
ORD-03711,CUST-00670,2024-04-10,Delivered,Apple Pay,Bathroom,BATH BOMB FIZZER SHEA BUTTER,1,1.45,EU,2024-04-10
ORD-03712,CUST-00900,2023-11-05,Shipped,Bank Transfer,Toys,FELTCRAFT BUTTERFLY PURSE,1,7.08,UK,2023-11-05
ORD-03713,CUST-00360,2022-05-02,Pending,Bank Transfer,Kitchen,LUNCH BAG RED RETROSPOT,1,1.42,UK,2022-05-02
ORD-03714,CUST-00768,2023-05-01,Delivered,Credit Card,Bathroom,BATH BUILDING BLOCK WORD,2,6.57,UK,2023-05-01
ORD-03715,CUST-00315,2024-03-19,Shipped,Apple Pay,Toys,FELTCRAFT BUTTERFLY PURSE,4,7.03,EU,2024-03-19
ORD-03716,CUST-00098,2023-08-17,Shipped,PayPal,Kitchen,JUMBO SHOPPER VINTAGE RED PAISLEY,4,7.77,EU,2023-08-17
ORD-03717,CUST-00756,2023-08-10,Cancelled,Debit Card,Toys,FELTCRAFT BUTTERFLY PURSE,6,6.62,UK,2023-08-10
ORD-03718,CUST-00076,2022-07-22,Cancelled,Debit Card,Jewelry,HEART OF WICKER LARGE,1,5.31,UK,2022-07-22
ORD-03719,CUST-00782,2022-12-11,Delivered,Debit Card,Stationery,PAPER CHAIN KIT VINTAGE CHRISTMAS,1,1.60,EU,2022-12-11
ORD-03720,CUST-00501,2023-05-03,Delivered,Apple Pay,Stationery,PAPER CHAIN KIT 50'S CHRISTMAS,2,1.53,UK,2023-05-03
ORD-03721,CUST-00215,2022-08-02,Delivered,PayPal,Garden,WATERING CAN PINK,6,6.11,UK,2022-08-02
ORD-03722,CUST-00092,2023-08-22,Shipped,Apple Pay,Toys,WOODEN HEART CHRISTMAS SCANDI,1,2.10,UK,2023-08-22
ORD-03723,CUST-00025,2022-07-03,Delivered,Bank Transfer,Toys,FELTCRAFT BUTTERFLY PURSE,4,6.78,EU,2022-07-03
ORD-03724,CUST-00876,2022-01-14,Delivered,Bank Transfer,Kitchen,LUNCH BAG WITH BLACK CAT,1,1.57,EU,2022-01-14
ORD-03725,CUST-00870,2022-02-03,Pending,Credit Card,Stationery,PAPER CHAIN KIT 50'S CHRISTMAS,1,1.68,UK,2022-02-03
ORD-03726,CUST-00230,2024-09-17,Pending,PayPal,Jewelry,HEART OF WICKER LARGE,1,4.91,UK,2024-09-17
ORD-03727,CUST-00188,2023-05-27,Delivered,Credit Card,Clothing,FELTCRAFT PETAL BAG,1,7.09,UK,2023-05-27
ORD-03728,CUST-00268,2024-06-03,Delivered,Bank Transfer,Jewelry,PACK OF 6 SKULL PAPER PLATES,3,1.16,EU,2024-06-03
ORD-03729,CUST-00100,2022-09-14,Delivered,Apple Pay,Garden,BIRD HOUSE WOODLAND,6,11.66,EU,2022-09-14
ORD-03730,CUST-00019,2023-11-06,Delivered,Credit Card,Bathroom,DOORMAT SPOTTY,12,5.91,UK,2023-11-06
ORD-03731,CUST-00351,2022-01-28,Shipped,Apple Pay,Toys,WOODEN STAR CHRISTMAS SCANDI,1,2.14,EU,2022-01-28
ORD-03732,CUST-00962,2023-02-01,Delivered,Credit Card,Jewelry,PACK OF 6 SKULL PAPER CUPS,2,1.37,EU,2023-02-01
ORD-03733,CUST-00599,2022-07-05,Delivered,Bank Transfer,Clothing,WOOLLY HOPPIE WHITE HEART,2,3.43,EU,2022-07-05
ORD-03734,CUST-00186,2022-02-28,Shipped,Bank Transfer,Stationery,"PAPER CRAFT , BABY GIRL",2,3.25,EU,2022-02-28
ORD-03735,CUST-00582,2022-10-01,Cancelled,Apple Pay,Jewelry,PACK OF 6 SKULL PAPER CUPS,2,1.18,UK,2022-10-01
ORD-03736,CUST-00481,2023-01-08,Shipped,Bank Transfer,Kitchen,LUNCH BAG RED RETROSPOT,4,1.63,EU,2023-01-08
ORD-03737,CUST-00633,2023-04-24,Pending,Credit Card,Home Decor,ROSES REGENCY TEACUP AND SAUCER,1,4.36,EU,2023-04-24
ORD-03738,CUST-00698,2024-05-03,Refunded,Bank Transfer,Garden,GARDEN TOOL SET 3PC,2,14.06,EU,2024-05-03
ORD-03739,CUST-00211,2024-05-20,Delivered,Apple Pay,Jewelry,WHITE SKULL GIFT BAG,6,1.62,EU,2024-05-20
ORD-03740,CUST-00435,2023-12-06,Delivered,Apple Pay,Toys,VINTAGE CHRISTMAS PAPER GIFT BAG,2,1.53,UK,2023-12-06
ORD-03741,CUST-00431,2023-06-21,Shipped,Apple Pay,Clothing,MINI PAINT SET VINTAGE,1,3.48,EU,2023-06-21
ORD-03742,CUST-00486,2024-09-18,Delivered,Apple Pay,Home Decor,ROSES REGENCY TEACUP AND SAUCER,24,3.94,UK,2024-09-18
ORD-03743,CUST-00301,2024-05-25,Delivered,PayPal,Home Decor,SET OF 3 BUTTERFLY COOKIE CUTTERS,24,2.29,EU,2024-05-25
ORD-03744,CUST-00905,2022-06-03,Delivered,Bank Transfer,Toys,WOODEN HEART CHRISTMAS SCANDI,1,1.98,UK,2022-06-03
ORD-03745,CUST-00674,2022-12-26,Delivered,PayPal,Stationery,"PAPER CRAFT , BABY GIRL",12,3.33,EU,2022-12-26
ORD-03746,CUST-00754,2023-02-01,Shipped,PayPal,Garden,GARDEN TOOL SET 3PC,3,14.20,UK,2023-02-01
ORD-03747,CUST-00839,2024-02-02,Pending,PayPal,Jewelry,PACK OF 6 SKULL PAPER PLATES,3,1.49,EU,2024-02-02
ORD-03748,CUST-00863,2024-05-24,Delivered,PayPal,Jewelry,WHITE SKULL GIFT BAG,6,1.41,EU,2024-05-24
ORD-03749,CUST-00885,2022-05-13,Shipped,PayPal,Garden,GARDENERS KNEELER DESK,3,8.86,EU,2022-05-13
ORD-03750,CUST-00248,2022-01-06,Delivered,PayPal,Stationery,"PAPER CRAFT , BABY BOY",2,3.19,UK,2022-01-06
ORD-03751,CUST-00696,2024-06-18,Shipped,Apple Pay,Clothing,FELTCRAFT PETAL BAG,3,6.07,UK,2024-06-18
ORD-03752,CUST-00265,2024-04-04,Delivered,PayPal,Garden,GARDEN TOOL SET 3PC,12,12.58,EU,2024-04-04
ORD-03753,CUST-00568,2022-01-08,Shipped,Apple Pay,Home Decor,HAND WARMER RED POLKA DOT,6,3.54,EU,2022-01-08
ORD-03754,CUST-00222,2023-02-17,Delivered,Debit Card,Home Decor,ROSES REGENCY TEACUP AND SAUCER,4,3.79,EU,2023-02-17
ORD-03755,CUST-00739,2023-01-24,Shipped,Apple Pay,Jewelry,HEART OF WICKER SMALL,1,1.99,UK,2023-01-24
ORD-03756,CUST-00044,2022-01-30,Delivered,Bank Transfer,Clothing,WORLD WAR 2 GLIDERS ASSTD DESIGNS,24,3.37,UK,2022-01-30
ORD-03757,CUST-00215,2022-03-31,Shipped,Bank Transfer,Kitchen,JUMBO BAG RED RETROSPOT,48,5.76,UK,2022-03-31
ORD-03758,CUST-00224,2024-05-08,Pending,Credit Card,Home Decor,JUMBO BAG VINTAGE LEAF,6,5.50,EU,2024-05-08
ORD-03759,CUST-00047,2023-06-13,Shipped,Apple Pay,Clothing,FELTCRAFT PETAL BAG,12,6.08,UK,2023-06-13
ORD-03760,CUST-00463,2024-07-01,Shipped,Bank Transfer,Jewelry,WHITE SKULL GIFT BAG,3,1.39,UK,2024-07-01
ORD-03761,CUST-00479,2024-03-18,Refunded,Bank Transfer,Bathroom,DOORMAT UNION JACK,3,4.85,EU,2024-03-18
ORD-03762,CUST-00885,2024-05-21,Delivered,Debit Card,Stationery,"PAPER CRAFT , BABY GIRL",4,2.87,EU,2024-05-21
ORD-03763,CUST-00926,2023-09-27,Delivered,Credit Card,Toys,WOODEN HEART CHRISTMAS SCANDI,1,2.21,UK,2023-09-27
ORD-03764,CUST-00344,2024-09-04,Delivered,PayPal,Jewelry,HEART OF WICKER SMALL,1,1.79,EU,2024-09-04
ORD-03765,CUST-00838,2022-07-03,Delivered,Bank Transfer,Kitchen,JUMBO BAG STRAWBERRY,1,4.59,EU,2022-07-03
ORD-03766,CUST-00046,2024-06-13,Delivered,Credit Card,Toys,WOODEN STAR CHRISTMAS SCANDI,6,1.82,UK,2024-06-13
ORD-03767,CUST-00402,2024-06-21,Delivered,Apple Pay,Bathroom,DOORMAT SPOTTY,48,4.84,UK,2024-06-21
ORD-03768,CUST-00650,2022-08-30,Delivered,Credit Card,Toys,WOODEN STAR CHRISTMAS SCANDI,1,1.87,EU,2022-08-30
ORD-03769,CUST-00438,2022-11-26,Delivered,PayPal,Kitchen,JUMBO SHOPPER VINTAGE RED PAISLEY,1,6.70,UK,2022-11-26
ORD-03770,CUST-00277,2022-08-04,Delivered,Credit Card,Clothing,FELTCRAFT CUSHION FLOWER,24,10.53,UK,2022-08-04
ORD-03771,CUST-00969,2023-12-04,Shipped,Credit Card,Garden,PLANT POT HOLDER,4,3.34,UK,2023-12-04
ORD-03772,CUST-00191,2024-05-31,Delivered,PayPal,Clothing,MINI PAINT SET VINTAGE,2,3.30,UK,2024-05-31
ORD-03773,CUST-00444,2023-10-14,Delivered,Apple Pay,Clothing,MINI PAINT SET VINTAGE,2,3.08,EU,2023-10-14
ORD-03774,CUST-00697,2022-09-02,Delivered,Bank Transfer,Kitchen,LUNCH BAG SUKI DESIGN,24,1.57,UK,2022-09-02
ORD-03775,CUST-00945,2022-05-11,Shipped,Bank Transfer,Kitchen,LUNCH BAG RED RETROSPOT,12,1.55,EU,2022-05-11
ORD-03776,CUST-00260,2024-09-15,Shipped,Credit Card,Garden,WATERING CAN PINK,3,6.41,EU,2024-09-15
ORD-03777,CUST-00717,2022-09-12,Delivered,Apple Pay,Clothing,FELTCRAFT PETAL BAG,48,6.98,UK,2022-09-12
ORD-03778,CUST-00457,2024-03-08,Refunded,Bank Transfer,Home Decor,WHITE HANGING HEART T-LIGHT HOLDER,2,3.27,EU,2024-03-08
ORD-03779,CUST-00593,2024-02-11,Delivered,PayPal,Kitchen,JUMBO BAG STRAWBERRY,6,5.39,UK,2024-02-11
ORD-03780,CUST-00122,2023-05-23,Pending,Bank Transfer,Home Decor,HAND WARMER UNION JACK FLG,6,3.32,EU,2023-05-23
ORD-03781,CUST-00541,2022-11-05,Delivered,PayPal,Home Decor,SET OF 3 BUTTERFLY COOKIE CUTTERS,6,2.15,EU,2022-11-05
ORD-03782,CUST-00525,2023-06-14,Delivered,PayPal,Home Decor,ROSES REGENCY TEACUP AND SAUCER,6,3.63,EU,2023-06-14
ORD-03783,CUST-00474,2023-11-07,Shipped,Credit Card,Home Decor,SET OF 3 BUTTERFLY COOKIE CUTTERS,2,2.26,UK,2023-11-07
ORD-03784,CUST-00889,2023-05-06,Shipped,Credit Card,Bathroom,DOORMAT ENGLAND,12,5.38,UK,2023-05-06
ORD-03785,CUST-00630,2023-07-22,Delivered,Apple Pay,Home Decor,WHITE HANGING HEART T-LIGHT HOLDER,1,3.42,EU,2023-07-22
ORD-03786,CUST-00251,2022-09-20,Shipped,Credit Card,Jewelry,REGENCY TEACUP AND SAUCER,6,4.28,UK,2022-09-20
ORD-03787,CUST-00439,2023-10-02,Delivered,PayPal,Toys,WOODEN HEART CHRISTMAS SCANDI,4,1.95,UK,2023-10-02
ORD-03788,CUST-00971,2023-07-19,Delivered,Apple Pay,Bathroom,BATH BOMB FIZZER SHEA BUTTER,48,1.69,EU,2023-07-19
ORD-03789,CUST-00923,2022-01-25,Shipped,Debit Card,Garden,GARDENERS KNEELER DESK,48,8.56,UK,2022-01-25
ORD-03790,CUST-00996,2023-01-16,Delivered,PayPal,Jewelry,WHITE SKULL GIFT BAG,1,1.58,UK,2023-01-16
ORD-03791,CUST-00159,2022-05-08,Delivered,Debit Card,Stationery,"PAPER CRAFT , BABY GIRL",3,3.35,UK,2022-05-08
ORD-03792,CUST-00212,2024-08-28,Delivered,Apple Pay,Jewelry,BLACK SKULL GIFT BAG,1,1.36,UK,2024-08-28
ORD-03793,CUST-00412,2023-09-07,Delivered,Debit Card,Garden,BIRD HOUSE WOODLAND,1,9.02,EU,2023-09-07
ORD-03794,CUST-00933,2022-12-28,Shipped,Credit Card,Bathroom,BATH BUILDING BLOCK WORD,2,7.08,EU,2022-12-28
ORD-03795,CUST-00251,2022-05-01,Delivered,PayPal,Home Decor,HAND WARMER UNION JACK FLG,2,3.70,UK,2022-05-01
ORD-03796,CUST-00825,2022-08-02,Cancelled,Credit Card,Kitchen,JUMBO BAG RED RETROSPOT,6,5.47,UK,2022-08-02
ORD-03797,CUST-00121,2023-01-01,Shipped,Apple Pay,Kitchen,LUNCH BOX WITH CUTLERY,12,4.08,UK,2023-01-01
ORD-03798,CUST-01000,2022-07-25,Pending,Apple Pay,Garden,GARDENERS KNEELER DESK,1,7.85,UK,2022-07-25
ORD-03799,CUST-00144,2024-05-24,Shipped,Apple Pay,Clothing,WORLD WAR 2 GLIDERS ASSTD DESIGNS,1,3.54,UK,2024-05-24
ORD-03800,CUST-00130,2024-03-11,Delivered,Apple Pay,Kitchen,JUMBO BAG RED RETROSPOT,2,5.75,EU,2024-03-11
ORD-03801,CUST-00244,2023-06-28,Shipped,Bank Transfer,Kitchen,JUMBO BAG RED RETROSPOT,24,4.97,UK,2023-06-28
ORD-03802,CUST-00223,2023-05-13,Delivered,Debit Card,Toys,FELTCRAFT GIRL AMELIE KIT,2,10.09,UK,2023-05-13
ORD-03803,CUST-00601,2024-04-30,Delivered,PayPal,Toys,FELTCRAFT GIRL AMELIE KIT,24,8.46,UK,2024-04-30
ORD-03804,CUST-00243,2022-03-28,Delivered,Bank Transfer,Toys,FELTCRAFT GIRL AMELIE KIT,6,9.06,EU,2022-03-28
ORD-03805,CUST-00149,2022-05-22,Delivered,PayPal,Clothing,WOOLLY HOPPIE WHITE HEART,1,3.95,EU,2022-05-22
ORD-03806,CUST-00873,2022-04-11,Delivered,Debit Card,Kitchen,LUNCH BAG WITH BLACK CAT,3,1.68,EU,2022-04-11
ORD-03807,CUST-00892,2023-03-05,Delivered,Apple Pay,Garden,WATERING CAN PINK,2,6.19,UK,2023-03-05
ORD-03808,CUST-00678,2023-08-29,Pending,Credit Card,Clothing,FELTCRAFT DOLL MEGGY,1,10.49,UK,2023-08-29
ORD-03809,CUST-00960,2024-01-15,Delivered,Apple Pay,Toys,VINTAGE CHRISTMAS PAPER GIFT BAG,1,1.49,UK,2024-01-15
ORD-03810,CUST-00337,2023-02-01,Pending,PayPal,Bathroom,DOORMAT SPOTTY,1,5.20,UK,2023-02-01
ORD-03811,CUST-00016,2022-10-16,Delivered,Credit Card,Clothing,FELTCRAFT CUSHION FLOWER,6,10.48,EU,2022-10-16
ORD-03812,CUST-00907,2023-06-07,Delivered,PayPal,Clothing,FELTCRAFT CUSHION FLOWER,12,11.16,UK,2023-06-07
ORD-03813,CUST-00296,2024-07-28,Shipped,Bank Transfer,Stationery,PAPER CHAIN KIT VINTAGE CHRISTMAS,4,1.32,EU,2024-07-28
ORD-03814,CUST-00956,2024-03-13,Shipped,Debit Card,Stationery,PAPER CHAIN KIT VINTAGE CHRISTMAS,3,1.46,UK,2024-03-13
ORD-03815,CUST-00378,2022-03-05,Delivered,Debit Card,Garden,GARDEN TOOL SET 3PC,3,11.96,UK,2022-03-05
ORD-03816,CUST-00680,2022-11-04,Delivered,Bank Transfer,Kitchen,LUNCH BOX WITH CUTLERY,2,4.25,EU,2022-11-04
ORD-03817,CUST-00643,2023-08-12,Delivered,PayPal,Toys,WOODEN HEART CHRISTMAS SCANDI,24,1.91,EU,2023-08-12
ORD-03818,CUST-00291,2023-04-04,Pending,PayPal,Clothing,FELTCRAFT CUSHION FLOWER,1,9.60,UK,2023-04-04
ORD-03819,CUST-00755,2023-09-03,Delivered,Credit Card,Jewelry,PACK OF 6 SKULL PAPER PLATES,6,1.22,EU,2023-09-03
ORD-03820,CUST-00018,2022-12-05,Delivered,Apple Pay,Toys,WOODEN HEART CHRISTMAS SCANDI,1,1.92,UK,2022-12-05
ORD-03821,CUST-00292,2024-01-25,Delivered,PayPal,Toys,FELTCRAFT BUTTERFLY PURSE,12,6.37,EU,2024-01-25
ORD-03822,CUST-00945,2023-03-13,Pending,Apple Pay,Clothing,FELTCRAFT DOLL MEGGY,12,8.34,EU,2023-03-13
ORD-03823,CUST-00350,2022-06-07,Shipped,Apple Pay,Stationery,PAPER CHAIN KIT VINTAGE CHRISTMAS,4,1.52,UK,2022-06-07
ORD-03824,CUST-00227,2024-03-06,Delivered,Bank Transfer,Garden,GARDEN TOOL SET 3PC,24,15.27,UK,2024-03-06
ORD-03825,CUST-00270,2022-11-05,Pending,Debit Card,Jewelry,HEART OF WICKER LARGE,4,4.49,EU,2022-11-05
ORD-03826,CUST-00934,2023-02-11,Shipped,Credit Card,Kitchen,LUNCH BOX WITH CUTLERY,2,4.14,UK,2023-02-11
ORD-03827,CUST-00965,2023-12-12,Delivered,PayPal,Bathroom,DOORMAT ENGLAND,6,5.86,EU,2023-12-12
ORD-03828,CUST-00106,2022-02-20,Pending,PayPal,Toys,WOODEN HEART CHRISTMAS SCANDI,24,2.13,UK,2022-02-20
ORD-03829,CUST-00984,2022-10-24,Shipped,Apple Pay,Garden,WATERING CAN PINK,2,5.78,UK,2022-10-24
ORD-03830,CUST-00987,2023-03-22,Delivered,Credit Card,Garden,GARDEN TOOL SET 3PC,12,13.07,UK,2023-03-22
ORD-03831,CUST-00435,2022-07-28,Shipped,Bank Transfer,Toys,FELTCRAFT BUTTERFLY PURSE,48,6.54,UK,2022-07-28
ORD-03832,CUST-00717,2023-07-28,Delivered,Apple Pay,Clothing,MINI PAINT SET VINTAGE,2,3.11,UK,2023-07-28
ORD-03833,CUST-00365,2024-02-01,Delivered,Credit Card,Clothing,MINI PAINT SET VINTAGE,1,3.53,EU,2024-02-01
ORD-03834,CUST-00515,2022-07-25,Pending,Credit Card,Stationery,PAPER CHAIN KIT VINTAGE CHRISTMAS,6,1.33,UK,2022-07-25
ORD-03835,CUST-00380,2024-02-24,Shipped,Apple Pay,Garden,GARDEN TOOL SET 3PC,4,13.83,EU,2024-02-24
ORD-03836,CUST-00468,2023-01-28,Delivered,Apple Pay,Jewelry,PACK OF 6 SKULL PAPER PLATES,1,1.27,EU,2023-01-28
ORD-03837,CUST-00699,2023-03-07,Pending,Apple Pay,Bathroom,BATH BUILDING BLOCK WORD,12,6.55,UK,2023-03-07
ORD-03838,CUST-00979,2023-10-24,Delivered,Credit Card,Toys,FELTCRAFT GIRL AMELIE KIT,48,9.52,EU,2023-10-24
ORD-03839,CUST-00035,2022-07-21,Delivered,Credit Card,Garden,WATERING CAN PINK,2,6.72,EU,2022-07-21
ORD-03840,CUST-00111,2022-06-15,Delivered,Credit Card,Garden,WATERING CAN PINK,12,5.66,UK,2022-06-15
ORD-03841,CUST-00034,2024-01-22,Shipped,Debit Card,Jewelry,HEART OF WICKER LARGE,4,5.47,EU,2024-01-22
ORD-03842,CUST-00964,2022-02-13,Shipped,Credit Card,Jewelry,PACK OF 6 SKULL PAPER CUPS,2,1.31,UK,2022-02-13
ORD-03843,CUST-00682,2023-10-14,Delivered,Debit Card,Jewelry,REGENCY TEACUP AND SAUCER,12,3.99,UK,2023-10-14
ORD-03844,CUST-00967,2023-06-30,Delivered,Apple Pay,Jewelry,BLACK SKULL GIFT BAG,48,1.33,UK,2023-06-30
ORD-03845,CUST-00305,2022-04-12,Delivered,Bank Transfer,Bathroom,DOORMAT ENGLAND,48,5.12,UK,2022-04-12
ORD-03846,CUST-00792,2024-06-22,Shipped,Debit Card,Stationery,"PAPER CRAFT , BABY BOY",2,2.87,EU,2024-06-22
ORD-03847,CUST-00757,2023-12-18,Pending,PayPal,Home Decor,WHITE HANGING HEART T-LIGHT HOLDER,3,2.92,EU,2023-12-18
ORD-03848,CUST-00191,2023-05-08,Shipped,Bank Transfer,Clothing,FELTCRAFT PETAL BAG,6,6.13,UK,2023-05-08
ORD-03849,CUST-00315,2023-10-26,Delivered,Debit Card,Bathroom,DOORMAT UNION JACK,12,4.84,EU,2023-10-26
ORD-03850,CUST-00780,2022-09-03,Delivered,PayPal,Toys,WOODEN HEART CHRISTMAS SCANDI,3,2.01,UK,2022-09-03
ORD-03851,CUST-00531,2023-03-31,Delivered,PayPal,Kitchen,JUMBO SHOPPER VINTAGE RED PAISLEY,4,7.40,EU,2023-03-31
ORD-03852,CUST-00280,2023-06-24,Delivered,Credit Card,Jewelry,HEART OF WICKER LARGE,3,4.92,UK,2023-06-24
ORD-03853,CUST-00314,2024-03-23,Delivered,PayPal,Bathroom,BATH BOMB FIZZER SHEA BUTTER,2,1.57,EU,2024-03-23
ORD-03854,CUST-00256,2023-03-24,Delivered,Debit Card,Kitchen,JUMBO SHOPPER VINTAGE RED PAISLEY,6,6.94,UK,2023-03-24
ORD-03855,CUST-00201,2023-10-04,Shipped,Apple Pay,Jewelry,HEART OF WICKER LARGE,1,5.85,UK,2023-10-04
ORD-03856,CUST-00778,2024-04-04,Shipped,Apple Pay,Home Decor,WHITE HANGING HEART T-LIGHT HOLDER,12,3.49,UK,2024-04-04
ORD-03857,CUST-00398,2023-06-16,Pending,Credit Card,Garden,BIRD HOUSE WOODLAND,2,11.93,UK,2023-06-16
ORD-03858,CUST-00678,2024-03-11,Delivered,Debit Card,Toys,FELTCRAFT PRINCESS CHARLOTTE DOLL,1,8.43,UK,2024-03-11
ORD-03859,CUST-00681,2022-05-20,Shipped,Apple Pay,Jewelry,BLACK SKULL GIFT BAG,3,1.69,UK,2022-05-20
ORD-03860,CUST-00503,2023-04-24,Shipped,Bank Transfer,Kitchen,LUNCH BAG WITH BLACK CAT,1,1.33,UK,2023-04-24
ORD-03861,CUST-00724,2023-02-01,Delivered,Credit Card,Toys,FELTCRAFT BUTTERFLY PURSE,6,5.45,UK,2023-02-01
ORD-03862,CUST-00209,2023-12-25,Delivered,Apple Pay,Toys,VINTAGE CHRISTMAS PAPER GIFT BAG,2,1.71,UK,2023-12-25
ORD-03863,CUST-00987,2024-08-08,Shipped,PayPal,Garden,GARDENERS KNEELER DESK,2,7.74,UK,2024-08-08
ORD-03864,CUST-00336,2024-06-29,Shipped,Bank Transfer,Jewelry,PACK OF 6 SKULL PAPER PLATES,2,1.43,UK,2024-06-29
ORD-03865,CUST-00679,2024-03-20,Refunded,Bank Transfer,Stationery,PAPER CHAIN KIT 50'S CHRISTMAS,4,1.59,UK,2024-03-20
ORD-03866,CUST-00515,2024-06-26,Shipped,Credit Card,Garden,BIRD HOUSE WOODLAND,3,8.96,UK,2024-06-26
ORD-03867,CUST-00871,2024-02-06,Delivered,Bank Transfer,Clothing,FELTCRAFT PETAL BAG,1,6.06,EU,2024-02-06
ORD-03868,CUST-00268,2022-08-08,Refunded,Debit Card,Jewelry,WHITE SKULL GIFT BAG,1,1.57,EU,2022-08-08
ORD-03869,CUST-00170,2022-09-19,Refunded,PayPal,Stationery,GREETING CARD SAFARI,1,1.28,UK,2022-09-19
ORD-03870,CUST-00198,2022-03-04,Shipped,Credit Card,Bathroom,BATH BOMB FIZZER SHEA BUTTER,6,1.38,EU,2022-03-04
ORD-03871,CUST-00702,2024-01-03,Pending,PayPal,Toys,VINTAGE CHRISTMAS PAPER GIFT BAG,2,1.41,EU,2024-01-03
ORD-03872,CUST-00141,2023-08-12,Pending,Apple Pay,Kitchen,JUMBO BAG RED RETROSPOT,1,4.58,UK,2023-08-12
ORD-03873,CUST-00356,2022-12-15,Delivered,Credit Card,Jewelry,REGENCY TEACUP AND SAUCER,24,3.40,UK,2022-12-15
ORD-03874,CUST-00242,2022-11-24,Pending,Credit Card,Home Decor,SET OF 6 SKULLS GIFT BAGS,2,1.44,UK,2022-11-24
ORD-03875,CUST-00641,2024-05-02,Shipped,Apple Pay,Bathroom,BATH BOMB FIZZER SHEA BUTTER,48,1.70,UK,2024-05-02
ORD-03876,CUST-00513,2022-07-29,Shipped,Bank Transfer,Toys,WOODEN STAR CHRISTMAS SCANDI,12,2.00,UK,2022-07-29
ORD-03877,CUST-00688,2022-10-13,Pending,Debit Card,Jewelry,PACK OF 6 SKULL PAPER PLATES,4,1.14,UK,2022-10-13
ORD-03878,CUST-00562,2024-02-01,Delivered,Apple Pay,Kitchen,LUNCH BAG RED RETROSPOT,1,1.32,EU,2024-02-01
ORD-03879,CUST-00994,2022-02-09,Shipped,Debit Card,Kitchen,JUMBO BAG STRAWBERRY,4,5.18,UK,2022-02-09
ORD-03880,CUST-00618,2024-07-10,Delivered,PayPal,Kitchen,JUMBO SHOPPER VINTAGE RED PAISLEY,3,6.98,UK,2024-07-10
ORD-03881,CUST-00595,2022-12-08,Delivered,Bank Transfer,Stationery,PAPER CHAIN KIT VINTAGE CHRISTMAS,2,1.57,EU,2022-12-08
ORD-03882,CUST-00020,2023-03-16,Pending,Credit Card,Clothing,FELTCRAFT CUSHION FLOWER,1,10.80,UK,2023-03-16
ORD-03883,CUST-00822,2023-05-31,Delivered,Credit Card,Bathroom,DOORMAT ENGLAND,1,5.80,UK,2023-05-31
ORD-03884,CUST-00320,2024-07-07,Delivered,PayPal,Home Decor,WHITE HANGING HEART T-LIGHT HOLDER,3,3.08,EU,2024-07-07
ORD-03885,CUST-00127,2023-09-02,Delivered,Debit Card,Home Decor,SET OF 6 SKULLS GIFT BAGS,1,1.15,UK,2023-09-02
ORD-03886,CUST-00112,2022-12-14,Delivered,Debit Card,Stationery,PAPER CHAIN KIT 50'S CHRISTMAS,3,1.50,EU,2022-12-14
ORD-03887,CUST-00843,2022-09-02,Refunded,Debit Card,Stationery,GREETING CARD SAFARI,1,1.50,EU,2022-09-02
ORD-03888,CUST-00045,2023-03-31,Shipped,Credit Card,Bathroom,DOORMAT ENGLAND,1,5.36,UK,2023-03-31
ORD-03889,CUST-00184,2024-05-26,Pending,Debit Card,Stationery,PAPER CHAIN KIT VINTAGE CHRISTMAS,2,1.46,UK,2024-05-26
ORD-03890,CUST-00207,2022-12-31,Shipped,Credit Card,Stationery,PAPER CHAIN KIT 50'S CHRISTMAS,1,1.49,UK,2022-12-31
ORD-03891,CUST-00429,2022-12-06,Shipped,Bank Transfer,Clothing,MINI PAINT SET VINTAGE,1,3.06,UK,2022-12-06
ORD-03892,CUST-00468,2023-02-19,Delivered,Bank Transfer,Kitchen,LUNCH BAG WITH BLACK CAT,12,1.60,EU,2023-02-19
ORD-03893,CUST-00766,2022-04-26,Pending,PayPal,Kitchen,JUMBO BAG RED RETROSPOT,1,5.53,UK,2022-04-26
ORD-03894,CUST-00926,2024-08-03,Delivered,Bank Transfer,Clothing,FELTCRAFT PETAL BAG,12,6.99,UK,2024-08-03
ORD-03895,CUST-00043,2024-09-06,Pending,Credit Card,Stationery,"PAPER CRAFT , BABY GIRL",3,2.94,EU,2024-09-06
ORD-03896,CUST-00995,2024-05-19,Shipped,Apple Pay,Home Decor,JUMBO BAG VINTAGE LEAF,1,5.23,EU,2024-05-19
ORD-03897,CUST-00208,2024-03-25,Shipped,Debit Card,Home Decor,JUMBO BAG VINTAGE LEAF,48,5.00,EU,2024-03-25
ORD-03898,CUST-00779,2024-06-04,Shipped,Apple Pay,Clothing,WORLD WAR 2 GLIDERS ASSTD DESIGNS,24,2.67,EU,2024-06-04
ORD-03899,CUST-00289,2022-03-25,Delivered,Bank Transfer,Clothing,FELTCRAFT DOLL MEGGY,3,8.91,EU,2022-03-25
ORD-03900,CUST-00339,2023-08-19,Shipped,Debit Card,Toys,WOODEN STAR CHRISTMAS SCANDI,6,2.28,UK,2023-08-19
ORD-03901,CUST-00882,2022-06-01,Shipped,Bank Transfer,Kitchen,LUNCH BAG RED RETROSPOT,4,1.40,EU,2022-06-01
ORD-03902,CUST-00700,2022-12-09,Delivered,PayPal,Bathroom,BATH BOMB FIZZER SHEA BUTTER,2,1.53,EU,2022-12-09
ORD-03903,CUST-00757,2022-02-05,Shipped,Credit Card,Kitchen,LUNCH BAG SUKI DESIGN,3,1.37,EU,2022-02-05
ORD-03904,CUST-00331,2024-03-08,Shipped,Credit Card,Clothing,FELTCRAFT CUSHION FLOWER,2,10.46,EU,2024-03-08
ORD-03905,CUST-00622,2023-01-09,Delivered,Debit Card,Home Decor,SET OF 6 SKULLS GIFT BAGS,1,1.27,EU,2023-01-09
ORD-03906,CUST-00427,2023-05-09,Delivered,PayPal,Home Decor,ROSES REGENCY TEACUP AND SAUCER,6,3.38,UK,2023-05-09
ORD-03907,CUST-00717,2022-02-24,Pending,Apple Pay,Bathroom,DOORMAT SPOTTY,1,5.50,UK,2022-02-24
ORD-03908,CUST-00922,2022-09-27,Shipped,Bank Transfer,Bathroom,DOORMAT ENGLAND,1,5.60,EU,2022-09-27
ORD-03909,CUST-00034,2023-04-19,Pending,PayPal,Jewelry,WHITE SKULL GIFT BAG,3,1.35,EU,2023-04-19
ORD-03910,CUST-00452,2023-12-22,Delivered,Apple Pay,Kitchen,JUMBO BAG RED RETROSPOT,1,4.73,EU,2023-12-22
ORD-03911,CUST-00174,2022-08-18,Delivered,Apple Pay,Toys,FELTCRAFT BUTTERFLY PURSE,12,6.84,UK,2022-08-18
ORD-03912,CUST-00763,2024-05-17,Delivered,Bank Transfer,Toys,WOODEN STAR CHRISTMAS SCANDI,1,2.13,EU,2024-05-17
ORD-03913,CUST-00542,2023-01-19,Pending,Apple Pay,Kitchen,LUNCH BAG RED RETROSPOT,2,1.57,EU,2023-01-19
ORD-03914,CUST-00097,2023-12-07,Delivered,Debit Card,Toys,WOODEN HEART CHRISTMAS SCANDI,48,1.89,EU,2023-12-07
ORD-03915,CUST-00032,2023-12-04,Shipped,PayPal,Clothing,MINI PAINT SET VINTAGE,4,3.52,EU,2023-12-04
ORD-03916,CUST-00914,2024-02-27,Delivered,Debit Card,Jewelry,PACK OF 6 SKULL PAPER PLATES,1,1.27,UK,2024-02-27
ORD-03917,CUST-00735,2024-06-29,Shipped,Bank Transfer,Jewelry,BLACK SKULL GIFT BAG,1,1.56,UK,2024-06-29
ORD-03918,CUST-00029,2024-01-11,Shipped,Bank Transfer,Toys,FELTCRAFT GIRL AMELIE KIT,3,10.25,UK,2024-01-11
ORD-03919,CUST-00359,2024-08-08,Refunded,PayPal,Clothing,FELTCRAFT CUSHION FLOWER,4,10.83,EU,2024-08-08
ORD-03920,CUST-00848,2022-07-27,Cancelled,PayPal,Kitchen,LUNCH BOX WITH CUTLERY,48,3.75,UK,2022-07-27
ORD-03921,CUST-00479,2023-01-27,Delivered,Credit Card,Home Decor,HAND WARMER UNION JACK FLG,4,3.92,EU,2023-01-27
ORD-03922,CUST-00591,2023-04-26,Delivered,PayPal,Bathroom,BATH BOMB FIZZER SHEA BUTTER,2,1.68,EU,2023-04-26
ORD-03923,CUST-00436,2023-04-06,Pending,Debit Card,Kitchen,LUNCH BOX WITH CUTLERY,4,4.19,EU,2023-04-06
ORD-03924,CUST-00421,2024-04-30,Delivered,Bank Transfer,Home Decor,HAND WARMER UNION JACK FLG,6,4.05,UK,2024-04-30
ORD-03925,CUST-00807,2023-07-29,Delivered,Credit Card,Clothing,FELTCRAFT PETAL BAG,6,5.47,EU,2023-07-29
ORD-03926,CUST-00758,2024-08-19,Delivered,Bank Transfer,Kitchen,LUNCH BAG SUKI DESIGN,1,1.57,EU,2024-08-19
ORD-03927,CUST-00859,2022-10-13,Delivered,Credit Card,Home Decor,WHITE HANGING HEART T-LIGHT HOLDER,3,2.72,EU,2022-10-13
ORD-03928,CUST-00835,2022-02-20,Delivered,Debit Card,Toys,FELTCRAFT BUTTERFLY PURSE,1,6.19,UK,2022-02-20
ORD-03929,CUST-00512,2022-01-25,Shipped,Apple Pay,Clothing,WORLD WAR 2 GLIDERS ASSTD DESIGNS,2,2.80,EU,2022-01-25
ORD-03930,CUST-00473,2024-03-14,Pending,PayPal,Stationery,GREETING CARD SAFARI,6,1.44,UK,2024-03-14
ORD-03931,CUST-00688,2023-06-03,Pending,Credit Card,Jewelry,PACK OF 6 SKULL PAPER PLATES,2,1.39,UK,2023-06-03
ORD-03932,CUST-00108,2024-03-02,Delivered,Bank Transfer,Jewelry,PACK OF 6 SKULL PAPER CUPS,2,1.37,EU,2024-03-02
ORD-03933,CUST-00314,2022-07-27,Delivered,Apple Pay,Stationery,"PAPER CRAFT , BABY GIRL",1,3.09,EU,2022-07-27
ORD-03934,CUST-00371,2022-04-25,Refunded,Debit Card,Garden,BIRD HOUSE WOODLAND,4,10.64,UK,2022-04-25
ORD-03935,CUST-00153,2024-05-14,Pending,Debit Card,Home Decor,HAND WARMER RED POLKA DOT,2,3.88,EU,2024-05-14
ORD-03936,CUST-00378,2024-05-03,Delivered,Bank Transfer,Stationery,PAPER CHAIN KIT 50'S CHRISTMAS,1,1.71,UK,2024-05-03
ORD-03937,CUST-00817,2023-09-17,Shipped,Credit Card,Bathroom,DOORMAT ENGLAND,4,5.62,EU,2023-09-17
ORD-03938,CUST-00050,2024-02-04,Shipped,Apple Pay,Toys,WOODEN HEART CHRISTMAS SCANDI,2,2.00,EU,2024-02-04
ORD-03939,CUST-00427,2022-05-04,Delivered,Credit Card,Jewelry,WHITE SKULL GIFT BAG,2,1.46,UK,2022-05-04
ORD-03940,CUST-00502,2024-08-24,Refunded,Bank Transfer,Clothing,FELTCRAFT DOLL MEGGY,2,9.42,EU,2024-08-24
ORD-03941,CUST-00462,2023-09-21,Cancelled,PayPal,Jewelry,HEART OF WICKER SMALL,1,2.26,UK,2023-09-21
ORD-03942,CUST-00671,2023-01-17,Shipped,Apple Pay,Toys,FELTCRAFT BUTTERFLY PURSE,2,6.31,EU,2023-01-17
ORD-03943,CUST-00605,2022-05-29,Delivered,Credit Card,Toys,WOODEN STAR CHRISTMAS SCANDI,6,1.86,EU,2022-05-29
ORD-03944,CUST-00627,2022-09-18,Delivered,Apple Pay,Home Decor,ROSES REGENCY TEACUP AND SAUCER,1,3.80,UK,2022-09-18
ORD-03945,CUST-00127,2023-08-15,Pending,Bank Transfer,Kitchen,LUNCH BOX WITH CUTLERY,2,3.93,UK,2023-08-15
ORD-03946,CUST-00986,2022-09-02,Delivered,Debit Card,Jewelry,PACK OF 6 SKULL PAPER PLATES,3,1.20,UK,2022-09-02
ORD-03947,CUST-00643,2023-07-25,Shipped,PayPal,Kitchen,JUMBO BAG STRAWBERRY,1,5.28,EU,2023-07-25
ORD-03948,CUST-00657,2024-01-26,Delivered,Bank Transfer,Stationery,PAPER CHAIN KIT 50'S CHRISTMAS,3,1.53,UK,2024-01-26
ORD-03949,CUST-00383,2022-07-02,Delivered,Debit Card,Home Decor,SET OF 6 SKULLS GIFT BAGS,1,1.44,UK,2022-07-02
ORD-03950,CUST-00055,2023-07-17,Refunded,PayPal,Kitchen,LUNCH BAG WITH BLACK CAT,3,1.43,EU,2023-07-17
ORD-03951,CUST-00492,2022-06-11,Delivered,Apple Pay,Toys,VINTAGE CHRISTMAS PAPER GIFT BAG,1,1.39,EU,2022-06-11
ORD-03952,CUST-00202,2022-08-25,Delivered,Debit Card,Bathroom,DOORMAT ENGLAND,4,4.64,UK,2022-08-25
ORD-03953,CUST-00820,2023-03-28,Delivered,Apple Pay,Kitchen,LUNCH BAG WITH BLACK CAT,1,1.40,EU,2023-03-28
ORD-03954,CUST-00442,2022-09-08,Delivered,PayPal,Garden,GARDEN TOOL SET 3PC,24,11.69,EU,2022-09-08
ORD-03955,CUST-00703,2024-05-06,Delivered,Credit Card,Clothing,FELTCRAFT DOLL MEGGY,6,9.23,EU,2024-05-06
ORD-03956,CUST-00324,2023-05-22,Delivered,Apple Pay,Garden,GARDENERS KNEELER DESK,48,8.81,UK,2023-05-22
ORD-03957,CUST-00081,2022-05-09,Delivered,Debit Card,Stationery,GREETING CARD SAFARI,2,1.15,UK,2022-05-09
ORD-03958,CUST-00310,2023-05-30,Cancelled,Credit Card,Jewelry,BLACK SKULL GIFT BAG,2,1.46,EU,2023-05-30
ORD-03959,CUST-00071,2024-05-27,Delivered,Bank Transfer,Clothing,WORLD WAR 2 GLIDERS ASSTD DESIGNS,2,2.97,EU,2024-05-27
ORD-03960,CUST-00162,2024-01-21,Delivered,Bank Transfer,Kitchen,JUMBO BAG RED RETROSPOT,3,5.22,UK,2024-01-21
ORD-03961,CUST-00606,2022-12-27,Refunded,Debit Card,Clothing,WORLD WAR 2 GLIDERS ASSTD DESIGNS,12,3.05,EU,2022-12-27
ORD-03962,CUST-00904,2022-04-13,Delivered,Bank Transfer,Jewelry,HEART OF WICKER LARGE,1,4.75,EU,2022-04-13
ORD-03963,CUST-00912,2023-07-04,Shipped,Credit Card,Stationery,GREETING CARD SAFARI,48,1.43,UK,2023-07-04
ORD-03964,CUST-00410,2024-08-02,Delivered,PayPal,Jewelry,PACK OF 6 SKULL PAPER CUPS,6,1.21,UK,2024-08-02
ORD-03965,CUST-00273,2022-01-17,Shipped,Bank Transfer,Kitchen,LUNCH BAG RED RETROSPOT,1,1.62,EU,2022-01-17
ORD-03966,CUST-00799,2022-07-17,Shipped,Apple Pay,Clothing,FELTCRAFT PETAL BAG,3,5.82,EU,2022-07-17
ORD-03967,CUST-00154,2024-05-21,Delivered,Credit Card,Kitchen,LUNCH BAG SUKI DESIGN,24,1.31,EU,2024-05-21
ORD-03968,CUST-00518,2023-09-18,Delivered,Apple Pay,Toys,FELTCRAFT PRINCESS CHARLOTTE DOLL,12,9.71,EU,2023-09-18
ORD-03969,CUST-00657,2024-05-17,Delivered,Apple Pay,Kitchen,LUNCH BAG SUKI DESIGN,1,1.37,UK,2024-05-17
ORD-03970,CUST-00252,2022-08-04,Delivered,Apple Pay,Garden,WATERING CAN PINK,2,7.06,EU,2022-08-04
ORD-03971,CUST-00910,2024-01-04,Delivered,Debit Card,Jewelry,WHITE SKULL GIFT BAG,1,1.34,UK,2024-01-04
ORD-03972,CUST-00307,2022-04-05,Delivered,Bank Transfer,Stationery,GREETING CARD SAFARI,2,1.14,UK,2022-04-05
ORD-03973,CUST-00294,2024-05-02,Cancelled,PayPal,Clothing,WOOLLY HOPPIE WHITE HEART,1,3.59,EU,2024-05-02
ORD-03974,CUST-00291,2022-07-02,Refunded,Debit Card,Stationery,PAPER CHAIN KIT VINTAGE CHRISTMAS,48,1.31,UK,2022-07-02
ORD-03975,CUST-00350,2023-12-28,Delivered,Debit Card,Clothing,FELTCRAFT CUSHION FLOWER,1,10.12,UK,2023-12-28
ORD-03976,CUST-00680,2024-05-06,Delivered,Bank Transfer,Bathroom,BATH BUILDING BLOCK WORD,3,5.36,EU,2024-05-06
ORD-03977,CUST-00253,2023-01-28,Cancelled,Apple Pay,Jewelry,REGENCY TEACUP AND SAUCER,1,3.69,UK,2023-01-28
ORD-03978,CUST-00949,2023-12-03,Pending,Credit Card,Garden,GARDEN TOOL SET 3PC,12,12.66,EU,2023-12-03
ORD-03979,CUST-00428,2023-08-08,Delivered,Credit Card,Kitchen,JUMBO BAG RED RETROSPOT,6,4.83,UK,2023-08-08
ORD-03980,CUST-00053,2022-04-21,Shipped,PayPal,Stationery,"PAPER CRAFT , BABY BOY",3,3.34,EU,2022-04-21
ORD-03981,CUST-00137,2022-03-29,Delivered,Credit Card,Kitchen,JUMBO BAG STRAWBERRY,1,5.59,EU,2022-03-29
ORD-03982,CUST-00935,2023-05-15,Shipped,Credit Card,Home Decor,REGENCY CAKESTAND 3 TIER,1,13.90,UK,2023-05-15
ORD-03983,CUST-00393,2023-03-23,Shipped,Credit Card,Toys,VINTAGE CHRISTMAS PAPER GIFT BAG,1,1.57,EU,2023-03-23
ORD-03984,CUST-00542,2022-05-05,Shipped,Debit Card,Clothing,FELTCRAFT DOLL MEGGY,48,8.96,EU,2022-05-05
ORD-03985,CUST-00446,2022-05-24,Delivered,Apple Pay,Stationery,PAPER CHAIN KIT 50'S CHRISTMAS,2,1.65,EU,2022-05-24
ORD-03986,CUST-00820,2024-02-17,Delivered,Apple Pay,Kitchen,JUMBO BAG STRAWBERRY,2,5.10,EU,2024-02-17
ORD-03987,CUST-00120,2023-01-18,Delivered,Apple Pay,Stationery,"PAPER CRAFT , BABY BOY",3,2.74,EU,2023-01-18
ORD-03988,CUST-00175,2024-01-26,Delivered,Apple Pay,Jewelry,PACK OF 6 SKULL PAPER CUPS,1,1.25,EU,2024-01-26
ORD-03989,CUST-00183,2022-04-29,Delivered,Credit Card,Home Decor,REGENCY CAKESTAND 3 TIER,1,13.71,UK,2022-04-29
ORD-03990,CUST-00667,2023-09-15,Shipped,Credit Card,Bathroom,DOORMAT ENGLAND,1,5.32,UK,2023-09-15
ORD-03991,CUST-00298,2022-08-10,Delivered,PayPal,Kitchen,LUNCH BAG SUKI DESIGN,1,1.63,UK,2022-08-10
ORD-03992,CUST-00711,2022-07-14,Delivered,PayPal,Clothing,FELTCRAFT CUSHION FLOWER,2,10.68,UK,2022-07-14
ORD-03993,CUST-00876,2024-07-16,Pending,Debit Card,Home Decor,REGENCY CAKESTAND 3 TIER,2,12.06,EU,2024-07-16
ORD-03994,CUST-00841,2024-06-30,Pending,Credit Card,Clothing,FELTCRAFT CUSHION FLOWER,1,10.30,UK,2024-06-30
ORD-03995,CUST-00635,2023-03-23,Delivered,Apple Pay,Toys,VINTAGE CHRISTMAS PAPER GIFT BAG,3,1.61,UK,2023-03-23
ORD-03996,CUST-00526,2022-11-01,Delivered,Apple Pay,Toys,FELTCRAFT GIRL AMELIE KIT,2,9.03,UK,2022-11-01
ORD-03997,CUST-00151,2022-05-08,Shipped,Bank Transfer,Stationery,GREETING CARD SAFARI,1,1.42,UK,2022-05-08
ORD-03998,CUST-00469,2022-04-15,Cancelled,PayPal,Jewelry,REGENCY TEACUP AND SAUCER,2,4.06,UK,2022-04-15
ORD-03999,CUST-00980,2024-07-19,Refunded,Debit Card,Bathroom,DOORMAT UNION JACK,4,5.31,UK,2024-07-19
ORD-04000,CUST-00815,2022-01-27,Delivered,Credit Card,Kitchen,LUNCH BOX WITH CUTLERY,4,4.00,EU,2022-01-27
ORD-04001,CUST-00196,2022-08-11,Pending,Bank Transfer,Kitchen,JUMBO BAG RED RETROSPOT,3,5.77,EU,2022-08-11
ORD-04002,CUST-00849,2022-08-30,Shipped,Apple Pay,Toys,FELTCRAFT PRINCESS CHARLOTTE DOLL,6,10.44,UK,2022-08-30
ORD-04003,CUST-00257,2022-06-01,Delivered,PayPal,Clothing,FELTCRAFT CUSHION FLOWER,48,11.13,UK,2022-06-01
ORD-04004,CUST-00405,2022-03-25,Delivered,Debit Card,Home Decor,JUMBO BAG VINTAGE LEAF,24,5.16,EU,2022-03-25
ORD-04005,CUST-00011,2024-09-17,Delivered,PayPal,Kitchen,LUNCH BAG WITH BLACK CAT,2,1.71,UK,2024-09-17
ORD-04006,CUST-00163,2022-02-10,Delivered,Bank Transfer,Bathroom,BATH BUILDING BLOCK WORD,3,6.14,UK,2022-02-10
ORD-04007,CUST-00395,2024-07-29,Delivered,Apple Pay,Home Decor,HAND WARMER UNION JACK FLG,2,3.19,UK,2024-07-29
ORD-04008,CUST-00770,2024-07-10,Delivered,Bank Transfer,Toys,FELTCRAFT PRINCESS CHARLOTTE DOLL,2,9.95,UK,2024-07-10
ORD-04009,CUST-00932,2023-12-19,Delivered,Bank Transfer,Toys,WOODEN STAR CHRISTMAS SCANDI,2,2.32,UK,2023-12-19
ORD-04010,CUST-00499,2022-12-13,Shipped,PayPal,Kitchen,LUNCH BAG WITH BLACK CAT,1,1.50,UK,2022-12-13
ORD-04011,CUST-00864,2022-08-12,Delivered,PayPal,Clothing,WORLD WAR 2 GLIDERS ASSTD DESIGNS,1,2.87,UK,2022-08-12
ORD-04012,CUST-00875,2024-04-03,Delivered,Bank Transfer,Kitchen,JUMBO BAG STRAWBERRY,1,5.45,UK,2024-04-03
ORD-04013,CUST-00990,2024-09-25,Pending,PayPal,Kitchen,LUNCH BOX WITH CUTLERY,1,3.89,UK,2024-09-25
ORD-04014,CUST-00188,2023-03-24,Delivered,Apple Pay,Stationery,"PAPER CRAFT , BABY GIRL",2,3.44,UK,2023-03-24
ORD-04015,CUST-00607,2024-05-14,Delivered,Debit Card,Jewelry,REGENCY TEACUP AND SAUCER,1,3.58,EU,2024-05-14
ORD-04016,CUST-00595,2023-07-23,Delivered,Apple Pay,Toys,FELTCRAFT BUTTERFLY PURSE,2,5.69,EU,2023-07-23
ORD-04017,CUST-00174,2023-10-26,Shipped,Debit Card,Toys,VINTAGE CHRISTMAS PAPER GIFT BAG,3,1.70,UK,2023-10-26
ORD-04018,CUST-00796,2022-01-22,Delivered,Credit Card,Stationery,GREETING CARD SAFARI,3,1.28,UK,2022-01-22
ORD-04019,CUST-00281,2024-07-14,Cancelled,Debit Card,Home Decor,JUMBO BAG VINTAGE LEAF,4,4.80,EU,2024-07-14
ORD-04020,CUST-00081,2022-08-29,Pending,Credit Card,Toys,FELTCRAFT GIRL AMELIE KIT,3,9.04,UK,2022-08-29
ORD-04021,CUST-00743,2023-11-22,Pending,Debit Card,Stationery,"PAPER CRAFT , BABY GIRL",4,3.18,UK,2023-11-22
ORD-04022,CUST-00327,2022-02-28,Shipped,Bank Transfer,Bathroom,BATH BUILDING BLOCK WORD,2,6.19,UK,2022-02-28
ORD-04023,CUST-00876,2022-01-07,Delivered,Apple Pay,Jewelry,BLACK SKULL GIFT BAG,1,1.51,EU,2022-01-07
ORD-04024,CUST-00941,2023-09-17,Delivered,Bank Transfer,Bathroom,DOORMAT SPOTTY,3,5.43,UK,2023-09-17
ORD-04025,CUST-00203,2023-12-23,Refunded,Debit Card,Garden,PLANT POT HOLDER,2,3.10,UK,2023-12-23
ORD-04026,CUST-00788,2024-04-11,Shipped,Apple Pay,Kitchen,JUMBO BAG STRAWBERRY,1,5.84,UK,2024-04-11
ORD-04027,CUST-00368,2023-07-20,Shipped,PayPal,Kitchen,JUMBO BAG STRAWBERRY,3,5.68,EU,2023-07-20
ORD-04028,CUST-00285,2023-08-20,Shipped,Credit Card,Clothing,FELTCRAFT PETAL BAG,1,6.96,UK,2023-08-20
ORD-04029,CUST-00201,2023-09-20,Pending,PayPal,Home Decor,ROSES REGENCY TEACUP AND SAUCER,4,4.21,UK,2023-09-20
ORD-04030,CUST-00099,2022-12-29,Pending,Credit Card,Jewelry,PACK OF 6 SKULL PAPER PLATES,2,1.37,UK,2022-12-29
ORD-04031,CUST-00027,2022-04-20,Delivered,Bank Transfer,Jewelry,HEART OF WICKER SMALL,2,1.94,EU,2022-04-20
ORD-04032,CUST-00235,2022-01-11,Cancelled,PayPal,Stationery,PAPER CHAIN KIT 50'S CHRISTMAS,6,1.62,UK,2022-01-11
ORD-04033,CUST-00752,2023-05-24,Delivered,Debit Card,Home Decor,HAND WARMER UNION JACK FLG,1,3.55,EU,2023-05-24
ORD-04034,CUST-00145,2023-12-20,Delivered,Apple Pay,Bathroom,BATH BUILDING BLOCK WORD,1,6.10,UK,2023-12-20
ORD-04035,CUST-00806,2023-12-28,Shipped,Debit Card,Stationery,GREETING CARD SAFARI,12,1.48,EU,2023-12-28
ORD-04036,CUST-00222,2023-06-13,Pending,Credit Card,Jewelry,WHITE SKULL GIFT BAG,6,1.35,EU,2023-06-13
ORD-04037,CUST-00909,2023-08-07,Delivered,PayPal,Toys,FELTCRAFT GIRL AMELIE KIT,6,9.81,UK,2023-08-07
ORD-04038,CUST-00968,2024-05-22,Delivered,Debit Card,Bathroom,DOORMAT SPOTTY,4,5.56,UK,2024-05-22
ORD-04039,CUST-00978,2024-02-07,Shipped,Apple Pay,Kitchen,LUNCH BAG SUKI DESIGN,1,1.38,EU,2024-02-07
ORD-04040,CUST-00434,2024-04-16,Shipped,Credit Card,Bathroom,BATH BUILDING BLOCK WORD,6,6.24,EU,2024-04-16
ORD-04041,CUST-00314,2022-04-18,Delivered,Apple Pay,Jewelry,HEART OF WICKER SMALL,12,1.88,EU,2022-04-18
ORD-04042,CUST-00516,2024-04-16,Delivered,PayPal,Stationery,PAPER CHAIN KIT 50'S CHRISTMAS,1,1.41,EU,2024-04-16
ORD-04043,CUST-00801,2022-01-27,Pending,Apple Pay,Jewelry,PACK OF 6 SKULL PAPER PLATES,12,1.38,UK,2022-01-27
ORD-04044,CUST-00098,2023-03-04,Shipped,PayPal,Toys,VINTAGE CHRISTMAS PAPER GIFT BAG,6,1.41,EU,2023-03-04
ORD-04045,CUST-00733,2022-05-13,Pending,Debit Card,Kitchen,JUMBO SHOPPER VINTAGE RED PAISLEY,4,8.17,EU,2022-05-13
ORD-04046,CUST-00312,2022-03-31,Delivered,Debit Card,Kitchen,JUMBO BAG STRAWBERRY,4,4.49,EU,2022-03-31
ORD-04047,CUST-00531,2023-10-12,Delivered,Apple Pay,Bathroom,BATH BOMB FIZZER SHEA BUTTER,48,1.33,EU,2023-10-12
ORD-04048,CUST-00457,2024-02-17,Pending,Apple Pay,Jewelry,BLACK SKULL GIFT BAG,6,1.39,EU,2024-02-17
ORD-04049,CUST-00622,2022-01-12,Shipped,Debit Card,Jewelry,PACK OF 6 SKULL PAPER CUPS,2,1.47,EU,2022-01-12
ORD-04050,CUST-00986,2023-11-12,Delivered,Debit Card,Home Decor,HAND WARMER UNION JACK FLG,1,3.71,UK,2023-11-12
ORD-04051,CUST-00742,2022-02-14,Delivered,Credit Card,Home Decor,SET OF 3 BUTTERFLY COOKIE CUTTERS,2,1.83,EU,2022-02-14
ORD-04052,CUST-00892,2023-02-09,Pending,Credit Card,Home Decor,HAND WARMER RED POLKA DOT,6,3.35,UK,2023-02-09
ORD-04053,CUST-00645,2022-12-11,Shipped,Bank Transfer,Bathroom,DOORMAT ENGLAND,1,4.64,EU,2022-12-11
ORD-04054,CUST-00585,2024-02-18,Refunded,Debit Card,Bathroom,DOORMAT SPOTTY,1,5.53,UK,2024-02-18
ORD-04055,CUST-00702,2024-09-10,Shipped,Bank Transfer,Clothing,WOOLLY HOPPIE WHITE HEART,1,3.64,EU,2024-09-10
ORD-04056,CUST-00134,2024-03-10,Pending,Apple Pay,Jewelry,REGENCY TEACUP AND SAUCER,1,3.80,UK,2024-03-10
ORD-04057,CUST-00820,2024-08-21,Delivered,Bank Transfer,Clothing,MINI PAINT SET VINTAGE,3,3.33,EU,2024-08-21
ORD-04058,CUST-00733,2023-05-18,Delivered,Bank Transfer,Toys,FELTCRAFT BUTTERFLY PURSE,24,6.82,EU,2023-05-18
ORD-04059,CUST-00940,2023-05-07,Delivered,Credit Card,Garden,WATERING CAN PINK,12,5.74,UK,2023-05-07
ORD-04060,CUST-00132,2024-09-21,Delivered,Apple Pay,Home Decor,SET OF 3 BUTTERFLY COOKIE CUTTERS,3,1.80,EU,2024-09-21
ORD-04061,CUST-00468,2022-10-12,Delivered,Debit Card,Jewelry,BLACK SKULL GIFT BAG,3,1.37,EU,2022-10-12
ORD-04062,CUST-00040,2022-11-23,Shipped,Apple Pay,Bathroom,DOORMAT UNION JACK,2,5.33,EU,2022-11-23
ORD-04063,CUST-00420,2024-01-25,Delivered,Debit Card,Toys,VINTAGE CHRISTMAS PAPER GIFT BAG,6,1.34,UK,2024-01-25
ORD-04064,CUST-00288,2022-02-01,Delivered,Apple Pay,Kitchen,LUNCH BAG SUKI DESIGN,3,1.70,UK,2022-02-01
ORD-04065,CUST-00674,2022-02-11,Shipped,Credit Card,Stationery,PAPER CHAIN KIT 50'S CHRISTMAS,6,1.62,EU,2022-02-11
ORD-04066,CUST-00357,2023-09-27,Shipped,Apple Pay,Toys,WOODEN HEART CHRISTMAS SCANDI,6,2.05,EU,2023-09-27
ORD-04067,CUST-00109,2023-02-05,Delivered,Credit Card,Toys,FELTCRAFT PRINCESS CHARLOTTE DOLL,3,8.70,EU,2023-02-05
ORD-04068,CUST-00371,2024-02-25,Shipped,Debit Card,Bathroom,DOORMAT UNION JACK,6,5.35,UK,2024-02-25
ORD-04069,CUST-00459,2022-02-01,Cancelled,Debit Card,Kitchen,JUMBO SHOPPER VINTAGE RED PAISLEY,4,6.91,UK,2022-02-01
ORD-04070,CUST-00529,2022-01-09,Pending,Credit Card,Garden,GARDENERS KNEELER DESK,12,9.29,EU,2022-01-09
ORD-04071,CUST-00757,2022-12-30,Shipped,Apple Pay,Stationery,GREETING CARD SAFARI,48,1.15,EU,2022-12-30
ORD-04072,CUST-00673,2022-12-21,Shipped,PayPal,Bathroom,DOORMAT UNION JACK,1,5.47,EU,2022-12-21
ORD-04073,CUST-00737,2022-10-01,Shipped,Credit Card,Garden,GARDEN TOOL SET 3PC,6,14.27,UK,2022-10-01
ORD-04074,CUST-00461,2023-08-31,Delivered,Bank Transfer,Clothing,MINI PAINT SET VINTAGE,24,3.11,UK,2023-08-31
ORD-04075,CUST-00480,2023-07-05,Refunded,Apple Pay,Clothing,WORLD WAR 2 GLIDERS ASSTD DESIGNS,48,3.43,UK,2023-07-05
ORD-04076,CUST-00950,2022-05-19,Refunded,Credit Card,Home Decor,REGENCY CAKESTAND 3 TIER,3,14.91,EU,2022-05-19
ORD-04077,CUST-00781,2022-05-24,Delivered,Credit Card,Home Decor,HAND WARMER RED POLKA DOT,4,3.51,UK,2022-05-24
ORD-04078,CUST-00948,2022-11-14,Delivered,Credit Card,Bathroom,DOORMAT UNION JACK,1,5.58,EU,2022-11-14
ORD-04079,CUST-00128,2023-03-31,Shipped,Bank Transfer,Home Decor,JUMBO BAG VINTAGE LEAF,1,4.61,EU,2023-03-31
ORD-04080,CUST-00551,2022-04-08,Cancelled,Credit Card,Clothing,WORLD WAR 2 GLIDERS ASSTD DESIGNS,1,3.49,UK,2022-04-08
ORD-04081,CUST-00976,2023-02-23,Delivered,Apple Pay,Clothing,WORLD WAR 2 GLIDERS ASSTD DESIGNS,48,3.14,EU,2023-02-23
ORD-04082,CUST-00429,2023-03-20,Pending,PayPal,Bathroom,BATH BOMB FIZZER SHEA BUTTER,48,1.37,UK,2023-03-20
ORD-04083,CUST-00308,2023-07-16,Delivered,Credit Card,Toys,WOODEN HEART CHRISTMAS SCANDI,1,1.91,UK,2023-07-16
ORD-04084,CUST-00118,2023-04-23,Delivered,Debit Card,Home Decor,HAND WARMER UNION JACK FLG,48,3.56,UK,2023-04-23
ORD-04085,CUST-00249,2023-12-11,Shipped,PayPal,Home Decor,REGENCY CAKESTAND 3 TIER,2,14.45,UK,2023-12-11
ORD-04086,CUST-00230,2022-11-12,Delivered,Bank Transfer,Clothing,MINI PAINT SET VINTAGE,1,2.87,UK,2022-11-12
ORD-04087,CUST-00792,2023-05-10,Delivered,PayPal,Toys,FELTCRAFT GIRL AMELIE KIT,3,9.70,EU,2023-05-10
ORD-04088,CUST-00616,2024-03-05,Pending,Debit Card,Clothing,WOOLLY HOPPIE WHITE HEART,1,3.62,EU,2024-03-05
ORD-04089,CUST-00526,2023-09-02,Delivered,Apple Pay,Kitchen,LUNCH BAG RED RETROSPOT,6,1.50,UK,2023-09-02
ORD-04090,CUST-00956,2024-05-11,Delivered,PayPal,Jewelry,PACK OF 6 SKULL PAPER PLATES,3,1.22,UK,2024-05-11
ORD-04091,CUST-00479,2022-04-18,Cancelled,Debit Card,Home Decor,HAND WARMER UNION JACK FLG,1,3.59,EU,2022-04-18
ORD-04092,CUST-00061,2022-10-23,Shipped,Debit Card,Kitchen,JUMBO SHOPPER VINTAGE RED PAISLEY,3,7.86,EU,2022-10-23
ORD-04093,CUST-00086,2024-04-15,Shipped,Apple Pay,Bathroom,BATH BOMB FIZZER SHEA BUTTER,24,1.60,EU,2024-04-15
ORD-04094,CUST-00807,2022-03-24,Delivered,Bank Transfer,Kitchen,LUNCH BAG SUKI DESIGN,1,1.46,EU,2022-03-24
ORD-04095,CUST-00059,2024-02-17,Delivered,Debit Card,Home Decor,HAND WARMER UNION JACK FLG,1,3.30,UK,2024-02-17
ORD-04096,CUST-00747,2023-12-01,Delivered,Credit Card,Kitchen,LUNCH BOX WITH CUTLERY,2,3.80,UK,2023-12-01
ORD-04097,CUST-00996,2022-11-19,Pending,Debit Card,Clothing,WORLD WAR 2 GLIDERS ASSTD DESIGNS,2,2.99,UK,2022-11-19
ORD-04098,CUST-00211,2022-04-22,Delivered,Credit Card,Kitchen,LUNCH BAG SUKI DESIGN,1,1.45,EU,2022-04-22
ORD-04099,CUST-00607,2022-01-12,Delivered,Debit Card,Home Decor,HAND WARMER UNION JACK FLG,3,3.08,EU,2022-01-12
ORD-04100,CUST-00755,2024-03-13,Pending,Debit Card,Stationery,PAPER CHAIN KIT 50'S CHRISTMAS,3,1.39,EU,2024-03-13
ORD-04101,CUST-00181,2022-06-17,Delivered,Bank Transfer,Kitchen,JUMBO BAG STRAWBERRY,48,4.91,EU,2022-06-17
ORD-04102,CUST-00803,2024-02-06,Delivered,Debit Card,Stationery,"PAPER CRAFT , BABY BOY",4,3.49,UK,2024-02-06
ORD-04103,CUST-00574,2023-03-11,Pending,Bank Transfer,Bathroom,BATH BOMB FIZZER SHEA BUTTER,4,1.44,EU,2023-03-11
ORD-04104,CUST-00112,2023-08-08,Delivered,PayPal,Clothing,WOOLLY HOPPIE WHITE HEART,2,4.24,EU,2023-08-08
ORD-04105,CUST-00277,2022-03-29,Delivered,PayPal,Clothing,FELTCRAFT PETAL BAG,1,6.77,UK,2022-03-29
ORD-04106,CUST-00323,2024-06-17,Shipped,Debit Card,Home Decor,SET OF 3 BUTTERFLY COOKIE CUTTERS,2,2.21,EU,2024-06-17
ORD-04107,CUST-00412,2023-01-13,Pending,Credit Card,Toys,FELTCRAFT GIRL AMELIE KIT,1,9.78,EU,2023-01-13
ORD-04108,CUST-00277,2022-11-15,Refunded,Debit Card,Jewelry,HEART OF WICKER LARGE,3,5.72,UK,2022-11-15
ORD-04109,CUST-00819,2023-01-15,Delivered,PayPal,Home Decor,ROSES REGENCY TEACUP AND SAUCER,1,3.77,UK,2023-01-15
ORD-04110,CUST-00524,2024-01-25,Cancelled,PayPal,Kitchen,JUMBO BAG RED RETROSPOT,4,5.86,UK,2024-01-25
ORD-04111,CUST-00897,2022-12-11,Pending,Bank Transfer,Jewelry,BLACK SKULL GIFT BAG,1,1.53,UK,2022-12-11
ORD-04112,CUST-00324,2023-06-05,Pending,Bank Transfer,Home Decor,HAND WARMER RED POLKA DOT,12,3.78,UK,2023-06-05
ORD-04113,CUST-00828,2024-04-22,Shipped,Debit Card,Home Decor,SET OF 3 BUTTERFLY COOKIE CUTTERS,2,2.22,EU,2024-04-22
ORD-04114,CUST-00367,2023-05-20,Delivered,PayPal,Home Decor,JUMBO BAG VINTAGE LEAF,1,5.50,EU,2023-05-20
ORD-04115,CUST-00293,2023-08-25,Shipped,PayPal,Bathroom,DOORMAT UNION JACK,3,4.85,UK,2023-08-25
ORD-04116,CUST-00438,2022-01-09,Shipped,Apple Pay,Bathroom,DOORMAT ENGLAND,6,4.53,UK,2022-01-09
ORD-04117,CUST-00895,2023-07-14,Delivered,Bank Transfer,Toys,VINTAGE CHRISTMAS PAPER GIFT BAG,24,1.47,EU,2023-07-14
ORD-04118,CUST-00373,2023-08-31,Shipped,Apple Pay,Garden,WATERING CAN PINK,6,6.24,UK,2023-08-31
ORD-04119,CUST-00361,2023-01-24,Pending,Credit Card,Jewelry,BLACK SKULL GIFT BAG,12,1.59,EU,2023-01-24
ORD-04120,CUST-00144,2022-01-25,Delivered,PayPal,Kitchen,LUNCH BAG SUKI DESIGN,1,1.67,UK,2022-01-25
ORD-04121,CUST-00260,2022-02-14,Pending,Bank Transfer,Garden,PLANT POT HOLDER,4,3.19,EU,2022-02-14
ORD-04122,CUST-00062,2024-04-13,Shipped,PayPal,Jewelry,PACK OF 6 SKULL PAPER CUPS,12,1.36,UK,2024-04-13
ORD-04123,CUST-00480,2024-09-02,Pending,Credit Card,Home Decor,HAND WARMER UNION JACK FLG,2,3.20,UK,2024-09-02
ORD-04124,CUST-00724,2023-02-08,Delivered,Debit Card,Toys,WOODEN STAR CHRISTMAS SCANDI,1,1.83,UK,2023-02-08
ORD-04125,CUST-00135,2024-02-07,Delivered,Apple Pay,Garden,WATERING CAN PINK,1,6.83,EU,2024-02-07
ORD-04126,CUST-00305,2024-08-14,Delivered,PayPal,Bathroom,BATH BUILDING BLOCK WORD,4,6.42,UK,2024-08-14
ORD-04127,CUST-00961,2022-06-09,Delivered,Debit Card,Kitchen,LUNCH BOX WITH CUTLERY,2,4.02,EU,2022-06-09
ORD-04128,CUST-00438,2024-07-21,Shipped,Bank Transfer,Kitchen,JUMBO SHOPPER VINTAGE RED PAISLEY,6,7.30,UK,2024-07-21
ORD-04129,CUST-00744,2023-09-12,Delivered,PayPal,Bathroom,BATH BOMB FIZZER SHEA BUTTER,2,1.65,UK,2023-09-12
ORD-04130,CUST-00729,2023-06-04,Delivered,Debit Card,Jewelry,HEART OF WICKER LARGE,2,5.13,EU,2023-06-04
ORD-04131,CUST-00460,2023-12-28,Delivered,Debit Card,Clothing,FELTCRAFT DOLL MEGGY,1,8.35,UK,2023-12-28
ORD-04132,CUST-00450,2024-05-20,Pending,PayPal,Clothing,FELTCRAFT DOLL MEGGY,1,8.67,EU,2024-05-20
ORD-04133,CUST-00924,2022-08-02,Shipped,Debit Card,Home Decor,HAND WARMER UNION JACK FLG,1,3.66,EU,2022-08-02
ORD-04134,CUST-00488,2024-04-15,Shipped,Credit Card,Garden,BIRD HOUSE WOODLAND,1,10.17,UK,2024-04-15
ORD-04135,CUST-00785,2024-01-16,Cancelled,PayPal,Jewelry,REGENCY TEACUP AND SAUCER,1,3.42,UK,2024-01-16
ORD-04136,CUST-00680,2023-01-22,Shipped,Credit Card,Garden,WATERING CAN PINK,1,5.65,EU,2023-01-22
ORD-04137,CUST-00980,2024-08-18,Pending,Debit Card,Kitchen,LUNCH BAG SUKI DESIGN,48,1.46,UK,2024-08-18
ORD-04138,CUST-00545,2024-03-04,Delivered,PayPal,Clothing,FELTCRAFT CUSHION FLOWER,3,9.07,EU,2024-03-04
ORD-04139,CUST-00602,2023-06-23,Refunded,Debit Card,Garden,PLANT POT HOLDER,1,3.49,UK,2023-06-23
ORD-04140,CUST-00453,2022-07-06,Shipped,Debit Card,Stationery,PAPER CHAIN KIT VINTAGE CHRISTMAS,2,1.65,UK,2022-07-06
ORD-04141,CUST-00326,2022-08-23,Delivered,Bank Transfer,Clothing,WORLD WAR 2 GLIDERS ASSTD DESIGNS,1,3.46,EU,2022-08-23
ORD-04142,CUST-00199,2023-06-17,Refunded,Apple Pay,Clothing,FELTCRAFT DOLL MEGGY,6,9.98,UK,2023-06-17
ORD-04143,CUST-00429,2024-09-08,Shipped,Credit Card,Clothing,FELTCRAFT PETAL BAG,3,5.50,UK,2024-09-08
ORD-04144,CUST-00013,2024-02-14,Shipped,PayPal,Kitchen,LUNCH BAG WITH BLACK CAT,2,1.52,UK,2024-02-14
ORD-04145,CUST-00199,2023-12-15,Delivered,Apple Pay,Jewelry,WHITE SKULL GIFT BAG,3,1.72,UK,2023-12-15
ORD-04146,CUST-00683,2022-12-18,Shipped,Bank Transfer,Garden,BIRD HOUSE WOODLAND,48,11.72,EU,2022-12-18
ORD-04147,CUST-00070,2022-04-25,Refunded,PayPal,Garden,WATERING CAN PINK,24,6.21,EU,2022-04-25
ORD-04148,CUST-00186,2022-03-09,Delivered,Debit Card,Home Decor,WHITE HANGING HEART T-LIGHT HOLDER,3,3.15,EU,2022-03-09
ORD-04149,CUST-00032,2022-02-22,Delivered,Debit Card,Jewelry,REGENCY TEACUP AND SAUCER,6,4.49,EU,2022-02-22
ORD-04150,CUST-00862,2024-07-15,Shipped,Debit Card,Home Decor,SET OF 6 SKULLS GIFT BAGS,2,1.44,UK,2024-07-15
ORD-04151,CUST-00627,2022-10-09,Cancelled,PayPal,Toys,WOODEN STAR CHRISTMAS SCANDI,48,2.28,UK,2022-10-09
ORD-04152,CUST-00530,2022-06-13,Delivered,Bank Transfer,Garden,GARDEN TOOL SET 3PC,1,15.46,UK,2022-06-13
ORD-04153,CUST-00686,2023-12-15,Pending,Debit Card,Garden,WATERING CAN PINK,3,6.84,UK,2023-12-15
ORD-04154,CUST-00422,2022-03-02,Delivered,Debit Card,Toys,FELTCRAFT PRINCESS CHARLOTTE DOLL,4,8.06,UK,2022-03-02
ORD-04155,CUST-00029,2024-06-11,Shipped,Credit Card,Toys,FELTCRAFT BUTTERFLY PURSE,4,6.21,UK,2024-06-11
ORD-04156,CUST-00535,2022-12-22,Shipped,Apple Pay,Jewelry,PACK OF 6 SKULL PAPER PLATES,12,1.49,EU,2022-12-22
ORD-04157,CUST-00659,2022-02-08,Pending,Debit Card,Clothing,WORLD WAR 2 GLIDERS ASSTD DESIGNS,2,3.02,EU,2022-02-08
ORD-04158,CUST-00078,2024-07-04,Delivered,Bank Transfer,Garden,GARDENERS KNEELER DESK,6,9.32,EU,2024-07-04
ORD-04159,CUST-00969,2024-03-19,Delivered,Debit Card,Garden,PLANT POT HOLDER,1,2.97,UK,2024-03-19
ORD-04160,CUST-00172,2023-06-23,Delivered,Bank Transfer,Home Decor,ROSES REGENCY TEACUP AND SAUCER,1,4.43,EU,2023-06-23
ORD-04161,CUST-00885,2022-03-10,Delivered,Credit Card,Home Decor,WHITE HANGING HEART T-LIGHT HOLDER,12,2.91,EU,2022-03-10
ORD-04162,CUST-00174,2024-08-13,Pending,Bank Transfer,Clothing,FELTCRAFT DOLL MEGGY,1,10.60,UK,2024-08-13
ORD-04163,CUST-00526,2022-12-24,Delivered,Bank Transfer,Jewelry,WHITE SKULL GIFT BAG,3,1.52,UK,2022-12-24
ORD-04164,CUST-00333,2022-01-06,Delivered,Apple Pay,Garden,GARDEN TOOL SET 3PC,4,12.97,UK,2022-01-06
ORD-04165,CUST-00772,2023-09-26,Delivered,Bank Transfer,Kitchen,LUNCH BAG RED RETROSPOT,2,1.32,UK,2023-09-26
ORD-04166,CUST-00181,2023-11-25,Shipped,Bank Transfer,Bathroom,BATH BUILDING BLOCK WORD,2,6.47,EU,2023-11-25
ORD-04167,CUST-00183,2023-07-08,Cancelled,PayPal,Toys,VINTAGE CHRISTMAS PAPER GIFT BAG,2,1.45,UK,2023-07-08
ORD-04168,CUST-00786,2024-09-17,Cancelled,Apple Pay,Clothing,WORLD WAR 2 GLIDERS ASSTD DESIGNS,1,2.93,UK,2024-09-17
ORD-04169,CUST-00277,2023-11-30,Refunded,PayPal,Clothing,MINI PAINT SET VINTAGE,4,3.46,UK,2023-11-30
ORD-04170,CUST-00929,2023-01-31,Shipped,Debit Card,Stationery,PAPER CHAIN KIT 50'S CHRISTMAS,1,1.52,UK,2023-01-31
ORD-04171,CUST-00952,2023-08-11,Cancelled,Credit Card,Bathroom,DOORMAT ENGLAND,3,4.75,EU,2023-08-11
ORD-04172,CUST-00436,2022-09-20,Refunded,Bank Transfer,Clothing,FELTCRAFT CUSHION FLOWER,6,10.08,EU,2022-09-20
ORD-04173,CUST-00570,2023-03-06,Delivered,PayPal,Clothing,WOOLLY HOPPIE WHITE HEART,3,4.36,UK,2023-03-06
ORD-04174,CUST-00546,2024-09-07,Delivered,Credit Card,Garden,GARDENERS KNEELER DESK,2,8.64,EU,2024-09-07
ORD-04175,CUST-00405,2023-10-19,Shipped,Bank Transfer,Jewelry,BLACK SKULL GIFT BAG,6,1.49,EU,2023-10-19
ORD-04176,CUST-00297,2023-10-31,Delivered,Apple Pay,Kitchen,JUMBO SHOPPER VINTAGE RED PAISLEY,3,7.56,EU,2023-10-31
ORD-04177,CUST-00626,2022-03-16,Refunded,PayPal,Garden,GARDENERS KNEELER DESK,1,8.28,UK,2022-03-16
ORD-04178,CUST-00589,2024-01-29,Shipped,Apple Pay,Home Decor,SET OF 3 BUTTERFLY COOKIE CUTTERS,12,1.82,EU,2024-01-29
ORD-04179,CUST-00535,2022-09-10,Refunded,Bank Transfer,Kitchen,LUNCH BOX WITH CUTLERY,24,3.67,EU,2022-09-10
ORD-04180,CUST-00560,2022-02-10,Delivered,Apple Pay,Home Decor,WHITE HANGING HEART T-LIGHT HOLDER,1,2.66,UK,2022-02-10
ORD-04181,CUST-00206,2024-05-08,Delivered,Bank Transfer,Garden,BIRD HOUSE WOODLAND,2,11.35,UK,2024-05-08
ORD-04182,CUST-00806,2023-12-15,Cancelled,Debit Card,Jewelry,PACK OF 6 SKULL PAPER PLATES,1,1.29,EU,2023-12-15
ORD-04183,CUST-00776,2024-08-21,Refunded,Debit Card,Kitchen,JUMBO BAG RED RETROSPOT,12,5.60,EU,2024-08-21
ORD-04184,CUST-00481,2022-05-01,Pending,Bank Transfer,Home Decor,SET OF 3 BUTTERFLY COOKIE CUTTERS,48,2.21,EU,2022-05-01
ORD-04185,CUST-00913,2022-06-08,Delivered,Credit Card,Toys,WOODEN STAR CHRISTMAS SCANDI,48,2.33,UK,2022-06-08
ORD-04186,CUST-00028,2023-06-03,Delivered,PayPal,Toys,FELTCRAFT BUTTERFLY PURSE,6,6.17,UK,2023-06-03
ORD-04187,CUST-00807,2023-12-24,Shipped,PayPal,Jewelry,PACK OF 6 SKULL PAPER PLATES,1,1.21,EU,2023-12-24
ORD-04188,CUST-00795,2023-07-07,Delivered,Credit Card,Garden,BIRD HOUSE WOODLAND,2,8.98,EU,2023-07-07
ORD-04189,CUST-00897,2022-08-06,Delivered,Apple Pay,Garden,GARDEN TOOL SET 3PC,24,14.81,UK,2022-08-06
ORD-04190,CUST-00048,2024-07-12,Cancelled,Credit Card,Clothing,WORLD WAR 2 GLIDERS ASSTD DESIGNS,48,2.68,UK,2024-07-12
ORD-04191,CUST-00841,2023-11-01,Shipped,Apple Pay,Bathroom,BATH BUILDING BLOCK WORD,6,6.08,UK,2023-11-01
ORD-04192,CUST-00528,2022-10-01,Delivered,Apple Pay,Garden,GARDENERS KNEELER DESK,2,9.39,UK,2022-10-01
ORD-04193,CUST-00880,2024-04-15,Refunded,Bank Transfer,Stationery,"PAPER CRAFT , BABY BOY",12,3.37,EU,2024-04-15
ORD-04194,CUST-00821,2022-10-06,Cancelled,Credit Card,Home Decor,HAND WARMER RED POLKA DOT,2,3.08,UK,2022-10-06
ORD-04195,CUST-00852,2023-04-01,Pending,Credit Card,Bathroom,DOORMAT UNION JACK,6,4.82,UK,2023-04-01
ORD-04196,CUST-00803,2024-06-07,Delivered,PayPal,Bathroom,DOORMAT UNION JACK,4,4.57,UK,2024-06-07
ORD-04197,CUST-00914,2022-03-26,Delivered,Bank Transfer,Bathroom,DOORMAT ENGLAND,1,5.29,UK,2022-03-26
ORD-04198,CUST-00245,2022-07-10,Delivered,PayPal,Toys,VINTAGE CHRISTMAS PAPER GIFT BAG,24,1.50,EU,2022-07-10
ORD-04199,CUST-00914,2024-05-02,Pending,PayPal,Toys,WOODEN STAR CHRISTMAS SCANDI,4,2.22,UK,2024-05-02
ORD-04200,CUST-00262,2022-05-05,Delivered,PayPal,Garden,WATERING CAN PINK,12,6.14,EU,2022-05-05
ORD-04201,CUST-00779,2022-10-08,Shipped,Apple Pay,Toys,FELTCRAFT PRINCESS CHARLOTTE DOLL,4,8.88,EU,2022-10-08
ORD-04202,CUST-00371,2024-01-14,Delivered,Apple Pay,Home Decor,SET OF 6 SKULLS GIFT BAGS,3,1.22,UK,2024-01-14
ORD-04203,CUST-00513,2022-09-22,Delivered,Debit Card,Toys,WOODEN STAR CHRISTMAS SCANDI,1,1.88,UK,2022-09-22
ORD-04204,CUST-00085,2022-08-13,Delivered,Apple Pay,Jewelry,WHITE SKULL GIFT BAG,1,1.39,UK,2022-08-13
ORD-04205,CUST-00855,2022-06-13,Pending,Apple Pay,Toys,FELTCRAFT GIRL AMELIE KIT,12,10.25,UK,2022-06-13
ORD-04206,CUST-00805,2022-05-06,Shipped,Debit Card,Home Decor,HAND WARMER UNION JACK FLG,1,3.76,EU,2022-05-06
ORD-04207,CUST-00678,2024-08-28,Delivered,PayPal,Clothing,WORLD WAR 2 GLIDERS ASSTD DESIGNS,1,3.29,UK,2024-08-28
ORD-04208,CUST-00430,2023-01-08,Delivered,PayPal,Stationery,GREETING CARD SAFARI,24,1.31,UK,2023-01-08
ORD-04209,CUST-00114,2023-01-24,Shipped,PayPal,Clothing,FELTCRAFT DOLL MEGGY,48,9.80,UK,2023-01-24
ORD-04210,CUST-00324,2023-08-14,Pending,Credit Card,Stationery,PAPER CHAIN KIT VINTAGE CHRISTMAS,3,1.67,UK,2023-08-14
ORD-04211,CUST-00412,2023-03-27,Delivered,Bank Transfer,Clothing,WOOLLY HOPPIE WHITE HEART,6,3.72,EU,2023-03-27
ORD-04212,CUST-00943,2023-02-14,Cancelled,Bank Transfer,Jewelry,REGENCY TEACUP AND SAUCER,24,4.22,UK,2023-02-14
ORD-04213,CUST-00737,2023-05-08,Refunded,Credit Card,Stationery,"PAPER CRAFT , BABY GIRL",2,3.42,UK,2023-05-08
ORD-04214,CUST-00576,2024-01-26,Cancelled,Debit Card,Garden,PLANT POT HOLDER,1,3.10,EU,2024-01-26
ORD-04215,CUST-00601,2024-08-06,Shipped,Bank Transfer,Stationery,"PAPER CRAFT , BABY GIRL",2,3.43,UK,2024-08-06
ORD-04216,CUST-00373,2023-06-16,Delivered,Debit Card,Kitchen,JUMBO BAG RED RETROSPOT,1,5.38,UK,2023-06-16
ORD-04217,CUST-00608,2023-04-25,Shipped,PayPal,Toys,FELTCRAFT BUTTERFLY PURSE,3,7.13,UK,2023-04-25
ORD-04218,CUST-00146,2023-12-18,Delivered,Credit Card,Home Decor,REGENCY CAKESTAND 3 TIER,1,11.77,UK,2023-12-18
ORD-04219,CUST-00425,2023-04-24,Delivered,Debit Card,Jewelry,HEART OF WICKER SMALL,1,2.24,EU,2023-04-24
ORD-04220,CUST-00661,2022-02-05,Pending,Bank Transfer,Toys,FELTCRAFT GIRL AMELIE KIT,2,9.90,EU,2022-02-05
ORD-04221,CUST-00144,2022-07-27,Delivered,Debit Card,Bathroom,DOORMAT SPOTTY,2,5.88,UK,2022-07-27
ORD-04222,CUST-00167,2022-04-02,Delivered,Debit Card,Kitchen,JUMBO SHOPPER VINTAGE RED PAISLEY,1,6.37,UK,2022-04-02
ORD-04223,CUST-00581,2022-03-22,Pending,Credit Card,Bathroom,BATH BUILDING BLOCK WORD,1,5.39,EU,2022-03-22
ORD-04224,CUST-00821,2022-12-29,Shipped,Apple Pay,Toys,VINTAGE CHRISTMAS PAPER GIFT BAG,1,1.31,UK,2022-12-29
ORD-04225,CUST-00332,2022-05-17,Delivered,PayPal,Garden,GARDEN TOOL SET 3PC,3,12.90,UK,2022-05-17
ORD-04226,CUST-00158,2022-10-11,Shipped,Apple Pay,Jewelry,PACK OF 6 SKULL PAPER CUPS,2,1.25,EU,2022-10-11
ORD-04227,CUST-00469,2023-06-20,Shipped,Credit Card,Bathroom,BATH BOMB FIZZER SHEA BUTTER,2,1.61,UK,2023-06-20
ORD-04228,CUST-00960,2022-07-24,Delivered,Bank Transfer,Stationery,"PAPER CRAFT , BABY BOY",48,3.43,UK,2022-07-24
ORD-04229,CUST-00730,2024-09-19,Shipped,Bank Transfer,Kitchen,JUMBO SHOPPER VINTAGE RED PAISLEY,4,6.94,EU,2024-09-19
ORD-04230,CUST-00936,2023-11-04,Refunded,Apple Pay,Jewelry,HEART OF WICKER LARGE,2,5.76,UK,2023-11-04
ORD-04231,CUST-00730,2023-07-05,Delivered,PayPal,Jewelry,PACK OF 6 SKULL PAPER CUPS,2,1.46,EU,2023-07-05
ORD-04232,CUST-00070,2022-12-01,Cancelled,Bank Transfer,Stationery,GREETING CARD SAFARI,4,1.47,EU,2022-12-01
ORD-04233,CUST-00926,2024-02-07,Delivered,Credit Card,Home Decor,HAND WARMER RED POLKA DOT,4,3.66,UK,2024-02-07
ORD-04234,CUST-00794,2023-03-11,Cancelled,PayPal,Clothing,FELTCRAFT PETAL BAG,2,5.83,UK,2023-03-11
ORD-04235,CUST-00650,2023-08-30,Shipped,Apple Pay,Toys,WOODEN STAR CHRISTMAS SCANDI,2,2.31,EU,2023-08-30
ORD-04236,CUST-00291,2024-05-06,Pending,Apple Pay,Kitchen,LUNCH BAG WITH BLACK CAT,2,1.68,UK,2024-05-06
ORD-04237,CUST-00469,2024-05-08,Delivered,Credit Card,Home Decor,ROSES REGENCY TEACUP AND SAUCER,2,4.01,UK,2024-05-08
ORD-04238,CUST-00093,2024-04-16,Delivered,Credit Card,Home Decor,WHITE HANGING HEART T-LIGHT HOLDER,1,3.53,EU,2024-04-16
ORD-04239,CUST-00622,2023-09-28,Shipped,Debit Card,Clothing,MINI PAINT SET VINTAGE,1,3.35,EU,2023-09-28
ORD-04240,CUST-00857,2023-04-11,Shipped,Debit Card,Home Decor,WHITE HANGING HEART T-LIGHT HOLDER,1,3.50,EU,2023-04-11
ORD-04241,CUST-00128,2023-10-12,Shipped,PayPal,Garden,WATERING CAN PINK,3,6.38,EU,2023-10-12
ORD-04242,CUST-00749,2024-01-11,Shipped,Debit Card,Garden,BIRD HOUSE WOODLAND,1,9.86,EU,2024-01-11
ORD-04243,CUST-00155,2023-02-22,Shipped,Debit Card,Home Decor,HAND WARMER RED POLKA DOT,1,3.39,EU,2023-02-22
ORD-04244,CUST-00617,2023-06-19,Shipped,Debit Card,Home Decor,SET OF 3 BUTTERFLY COOKIE CUTTERS,48,1.96,EU,2023-06-19
ORD-04245,CUST-00750,2023-11-21,Delivered,PayPal,Kitchen,LUNCH BAG WITH BLACK CAT,2,1.45,EU,2023-11-21
ORD-04246,CUST-00015,2022-11-17,Cancelled,Apple Pay,Bathroom,BATH BUILDING BLOCK WORD,1,6.24,UK,2022-11-17
ORD-04247,CUST-00775,2022-10-08,Delivered,Credit Card,Toys,FELTCRAFT GIRL AMELIE KIT,12,8.23,UK,2022-10-08
ORD-04248,CUST-00145,2024-08-28,Shipped,Bank Transfer,Bathroom,DOORMAT ENGLAND,3,4.74,UK,2024-08-28
ORD-04249,CUST-00287,2023-09-07,Shipped,Debit Card,Garden,WATERING CAN PINK,1,7.06,UK,2023-09-07
ORD-04250,CUST-00965,2023-10-18,Cancelled,Apple Pay,Home Decor,JUMBO BAG VINTAGE LEAF,3,5.72,EU,2023-10-18
ORD-04251,CUST-00623,2022-01-05,Shipped,Debit Card,Stationery,GREETING CARD SAFARI,1,1.22,UK,2022-01-05
ORD-04252,CUST-00089,2023-05-11,Pending,Apple Pay,Home Decor,HAND WARMER UNION JACK FLG,24,3.06,UK,2023-05-11
ORD-04253,CUST-00179,2022-09-05,Cancelled,Debit Card,Bathroom,BATH BUILDING BLOCK WORD,4,6.61,EU,2022-09-05
ORD-04254,CUST-00775,2023-05-17,Delivered,PayPal,Toys,WOODEN HEART CHRISTMAS SCANDI,2,2.13,UK,2023-05-17
ORD-04255,CUST-00264,2023-03-31,Shipped,Debit Card,Stationery,"PAPER CRAFT , BABY BOY",2,3.04,UK,2023-03-31
ORD-04256,CUST-00346,2022-10-23,Delivered,Credit Card,Garden,GARDENERS KNEELER DESK,2,9.37,EU,2022-10-23
ORD-04257,CUST-00185,2024-07-01,Delivered,Apple Pay,Garden,BIRD HOUSE WOODLAND,2,9.27,EU,2024-07-01
ORD-04258,CUST-00223,2022-09-30,Shipped,Credit Card,Jewelry,PACK OF 6 SKULL PAPER CUPS,4,1.17,UK,2022-09-30
ORD-04259,CUST-00853,2024-08-14,Delivered,Debit Card,Kitchen,LUNCH BAG WITH BLACK CAT,48,1.46,UK,2024-08-14
ORD-04260,CUST-00906,2022-09-13,Delivered,Bank Transfer,Bathroom,BATH BOMB FIZZER SHEA BUTTER,12,1.40,UK,2022-09-13
ORD-04261,CUST-00162,2024-09-22,Delivered,PayPal,Toys,WOODEN STAR CHRISTMAS SCANDI,3,2.19,UK,2024-09-22
ORD-04262,CUST-00517,2023-04-30,Shipped,Apple Pay,Home Decor,JUMBO BAG VINTAGE LEAF,12,5.66,EU,2023-04-30
ORD-04263,CUST-00072,2022-02-14,Shipped,Credit Card,Kitchen,LUNCH BAG WITH BLACK CAT,3,1.57,EU,2022-02-14
ORD-04264,CUST-00706,2022-12-21,Delivered,Apple Pay,Jewelry,HEART OF WICKER SMALL,1,2.33,UK,2022-12-21
ORD-04265,CUST-00714,2022-03-31,Cancelled,Debit Card,Garden,WATERING CAN PINK,2,6.55,UK,2022-03-31
ORD-04266,CUST-00087,2022-07-11,Refunded,Credit Card,Clothing,FELTCRAFT PETAL BAG,1,7.03,EU,2022-07-11
ORD-04267,CUST-00854,2023-11-21,Shipped,Credit Card,Clothing,FELTCRAFT CUSHION FLOWER,2,10.91,EU,2023-11-21
ORD-04268,CUST-00047,2022-07-14,Shipped,Debit Card,Home Decor,WHITE HANGING HEART T-LIGHT HOLDER,4,3.39,UK,2022-07-14
ORD-04269,CUST-00402,2022-06-14,Delivered,Apple Pay,Bathroom,DOORMAT UNION JACK,1,4.77,UK,2022-06-14
ORD-04270,CUST-00828,2022-06-10,Delivered,Credit Card,Stationery,PAPER CHAIN KIT VINTAGE CHRISTMAS,3,1.42,EU,2022-06-10
ORD-04271,CUST-00647,2024-07-30,Delivered,Bank Transfer,Kitchen,JUMBO BAG RED RETROSPOT,2,4.68,UK,2024-07-30
ORD-04272,CUST-00408,2023-04-18,Delivered,Apple Pay,Clothing,FELTCRAFT CUSHION FLOWER,3,9.91,EU,2023-04-18
ORD-04273,CUST-00925,2023-05-09,Pending,Apple Pay,Stationery,"PAPER CRAFT , BABY BOY",24,2.94,UK,2023-05-09
ORD-04274,CUST-00938,2022-08-12,Pending,Credit Card,Home Decor,SET OF 3 BUTTERFLY COOKIE CUTTERS,1,2.19,UK,2022-08-12
ORD-04275,CUST-00603,2022-08-05,Delivered,Debit Card,Home Decor,HAND WARMER RED POLKA DOT,12,3.73,UK,2022-08-05
ORD-04276,CUST-00351,2024-09-07,Delivered,Bank Transfer,Toys,VINTAGE CHRISTMAS PAPER GIFT BAG,4,1.49,EU,2024-09-07
ORD-04277,CUST-00906,2023-02-28,Pending,Debit Card,Garden,GARDEN TOOL SET 3PC,1,13.09,UK,2023-02-28
ORD-04278,CUST-00567,2022-01-29,Shipped,PayPal,Jewelry,REGENCY TEACUP AND SAUCER,2,3.90,UK,2022-01-29
ORD-04279,CUST-00823,2023-12-30,Shipped,Bank Transfer,Stationery,PAPER CHAIN KIT VINTAGE CHRISTMAS,3,1.40,UK,2023-12-30
ORD-04280,CUST-00363,2023-02-28,Delivered,Apple Pay,Jewelry,BLACK SKULL GIFT BAG,6,1.64,EU,2023-02-28
ORD-04281,CUST-00292,2024-01-23,Shipped,Credit Card,Kitchen,JUMBO BAG STRAWBERRY,2,5.57,EU,2024-01-23
ORD-04282,CUST-00477,2024-02-14,Pending,Apple Pay,Garden,GARDENERS KNEELER DESK,2,7.90,UK,2024-02-14
ORD-04283,CUST-00376,2023-05-27,Shipped,Bank Transfer,Kitchen,LUNCH BAG RED RETROSPOT,6,1.67,EU,2023-05-27
ORD-04284,CUST-00368,2023-08-17,Delivered,Bank Transfer,Clothing,FELTCRAFT CUSHION FLOWER,6,10.03,EU,2023-08-17
ORD-04285,CUST-00013,2024-02-27,Cancelled,Debit Card,Home Decor,HAND WARMER RED POLKA DOT,6,3.70,UK,2024-02-27
ORD-04286,CUST-00723,2022-07-06,Delivered,Bank Transfer,Home Decor,SET OF 6 SKULLS GIFT BAGS,2,1.24,EU,2022-07-06
ORD-04287,CUST-00755,2022-04-01,Pending,Debit Card,Bathroom,DOORMAT UNION JACK,3,5.40,EU,2022-04-01
ORD-04288,CUST-00189,2022-12-13,Shipped,Apple Pay,Kitchen,LUNCH BAG WITH BLACK CAT,2,1.62,UK,2022-12-13
ORD-04289,CUST-00650,2023-10-19,Pending,Bank Transfer,Garden,WATERING CAN PINK,12,5.71,EU,2023-10-19
ORD-04290,CUST-00407,2022-05-28,Cancelled,PayPal,Stationery,PAPER CHAIN KIT VINTAGE CHRISTMAS,1,1.34,EU,2022-05-28
ORD-04291,CUST-00220,2022-02-17,Delivered,Debit Card,Kitchen,JUMBO BAG RED RETROSPOT,1,5.71,EU,2022-02-17
ORD-04292,CUST-00810,2022-05-27,Pending,Apple Pay,Toys,WOODEN HEART CHRISTMAS SCANDI,1,2.10,UK,2022-05-27
ORD-04293,CUST-00798,2022-11-15,Delivered,Debit Card,Home Decor,ROSES REGENCY TEACUP AND SAUCER,2,4.23,EU,2022-11-15
ORD-04294,CUST-00621,2022-02-03,Pending,PayPal,Kitchen,LUNCH BOX WITH CUTLERY,1,4.09,UK,2022-02-03
ORD-04295,CUST-00582,2022-01-27,Delivered,Bank Transfer,Stationery,PAPER CHAIN KIT 50'S CHRISTMAS,12,1.55,UK,2022-01-27
ORD-04296,CUST-00694,2022-07-22,Delivered,Apple Pay,Jewelry,BLACK SKULL GIFT BAG,4,1.66,EU,2022-07-22
ORD-04297,CUST-00480,2023-11-04,Shipped,Bank Transfer,Toys,FELTCRAFT PRINCESS CHARLOTTE DOLL,24,9.83,UK,2023-11-04
ORD-04298,CUST-00413,2024-08-31,Refunded,Apple Pay,Stationery,GREETING CARD SAFARI,4,1.13,EU,2024-08-31
ORD-04299,CUST-00160,2023-02-06,Shipped,PayPal,Bathroom,DOORMAT SPOTTY,2,5.09,UK,2023-02-06
ORD-04300,CUST-00705,2024-04-19,Pending,Apple Pay,Toys,FELTCRAFT BUTTERFLY PURSE,1,7.01,UK,2024-04-19
ORD-04301,CUST-00649,2022-06-12,Delivered,PayPal,Bathroom,DOORMAT SPOTTY,1,5.06,EU,2022-06-12
ORD-04302,CUST-00928,2023-08-17,Shipped,Bank Transfer,Clothing,FELTCRAFT DOLL MEGGY,1,8.93,EU,2023-08-17
ORD-04303,CUST-00170,2023-01-25,Delivered,Debit Card,Jewelry,PACK OF 6 SKULL PAPER CUPS,2,1.19,UK,2023-01-25
ORD-04304,CUST-00216,2022-06-12,Delivered,PayPal,Kitchen,LUNCH BOX WITH CUTLERY,2,4.20,UK,2022-06-12
ORD-04305,CUST-00736,2023-09-13,Delivered,Bank Transfer,Stationery,PAPER CHAIN KIT VINTAGE CHRISTMAS,24,1.66,EU,2023-09-13
ORD-04306,CUST-00985,2022-07-01,Shipped,Debit Card,Kitchen,JUMBO BAG RED RETROSPOT,4,4.86,EU,2022-07-01
ORD-04307,CUST-00260,2023-03-17,Delivered,Credit Card,Jewelry,WHITE SKULL GIFT BAG,1,1.69,EU,2023-03-17
ORD-04308,CUST-00048,2023-09-06,Delivered,Bank Transfer,Garden,PLANT POT HOLDER,1,3.50,UK,2023-09-06
ORD-04309,CUST-00090,2023-06-10,Shipped,Apple Pay,Toys,FELTCRAFT PRINCESS CHARLOTTE DOLL,1,9.07,UK,2023-06-10
ORD-04310,CUST-00834,2023-06-17,Delivered,Bank Transfer,Toys,FELTCRAFT BUTTERFLY PURSE,2,6.67,UK,2023-06-17
ORD-04311,CUST-00966,2022-09-14,Delivered,PayPal,Jewelry,HEART OF WICKER LARGE,48,4.86,UK,2022-09-14
ORD-04312,CUST-00911,2024-03-26,Delivered,Apple Pay,Home Decor,HAND WARMER UNION JACK FLG,6,3.74,EU,2024-03-26
ORD-04313,CUST-00369,2023-12-26,Shipped,Credit Card,Kitchen,JUMBO SHOPPER VINTAGE RED PAISLEY,3,7.15,UK,2023-12-26
ORD-04314,CUST-00236,2023-07-29,Refunded,Debit Card,Jewelry,REGENCY TEACUP AND SAUCER,1,3.43,UK,2023-07-29
ORD-04315,CUST-00713,2022-09-11,Delivered,Credit Card,Jewelry,BLACK SKULL GIFT BAG,1,1.35,UK,2022-09-11
ORD-04316,CUST-00405,2023-03-07,Delivered,Debit Card,Jewelry,PACK OF 6 SKULL PAPER PLATES,4,1.23,EU,2023-03-07
ORD-04317,CUST-00661,2024-09-19,Delivered,Apple Pay,Home Decor,SET OF 3 BUTTERFLY COOKIE CUTTERS,2,2.04,EU,2024-09-19
ORD-04318,CUST-00565,2022-06-11,Shipped,Credit Card,Home Decor,WHITE HANGING HEART T-LIGHT HOLDER,1,3.25,UK,2022-06-11
ORD-04319,CUST-00079,2023-01-11,Shipped,Credit Card,Garden,BIRD HOUSE WOODLAND,1,10.45,EU,2023-01-11
ORD-04320,CUST-00643,2022-06-05,Shipped,Debit Card,Kitchen,LUNCH BOX WITH CUTLERY,1,3.49,EU,2022-06-05
ORD-04321,CUST-00249,2023-11-27,Pending,Credit Card,Stationery,PAPER CHAIN KIT 50'S CHRISTMAS,3,1.60,UK,2023-11-27
ORD-04322,CUST-00608,2022-02-16,Shipped,Credit Card,Toys,FELTCRAFT BUTTERFLY PURSE,1,5.65,UK,2022-02-16
ORD-04323,CUST-00563,2022-02-05,Delivered,Debit Card,Jewelry,HEART OF WICKER SMALL,24,2.04,EU,2022-02-05
ORD-04324,CUST-00638,2024-08-29,Shipped,Bank Transfer,Garden,PLANT POT HOLDER,3,3.45,EU,2024-08-29
ORD-04325,CUST-00498,2023-12-16,Delivered,Credit Card,Jewelry,WHITE SKULL GIFT BAG,2,1.70,UK,2023-12-16
ORD-04326,CUST-00716,2023-10-17,Refunded,Credit Card,Home Decor,WHITE HANGING HEART T-LIGHT HOLDER,4,3.24,UK,2023-10-17
ORD-04327,CUST-00975,2024-09-09,Delivered,Debit Card,Stationery,GREETING CARD SAFARI,2,1.25,UK,2024-09-09
ORD-04328,CUST-00962,2022-09-21,Refunded,Apple Pay,Bathroom,DOORMAT ENGLAND,12,5.24,EU,2022-09-21
ORD-04329,CUST-00932,2022-11-17,Shipped,Bank Transfer,Toys,WOODEN STAR CHRISTMAS SCANDI,1,2.29,UK,2022-11-17
ORD-04330,CUST-00312,2024-09-26,Delivered,Apple Pay,Stationery,"PAPER CRAFT , BABY GIRL",3,2.76,EU,2024-09-26
ORD-04331,CUST-00464,2024-09-17,Shipped,Credit Card,Home Decor,WHITE HANGING HEART T-LIGHT HOLDER,1,2.78,EU,2024-09-17
ORD-04332,CUST-00865,2023-11-04,Refunded,Apple Pay,Bathroom,BATH BOMB FIZZER SHEA BUTTER,1,1.58,EU,2023-11-04
ORD-04333,CUST-00010,2023-10-05,Delivered,Credit Card,Toys,FELTCRAFT PRINCESS CHARLOTTE DOLL,24,8.60,UK,2023-10-05
ORD-04334,CUST-00184,2023-11-29,Pending,PayPal,Home Decor,SET OF 3 BUTTERFLY COOKIE CUTTERS,1,1.98,UK,2023-11-29
ORD-04335,CUST-00882,2022-09-29,Delivered,Apple Pay,Jewelry,HEART OF WICKER SMALL,12,1.88,EU,2022-09-29
ORD-04336,CUST-00240,2022-07-11,Delivered,Bank Transfer,Kitchen,LUNCH BAG WITH BLACK CAT,4,1.63,EU,2022-07-11
ORD-04337,CUST-00165,2024-06-24,Shipped,Debit Card,Garden,WATERING CAN PINK,1,6.91,EU,2024-06-24
ORD-04338,CUST-00115,2024-01-13,Shipped,Apple Pay,Kitchen,LUNCH BAG RED RETROSPOT,2,1.55,UK,2024-01-13
ORD-04339,CUST-00978,2023-05-21,Delivered,Credit Card,Clothing,FELTCRAFT PETAL BAG,1,6.94,EU,2023-05-21
ORD-04340,CUST-00768,2022-04-24,Pending,Bank Transfer,Clothing,MINI PAINT SET VINTAGE,1,3.05,UK,2022-04-24
ORD-04341,CUST-00946,2023-02-26,Delivered,Apple Pay,Stationery,GREETING CARD SAFARI,6,1.40,EU,2023-02-26
ORD-04342,CUST-00008,2023-06-04,Shipped,PayPal,Home Decor,JUMBO BAG VINTAGE LEAF,2,4.95,UK,2023-06-04
ORD-04343,CUST-00773,2022-01-17,Shipped,Credit Card,Home Decor,REGENCY CAKESTAND 3 TIER,2,12.37,EU,2022-01-17
ORD-04344,CUST-00630,2024-04-06,Cancelled,PayPal,Jewelry,PACK OF 6 SKULL PAPER CUPS,1,1.31,EU,2024-04-06
ORD-04345,CUST-00214,2023-11-21,Pending,Debit Card,Jewelry,BLACK SKULL GIFT BAG,12,1.43,EU,2023-11-21
ORD-04346,CUST-00080,2022-03-04,Delivered,Credit Card,Jewelry,HEART OF WICKER SMALL,3,2.21,UK,2022-03-04
ORD-04347,CUST-00459,2022-09-23,Delivered,Debit Card,Garden,GARDENERS KNEELER DESK,6,7.16,UK,2022-09-23
ORD-04348,CUST-00561,2022-03-05,Shipped,Bank Transfer,Bathroom,DOORMAT ENGLAND,2,5.18,UK,2022-03-05
ORD-04349,CUST-00517,2022-02-20,Delivered,Apple Pay,Bathroom,BATH BOMB FIZZER SHEA BUTTER,2,1.57,EU,2022-02-20
ORD-04350,CUST-00671,2023-04-06,Shipped,PayPal,Clothing,FELTCRAFT DOLL MEGGY,1,8.12,EU,2023-04-06
ORD-04351,CUST-00851,2022-11-26,Shipped,Credit Card,Home Decor,HAND WARMER RED POLKA DOT,2,3.57,UK,2022-11-26
ORD-04352,CUST-00087,2023-04-11,Delivered,Bank Transfer,Toys,WOODEN HEART CHRISTMAS SCANDI,24,2.01,EU,2023-04-11
ORD-04353,CUST-00249,2022-01-27,Pending,Apple Pay,Clothing,FELTCRAFT DOLL MEGGY,1,8.56,UK,2022-01-27
ORD-04354,CUST-00930,2022-04-03,Delivered,Credit Card,Bathroom,BATH BUILDING BLOCK WORD,1,6.00,EU,2022-04-03
ORD-04355,CUST-00847,2022-07-20,Delivered,Apple Pay,Home Decor,ROSES REGENCY TEACUP AND SAUCER,1,3.86,UK,2022-07-20
ORD-04356,CUST-00032,2023-01-08,Pending,PayPal,Kitchen,JUMBO BAG STRAWBERRY,12,5.34,EU,2023-01-08
ORD-04357,CUST-00043,2023-04-26,Delivered,PayPal,Stationery,PAPER CHAIN KIT 50'S CHRISTMAS,2,1.33,EU,2023-04-26
ORD-04358,CUST-00877,2023-04-17,Pending,Bank Transfer,Toys,WOODEN STAR CHRISTMAS SCANDI,6,2.18,EU,2023-04-17
ORD-04359,CUST-00279,2023-03-27,Delivered,Apple Pay,Toys,FELTCRAFT PRINCESS CHARLOTTE DOLL,2,10.24,UK,2023-03-27
ORD-04360,CUST-00570,2022-04-02,Shipped,PayPal,Stationery,PAPER CHAIN KIT 50'S CHRISTMAS,48,1.58,UK,2022-04-02
ORD-04361,CUST-00850,2022-01-26,Shipped,PayPal,Kitchen,JUMBO BAG RED RETROSPOT,2,5.44,UK,2022-01-26
ORD-04362,CUST-00557,2023-11-05,Delivered,Apple Pay,Clothing,WOOLLY HOPPIE WHITE HEART,1,3.65,EU,2023-11-05
ORD-04363,CUST-00064,2024-05-14,Shipped,PayPal,Kitchen,LUNCH BAG SUKI DESIGN,1,1.63,EU,2024-05-14
ORD-04364,CUST-00716,2023-04-21,Delivered,Credit Card,Stationery,PAPER CHAIN KIT VINTAGE CHRISTMAS,2,1.61,UK,2023-04-21
ORD-04365,CUST-00599,2024-01-26,Pending,Bank Transfer,Garden,GARDEN TOOL SET 3PC,1,13.85,EU,2024-01-26
ORD-04366,CUST-00040,2023-03-09,Shipped,Credit Card,Jewelry,PACK OF 6 SKULL PAPER CUPS,1,1.16,EU,2023-03-09
ORD-04367,CUST-00955,2024-03-28,Pending,Debit Card,Toys,WOODEN STAR CHRISTMAS SCANDI,12,2.03,EU,2024-03-28
ORD-04368,CUST-00682,2022-12-25,Refunded,PayPal,Home Decor,SET OF 3 BUTTERFLY COOKIE CUTTERS,3,1.90,UK,2022-12-25
ORD-04369,CUST-00463,2023-11-04,Pending,Debit Card,Toys,VINTAGE CHRISTMAS PAPER GIFT BAG,12,1.50,UK,2023-11-04
ORD-04370,CUST-00747,2023-10-14,Delivered,Debit Card,Kitchen,LUNCH BOX WITH CUTLERY,1,4.41,UK,2023-10-14
ORD-04371,CUST-00545,2024-03-13,Shipped,Apple Pay,Bathroom,DOORMAT UNION JACK,3,5.28,EU,2024-03-13
ORD-04372,CUST-00511,2023-09-27,Delivered,Debit Card,Home Decor,JUMBO BAG VINTAGE LEAF,48,5.88,UK,2023-09-27
ORD-04373,CUST-00221,2024-07-02,Delivered,Credit Card,Jewelry,WHITE SKULL GIFT BAG,4,1.61,EU,2024-07-02
ORD-04374,CUST-00168,2024-04-15,Delivered,Apple Pay,Clothing,WORLD WAR 2 GLIDERS ASSTD DESIGNS,24,2.68,UK,2024-04-15
ORD-04375,CUST-00516,2023-09-13,Delivered,PayPal,Stationery,PAPER CHAIN KIT 50'S CHRISTMAS,4,1.39,EU,2023-09-13
ORD-04376,CUST-00785,2022-05-19,Delivered,Debit Card,Garden,BIRD HOUSE WOODLAND,1,9.81,UK,2022-05-19
ORD-04377,CUST-00600,2023-02-07,Delivered,PayPal,Toys,FELTCRAFT BUTTERFLY PURSE,1,6.65,UK,2023-02-07
ORD-04378,CUST-00135,2024-01-21,Delivered,Bank Transfer,Clothing,FELTCRAFT CUSHION FLOWER,1,9.19,EU,2024-01-21
ORD-04379,CUST-00415,2022-09-12,Shipped,Debit Card,Home Decor,REGENCY CAKESTAND 3 TIER,6,12.07,EU,2022-09-12
ORD-04380,CUST-00851,2024-08-19,Shipped,Debit Card,Bathroom,BATH BUILDING BLOCK WORD,12,6.95,UK,2024-08-19
ORD-04381,CUST-00058,2022-10-04,Delivered,Credit Card,Kitchen,LUNCH BAG RED RETROSPOT,2,1.39,UK,2022-10-04
ORD-04382,CUST-00269,2023-02-12,Delivered,PayPal,Clothing,WORLD WAR 2 GLIDERS ASSTD DESIGNS,12,2.74,UK,2023-02-12
ORD-04383,CUST-00904,2024-06-13,Delivered,Bank Transfer,Clothing,WORLD WAR 2 GLIDERS ASSTD DESIGNS,48,2.81,EU,2024-06-13
ORD-04384,CUST-00176,2022-08-11,Shipped,Bank Transfer,Toys,FELTCRAFT GIRL AMELIE KIT,3,8.54,EU,2022-08-11
ORD-04385,CUST-00033,2024-03-29,Delivered,PayPal,Bathroom,DOORMAT ENGLAND,1,5.00,UK,2024-03-29
ORD-04386,CUST-00209,2022-03-28,Pending,Bank Transfer,Bathroom,DOORMAT UNION JACK,12,5.84,UK,2022-03-28
ORD-04387,CUST-00348,2023-08-05,Shipped,PayPal,Bathroom,BATH BOMB FIZZER SHEA BUTTER,12,1.42,EU,2023-08-05
ORD-04388,CUST-00171,2023-06-29,Delivered,Debit Card,Clothing,MINI PAINT SET VINTAGE,6,3.21,EU,2023-06-29
ORD-04389,CUST-00877,2023-06-02,Pending,PayPal,Jewelry,WHITE SKULL GIFT BAG,6,1.47,EU,2023-06-02
ORD-04390,CUST-00077,2024-07-20,Delivered,Bank Transfer,Home Decor,REGENCY CAKESTAND 3 TIER,3,11.95,EU,2024-07-20
ORD-04391,CUST-00658,2023-02-01,Shipped,Apple Pay,Jewelry,HEART OF WICKER LARGE,1,4.83,UK,2023-02-01
ORD-04392,CUST-00611,2023-03-28,Delivered,PayPal,Toys,VINTAGE CHRISTMAS PAPER GIFT BAG,48,1.38,EU,2023-03-28
ORD-04393,CUST-00220,2024-06-22,Delivered,Apple Pay,Jewelry,BLACK SKULL GIFT BAG,24,1.57,EU,2024-06-22
ORD-04394,CUST-00832,2022-03-04,Delivered,Credit Card,Kitchen,LUNCH BAG SUKI DESIGN,2,1.68,UK,2022-03-04
ORD-04395,CUST-00268,2024-03-27,Delivered,PayPal,Garden,WATERING CAN PINK,48,6.52,EU,2024-03-27
ORD-04396,CUST-00492,2022-08-29,Pending,Bank Transfer,Jewelry,PACK OF 6 SKULL PAPER CUPS,1,1.38,EU,2022-08-29
ORD-04397,CUST-00833,2022-07-21,Refunded,Credit Card,Toys,FELTCRAFT BUTTERFLY PURSE,1,5.93,UK,2022-07-21
ORD-04398,CUST-00742,2022-11-04,Cancelled,Debit Card,Toys,VINTAGE CHRISTMAS PAPER GIFT BAG,1,1.41,EU,2022-11-04
ORD-04399,CUST-00761,2023-01-29,Cancelled,PayPal,Toys,WOODEN STAR CHRISTMAS SCANDI,3,2.15,UK,2023-01-29
ORD-04400,CUST-00211,2022-03-14,Cancelled,Bank Transfer,Clothing,FELTCRAFT PETAL BAG,1,6.82,EU,2022-03-14
ORD-04401,CUST-00014,2023-02-03,Pending,Credit Card,Stationery,"PAPER CRAFT , BABY GIRL",2,3.31,UK,2023-02-03
ORD-04402,CUST-00387,2023-04-02,Cancelled,Apple Pay,Jewelry,HEART OF WICKER SMALL,3,1.90,EU,2023-04-02
ORD-04403,CUST-00105,2023-06-16,Cancelled,Apple Pay,Kitchen,LUNCH BOX WITH CUTLERY,6,4.27,EU,2023-06-16
ORD-04404,CUST-00979,2022-01-10,Delivered,PayPal,Clothing,WORLD WAR 2 GLIDERS ASSTD DESIGNS,3,3.00,EU,2022-01-10
ORD-04405,CUST-00449,2022-04-21,Cancelled,PayPal,Kitchen,JUMBO SHOPPER VINTAGE RED PAISLEY,2,6.27,EU,2022-04-21
ORD-04406,CUST-00003,2023-03-02,Pending,PayPal,Kitchen,LUNCH BAG WITH BLACK CAT,4,1.39,EU,2023-03-02
ORD-04407,CUST-00780,2022-06-19,Delivered,Apple Pay,Kitchen,JUMBO BAG RED RETROSPOT,1,5.91,UK,2022-06-19
ORD-04408,CUST-00555,2023-06-08,Refunded,Debit Card,Stationery,PAPER CHAIN KIT VINTAGE CHRISTMAS,6,1.72,UK,2023-06-08
ORD-04409,CUST-00116,2022-03-23,Shipped,Apple Pay,Home Decor,JUMBO BAG VINTAGE LEAF,1,5.04,UK,2022-03-23
ORD-04410,CUST-00562,2023-04-19,Delivered,Bank Transfer,Bathroom,DOORMAT ENGLAND,1,4.51,EU,2023-04-19
ORD-04411,CUST-00633,2023-04-09,Delivered,PayPal,Jewelry,HEART OF WICKER SMALL,6,2.20,EU,2023-04-09
ORD-04412,CUST-00168,2022-10-20,Pending,PayPal,Home Decor,HAND WARMER RED POLKA DOT,24,3.71,UK,2022-10-20
ORD-04413,CUST-00140,2022-08-17,Delivered,Debit Card,Bathroom,BATH BOMB FIZZER SHEA BUTTER,2,1.58,EU,2022-08-17
ORD-04414,CUST-00253,2022-03-11,Delivered,PayPal,Clothing,FELTCRAFT CUSHION FLOWER,12,11.69,UK,2022-03-11
ORD-04415,CUST-00593,2024-05-13,Shipped,Apple Pay,Garden,WATERING CAN PINK,1,6.61,UK,2024-05-13
ORD-04416,CUST-00726,2023-11-07,Delivered,Bank Transfer,Jewelry,HEART OF WICKER SMALL,1,2.33,EU,2023-11-07
ORD-04417,CUST-00219,2023-09-16,Delivered,Apple Pay,Clothing,MINI PAINT SET VINTAGE,12,3.28,UK,2023-09-16
ORD-04418,CUST-00236,2023-08-12,Delivered,Apple Pay,Home Decor,HAND WARMER UNION JACK FLG,2,3.56,UK,2023-08-12
ORD-04419,CUST-00657,2023-03-31,Delivered,Bank Transfer,Toys,FELTCRAFT PRINCESS CHARLOTTE DOLL,12,8.62,UK,2023-03-31
ORD-04420,CUST-00320,2023-08-24,Shipped,PayPal,Clothing,FELTCRAFT DOLL MEGGY,3,8.16,EU,2023-08-24
ORD-04421,CUST-00748,2024-03-01,Shipped,Debit Card,Clothing,WOOLLY HOPPIE WHITE HEART,3,3.73,UK,2024-03-01
ORD-04422,CUST-00584,2024-04-07,Delivered,Credit Card,Kitchen,JUMBO BAG RED RETROSPOT,48,4.96,UK,2024-04-07
ORD-04423,CUST-00896,2023-10-10,Delivered,Bank Transfer,Kitchen,LUNCH BAG WITH BLACK CAT,3,1.64,EU,2023-10-10
ORD-04424,CUST-00436,2022-08-05,Shipped,Bank Transfer,Clothing,FELTCRAFT CUSHION FLOWER,1,10.80,EU,2022-08-05
ORD-04425,CUST-00929,2024-05-15,Pending,Debit Card,Stationery,PAPER CHAIN KIT 50'S CHRISTMAS,1,1.52,UK,2024-05-15
ORD-04426,CUST-00090,2023-02-03,Shipped,Debit Card,Kitchen,JUMBO BAG RED RETROSPOT,1,4.89,UK,2023-02-03
ORD-04427,CUST-00389,2022-04-17,Delivered,Debit Card,Bathroom,DOORMAT SPOTTY,12,4.88,EU,2022-04-17
ORD-04428,CUST-00876,2023-05-29,Shipped,Apple Pay,Bathroom,DOORMAT UNION JACK,2,4.89,EU,2023-05-29
ORD-04429,CUST-00649,2022-12-11,Shipped,PayPal,Home Decor,SET OF 6 SKULLS GIFT BAGS,2,1.27,EU,2022-12-11
ORD-04430,CUST-00657,2024-01-18,Cancelled,PayPal,Bathroom,BATH BUILDING BLOCK WORD,2,6.16,UK,2024-01-18
ORD-04431,CUST-00039,2023-11-30,Cancelled,PayPal,Stationery,"PAPER CRAFT , BABY BOY",4,3.02,UK,2023-11-30
ORD-04432,CUST-00470,2023-07-28,Delivered,PayPal,Home Decor,SET OF 6 SKULLS GIFT BAGS,2,1.45,EU,2023-07-28
ORD-04433,CUST-00745,2022-06-24,Cancelled,Apple Pay,Clothing,FELTCRAFT PETAL BAG,1,5.49,UK,2022-06-24
ORD-04434,CUST-00850,2024-05-15,Delivered,Credit Card,Bathroom,DOORMAT ENGLAND,2,5.63,UK,2024-05-15
ORD-04435,CUST-00676,2024-05-22,Shipped,Bank Transfer,Toys,WOODEN HEART CHRISTMAS SCANDI,6,2.21,EU,2024-05-22
ORD-04436,CUST-00604,2022-10-08,Delivered,Bank Transfer,Clothing,MINI PAINT SET VINTAGE,3,2.81,EU,2022-10-08
ORD-04437,CUST-00336,2023-05-24,Shipped,Apple Pay,Home Decor,REGENCY CAKESTAND 3 TIER,1,13.86,UK,2023-05-24
ORD-04438,CUST-00974,2024-04-19,Shipped,Apple Pay,Jewelry,PACK OF 6 SKULL PAPER CUPS,3,1.18,EU,2024-04-19
ORD-04439,CUST-00348,2023-07-28,Shipped,Credit Card,Bathroom,DOORMAT UNION JACK,1,4.46,EU,2023-07-28
ORD-04440,CUST-00351,2022-10-17,Pending,Apple Pay,Jewelry,PACK OF 6 SKULL PAPER CUPS,4,1.48,EU,2022-10-17
ORD-04441,CUST-00758,2024-05-07,Delivered,PayPal,Garden,GARDENERS KNEELER DESK,2,7.92,EU,2024-05-07
ORD-04442,CUST-00071,2023-09-15,Delivered,Bank Transfer,Clothing,FELTCRAFT CUSHION FLOWER,48,10.97,EU,2023-09-15
ORD-04443,CUST-00723,2023-03-04,Pending,Debit Card,Bathroom,BATH BUILDING BLOCK WORD,2,6.45,EU,2023-03-04
ORD-04444,CUST-00741,2022-03-02,Delivered,Debit Card,Stationery,"PAPER CRAFT , BABY GIRL",4,2.67,EU,2022-03-02
ORD-04445,CUST-00023,2024-06-25,Delivered,Credit Card,Stationery,PAPER CHAIN KIT 50'S CHRISTMAS,6,1.39,EU,2024-06-25
ORD-04446,CUST-00540,2023-04-05,Pending,Debit Card,Jewelry,HEART OF WICKER SMALL,2,2.05,UK,2023-04-05
ORD-04447,CUST-00667,2024-07-03,Delivered,Debit Card,Garden,BIRD HOUSE WOODLAND,24,11.93,UK,2024-07-03
ORD-04448,CUST-00709,2024-09-04,Delivered,Bank Transfer,Toys,VINTAGE CHRISTMAS PAPER GIFT BAG,1,1.35,UK,2024-09-04
ORD-04449,CUST-00088,2024-04-28,Delivered,Debit Card,Garden,BIRD HOUSE WOODLAND,1,9.69,UK,2024-04-28
ORD-04450,CUST-00063,2022-03-30,Delivered,PayPal,Toys,VINTAGE CHRISTMAS PAPER GIFT BAG,6,1.43,UK,2022-03-30
ORD-04451,CUST-00256,2022-02-25,Delivered,Credit Card,Stationery,PAPER CHAIN KIT VINTAGE CHRISTMAS,4,1.68,UK,2022-02-25
ORD-04452,CUST-00646,2023-04-28,Cancelled,Apple Pay,Jewelry,HEART OF WICKER SMALL,24,1.81,EU,2023-04-28
ORD-04453,CUST-00050,2022-02-02,Delivered,Bank Transfer,Clothing,FELTCRAFT DOLL MEGGY,1,10.49,EU,2022-02-02
ORD-04454,CUST-00498,2023-05-26,Cancelled,Bank Transfer,Clothing,FELTCRAFT DOLL MEGGY,48,10.56,UK,2023-05-26
ORD-04455,CUST-00466,2024-09-04,Delivered,PayPal,Bathroom,BATH BUILDING BLOCK WORD,12,5.97,UK,2024-09-04
ORD-04456,CUST-00366,2022-03-01,Shipped,Apple Pay,Garden,PLANT POT HOLDER,1,3.20,UK,2022-03-01
ORD-04457,CUST-00114,2022-09-14,Shipped,Credit Card,Jewelry,HEART OF WICKER LARGE,2,5.73,UK,2022-09-14
ORD-04458,CUST-00111,2023-08-11,Shipped,Debit Card,Kitchen,JUMBO BAG RED RETROSPOT,1,5.38,UK,2023-08-11
ORD-04459,CUST-00241,2022-05-19,Shipped,Debit Card,Kitchen,JUMBO BAG RED RETROSPOT,3,5.54,UK,2022-05-19
ORD-04460,CUST-00194,2023-01-09,Delivered,Credit Card,Jewelry,BLACK SKULL GIFT BAG,24,1.34,UK,2023-01-09
ORD-04461,CUST-00319,2024-03-15,Pending,Credit Card,Jewelry,BLACK SKULL GIFT BAG,3,1.45,EU,2024-03-15
ORD-04462,CUST-00147,2024-03-30,Delivered,Credit Card,Garden,BIRD HOUSE WOODLAND,1,10.25,EU,2024-03-30
ORD-04463,CUST-00395,2023-10-10,Refunded,PayPal,Stationery,"PAPER CRAFT , BABY BOY",1,2.75,UK,2023-10-10
ORD-04464,CUST-00314,2024-08-12,Cancelled,Bank Transfer,Toys,VINTAGE CHRISTMAS PAPER GIFT BAG,2,1.37,EU,2024-08-12
ORD-04465,CUST-00983,2022-09-19,Delivered,Bank Transfer,Bathroom,DOORMAT ENGLAND,3,4.82,EU,2022-09-19
ORD-04466,CUST-00714,2023-08-21,Shipped,Bank Transfer,Jewelry,PACK OF 6 SKULL PAPER PLATES,2,1.15,UK,2023-08-21
ORD-04467,CUST-00581,2022-12-20,Shipped,Credit Card,Garden,GARDENERS KNEELER DESK,6,9.34,EU,2022-12-20
ORD-04468,CUST-00162,2023-01-05,Delivered,Debit Card,Home Decor,SET OF 6 SKULLS GIFT BAGS,4,1.42,UK,2023-01-05
ORD-04469,CUST-00465,2023-07-14,Shipped,PayPal,Stationery,GREETING CARD SAFARI,6,1.19,UK,2023-07-14
ORD-04470,CUST-00544,2023-11-17,Delivered,Apple Pay,Toys,FELTCRAFT BUTTERFLY PURSE,3,5.51,EU,2023-11-17
ORD-04471,CUST-00977,2022-03-26,Shipped,PayPal,Bathroom,DOORMAT SPOTTY,12,4.99,UK,2022-03-26
ORD-04472,CUST-00640,2023-08-21,Shipped,Bank Transfer,Jewelry,PACK OF 6 SKULL PAPER PLATES,1,1.39,EU,2023-08-21
ORD-04473,CUST-00673,2024-02-25,Shipped,Debit Card,Bathroom,DOORMAT ENGLAND,48,5.10,EU,2024-02-25
ORD-04474,CUST-00845,2024-09-18,Shipped,PayPal,Jewelry,PACK OF 6 SKULL PAPER PLATES,1,1.22,EU,2024-09-18
ORD-04475,CUST-00894,2024-01-26,Delivered,Bank Transfer,Kitchen,LUNCH BOX WITH CUTLERY,48,4.36,EU,2024-01-26
ORD-04476,CUST-00552,2022-01-10,Delivered,Apple Pay,Garden,WATERING CAN PINK,2,6.24,UK,2022-01-10
ORD-04477,CUST-00603,2022-12-21,Delivered,Credit Card,Toys,WOODEN STAR CHRISTMAS SCANDI,6,2.11,UK,2022-12-21
ORD-04478,CUST-00915,2022-02-14,Delivered,Apple Pay,Clothing,WOOLLY HOPPIE WHITE HEART,2,3.88,EU,2022-02-14
ORD-04479,CUST-00696,2024-02-16,Delivered,PayPal,Clothing,MINI PAINT SET VINTAGE,1,3.09,UK,2024-02-16
ORD-04480,CUST-00926,2023-12-16,Pending,PayPal,Home Decor,HAND WARMER RED POLKA DOT,4,3.97,UK,2023-12-16
ORD-04481,CUST-00683,2022-02-03,Delivered,Bank Transfer,Kitchen,JUMBO BAG STRAWBERRY,2,5.79,EU,2022-02-03
ORD-04482,CUST-00248,2023-11-21,Shipped,Bank Transfer,Bathroom,DOORMAT UNION JACK,4,5.08,UK,2023-11-21
ORD-04483,CUST-00101,2023-05-15,Delivered,Debit Card,Home Decor,SET OF 6 SKULLS GIFT BAGS,4,1.13,EU,2023-05-15
ORD-04484,CUST-00822,2022-10-02,Shipped,PayPal,Clothing,WOOLLY HOPPIE WHITE HEART,4,3.81,UK,2022-10-02
ORD-04485,CUST-00864,2022-07-03,Delivered,Debit Card,Home Decor,JUMBO BAG VINTAGE LEAF,2,4.88,UK,2022-07-03
ORD-04486,CUST-00891,2023-05-17,Delivered,Apple Pay,Kitchen,LUNCH BAG WITH BLACK CAT,6,1.63,UK,2023-05-17
ORD-04487,CUST-00347,2023-03-10,Cancelled,Bank Transfer,Kitchen,JUMBO SHOPPER VINTAGE RED PAISLEY,48,7.67,UK,2023-03-10
ORD-04488,CUST-00534,2023-04-25,Pending,PayPal,Toys,VINTAGE CHRISTMAS PAPER GIFT BAG,1,1.46,UK,2023-04-25
ORD-04489,CUST-00374,2023-03-08,Delivered,Apple Pay,Stationery,PAPER CHAIN KIT VINTAGE CHRISTMAS,4,1.34,EU,2023-03-08
ORD-04490,CUST-00913,2023-03-07,Cancelled,Debit Card,Bathroom,DOORMAT SPOTTY,48,5.30,UK,2023-03-07
ORD-04491,CUST-00398,2023-08-06,Delivered,PayPal,Bathroom,BATH BOMB FIZZER SHEA BUTTER,2,1.31,UK,2023-08-06
ORD-04492,CUST-00123,2022-03-15,Shipped,Apple Pay,Clothing,WORLD WAR 2 GLIDERS ASSTD DESIGNS,2,3.42,EU,2022-03-15
ORD-04493,CUST-00343,2022-09-25,Cancelled,Credit Card,Stationery,PAPER CHAIN KIT VINTAGE CHRISTMAS,48,1.39,UK,2022-09-25
ORD-04494,CUST-00524,2022-03-10,Delivered,Credit Card,Kitchen,LUNCH BOX WITH CUTLERY,2,4.06,UK,2022-03-10
ORD-04495,CUST-00972,2023-08-05,Delivered,PayPal,Kitchen,LUNCH BOX WITH CUTLERY,3,3.86,EU,2023-08-05
ORD-04496,CUST-00572,2023-05-13,Delivered,Apple Pay,Clothing,MINI PAINT SET VINTAGE,4,3.00,UK,2023-05-13
ORD-04497,CUST-00494,2023-09-14,Refunded,Debit Card,Jewelry,PACK OF 6 SKULL PAPER CUPS,6,1.32,EU,2023-09-14
ORD-04498,CUST-00088,2022-12-22,Shipped,Credit Card,Jewelry,PACK OF 6 SKULL PAPER CUPS,2,1.21,UK,2022-12-22
ORD-04499,CUST-00267,2024-04-30,Refunded,Debit Card,Clothing,FELTCRAFT CUSHION FLOWER,1,10.66,UK,2024-04-30
ORD-04500,CUST-00781,2023-03-09,Shipped,Debit Card,Garden,PLANT POT HOLDER,6,3.30,UK,2023-03-09
ORD-04501,CUST-00005,2023-08-24,Cancelled,Credit Card,Kitchen,LUNCH BAG SUKI DESIGN,1,1.43,EU,2023-08-24
ORD-04502,CUST-00114,2024-02-11,Delivered,Apple Pay,Toys,WOODEN HEART CHRISTMAS SCANDI,2,2.32,UK,2024-02-11
ORD-04503,CUST-00846,2023-11-30,Delivered,Apple Pay,Toys,VINTAGE CHRISTMAS PAPER GIFT BAG,12,1.41,EU,2023-11-30
ORD-04504,CUST-00372,2022-01-05,Delivered,Debit Card,Jewelry,REGENCY TEACUP AND SAUCER,2,4.29,EU,2022-01-05
ORD-04505,CUST-00178,2023-03-04,Delivered,PayPal,Home Decor,ROSES REGENCY TEACUP AND SAUCER,1,3.59,EU,2023-03-04
ORD-04506,CUST-00503,2022-10-24,Shipped,Apple Pay,Stationery,GREETING CARD SAFARI,2,1.36,UK,2022-10-24
ORD-04507,CUST-00534,2022-11-02,Delivered,Credit Card,Bathroom,DOORMAT SPOTTY,6,4.46,UK,2022-11-02
ORD-04508,CUST-00223,2022-08-12,Delivered,PayPal,Clothing,FELTCRAFT PETAL BAG,1,5.72,UK,2022-08-12
ORD-04509,CUST-00786,2024-06-04,Delivered,Bank Transfer,Toys,FELTCRAFT GIRL AMELIE KIT,1,9.25,UK,2024-06-04
ORD-04510,CUST-00212,2024-01-13,Shipped,PayPal,Clothing,FELTCRAFT PETAL BAG,6,5.58,UK,2024-01-13
ORD-04511,CUST-00860,2023-12-09,Delivered,Credit Card,Stationery,PAPER CHAIN KIT VINTAGE CHRISTMAS,1,1.55,UK,2023-12-09
ORD-04512,CUST-00989,2023-12-05,Delivered,Apple Pay,Bathroom,BATH BUILDING BLOCK WORD,12,6.32,EU,2023-12-05
ORD-04513,CUST-00338,2022-05-23,Delivered,Apple Pay,Toys,VINTAGE CHRISTMAS PAPER GIFT BAG,4,1.48,UK,2022-05-23
ORD-04514,CUST-00343,2024-06-14,Pending,Credit Card,Home Decor,ROSES REGENCY TEACUP AND SAUCER,24,4.46,UK,2024-06-14
ORD-04515,CUST-00097,2022-03-22,Delivered,Apple Pay,Jewelry,BLACK SKULL GIFT BAG,24,1.52,EU,2022-03-22
ORD-04516,CUST-00031,2023-02-07,Shipped,Apple Pay,Home Decor,SET OF 3 BUTTERFLY COOKIE CUTTERS,3,2.00,UK,2023-02-07
ORD-04517,CUST-00312,2022-09-10,Shipped,PayPal,Toys,WOODEN STAR CHRISTMAS SCANDI,1,1.80,EU,2022-09-10
ORD-04518,CUST-00596,2022-07-25,Refunded,Bank Transfer,Toys,VINTAGE CHRISTMAS PAPER GIFT BAG,1,1.31,EU,2022-07-25
ORD-04519,CUST-00626,2023-09-08,Shipped,Credit Card,Kitchen,JUMBO BAG RED RETROSPOT,4,5.45,UK,2023-09-08
ORD-04520,CUST-00853,2023-10-11,Delivered,Credit Card,Home Decor,SET OF 6 SKULLS GIFT BAGS,2,1.21,UK,2023-10-11
ORD-04521,CUST-00676,2022-12-18,Pending,Bank Transfer,Home Decor,ROSES REGENCY TEACUP AND SAUCER,1,3.66,EU,2022-12-18
ORD-04522,CUST-00976,2022-04-11,Delivered,PayPal,Clothing,WORLD WAR 2 GLIDERS ASSTD DESIGNS,2,3.05,EU,2022-04-11
ORD-04523,CUST-00049,2023-05-29,Delivered,Credit Card,Clothing,FELTCRAFT DOLL MEGGY,1,9.05,EU,2023-05-29
ORD-04524,CUST-00468,2023-02-12,Shipped,PayPal,Kitchen,JUMBO BAG STRAWBERRY,1,5.73,EU,2023-02-12
ORD-04525,CUST-00870,2022-03-15,Delivered,Debit Card,Jewelry,HEART OF WICKER LARGE,1,5.26,UK,2022-03-15
ORD-04526,CUST-00819,2023-06-04,Delivered,Debit Card,Clothing,FELTCRAFT DOLL MEGGY,3,9.41,UK,2023-06-04
ORD-04527,CUST-00932,2022-05-04,Shipped,Bank Transfer,Home Decor,WHITE HANGING HEART T-LIGHT HOLDER,24,2.72,UK,2022-05-04
ORD-04528,CUST-00453,2022-09-09,Shipped,Credit Card,Toys,WOODEN HEART CHRISTMAS SCANDI,2,2.09,UK,2022-09-09
ORD-04529,CUST-00419,2022-05-21,Delivered,Debit Card,Garden,PLANT POT HOLDER,2,3.40,UK,2022-05-21
ORD-04530,CUST-00982,2023-02-01,Pending,Apple Pay,Kitchen,LUNCH BAG WITH BLACK CAT,4,1.66,UK,2023-02-01
ORD-04531,CUST-00672,2023-08-01,Delivered,Credit Card,Garden,GARDENERS KNEELER DESK,4,8.84,UK,2023-08-01
ORD-04532,CUST-00911,2022-09-27,Delivered,PayPal,Kitchen,LUNCH BAG WITH BLACK CAT,3,1.55,EU,2022-09-27
ORD-04533,CUST-00195,2024-01-29,Delivered,Bank Transfer,Jewelry,REGENCY TEACUP AND SAUCER,12,4.29,UK,2024-01-29
ORD-04534,CUST-00492,2024-06-21,Shipped,Apple Pay,Stationery,PAPER CHAIN KIT VINTAGE CHRISTMAS,12,1.34,EU,2024-06-21
ORD-04535,CUST-00549,2024-03-06,Delivered,Credit Card,Stationery,"PAPER CRAFT , BABY GIRL",2,2.96,EU,2024-03-06
ORD-04536,CUST-00725,2023-09-01,Shipped,Bank Transfer,Jewelry,PACK OF 6 SKULL PAPER PLATES,12,1.39,UK,2023-09-01
ORD-04537,CUST-00763,2022-08-02,Delivered,PayPal,Stationery,"PAPER CRAFT , BABY BOY",3,2.78,EU,2022-08-02
ORD-04538,CUST-00983,2024-04-06,Pending,Credit Card,Clothing,MINI PAINT SET VINTAGE,3,2.82,EU,2024-04-06
ORD-04539,CUST-00594,2022-02-01,Delivered,Credit Card,Bathroom,DOORMAT ENGLAND,1,5.40,EU,2022-02-01
ORD-04540,CUST-00576,2023-12-24,Delivered,Apple Pay,Garden,GARDENERS KNEELER DESK,4,8.13,EU,2023-12-24
ORD-04541,CUST-00043,2022-01-30,Cancelled,Debit Card,Stationery,"PAPER CRAFT , BABY BOY",1,3.25,EU,2022-01-30
ORD-04542,CUST-00949,2023-07-17,Pending,Credit Card,Jewelry,WHITE SKULL GIFT BAG,4,1.54,EU,2023-07-17
ORD-04543,CUST-00162,2023-03-14,Shipped,Bank Transfer,Home Decor,WHITE HANGING HEART T-LIGHT HOLDER,6,3.17,UK,2023-03-14
ORD-04544,CUST-00439,2022-07-24,Delivered,Debit Card,Home Decor,SET OF 6 SKULLS GIFT BAGS,2,1.48,UK,2022-07-24
ORD-04545,CUST-00303,2023-01-20,Shipped,Bank Transfer,Bathroom,BATH BOMB FIZZER SHEA BUTTER,3,1.73,UK,2023-01-20
ORD-04546,CUST-00001,2023-12-15,Pending,Bank Transfer,Stationery,GREETING CARD SAFARI,3,1.34,EU,2023-12-15
ORD-04547,CUST-00676,2024-06-01,Delivered,Apple Pay,Garden,GARDENERS KNEELER DESK,2,7.84,EU,2024-06-01
ORD-04548,CUST-00418,2023-02-05,Delivered,Debit Card,Toys,WOODEN HEART CHRISTMAS SCANDI,2,1.94,UK,2023-02-05
ORD-04549,CUST-00616,2023-09-04,Pending,PayPal,Bathroom,BATH BUILDING BLOCK WORD,1,5.80,EU,2023-09-04
ORD-04550,CUST-00278,2023-05-23,Delivered,Debit Card,Stationery,"PAPER CRAFT , BABY GIRL",12,3.23,UK,2023-05-23
ORD-04551,CUST-00736,2024-09-18,Delivered,Apple Pay,Jewelry,REGENCY TEACUP AND SAUCER,1,3.77,EU,2024-09-18
ORD-04552,CUST-00128,2022-04-07,Pending,Apple Pay,Kitchen,JUMBO BAG RED RETROSPOT,12,4.95,EU,2022-04-07
ORD-04553,CUST-00821,2022-05-11,Shipped,Bank Transfer,Home Decor,JUMBO BAG VINTAGE LEAF,2,5.77,UK,2022-05-11
ORD-04554,CUST-00797,2023-08-01,Shipped,Credit Card,Toys,VINTAGE CHRISTMAS PAPER GIFT BAG,12,1.60,EU,2023-08-01
ORD-04555,CUST-00314,2023-01-31,Pending,PayPal,Home Decor,WHITE HANGING HEART T-LIGHT HOLDER,12,3.34,EU,2023-01-31
ORD-04556,CUST-00623,2022-01-27,Pending,Apple Pay,Stationery,GREETING CARD SAFARI,6,1.13,UK,2022-01-27
ORD-04557,CUST-00688,2023-04-07,Shipped,Apple Pay,Kitchen,JUMBO BAG RED RETROSPOT,48,5.83,UK,2023-04-07
ORD-04558,CUST-00961,2024-02-16,Delivered,PayPal,Garden,GARDENERS KNEELER DESK,1,8.21,EU,2024-02-16
ORD-04559,CUST-00746,2024-02-11,Delivered,Apple Pay,Toys,WOODEN HEART CHRISTMAS SCANDI,1,2.25,UK,2024-02-11
ORD-04560,CUST-00652,2022-08-04,Pending,Apple Pay,Home Decor,HAND WARMER RED POLKA DOT,3,3.33,UK,2022-08-04
ORD-04561,CUST-00326,2022-08-13,Pending,Debit Card,Jewelry,PACK OF 6 SKULL PAPER CUPS,2,1.15,EU,2022-08-13
ORD-04562,CUST-00983,2023-11-08,Delivered,PayPal,Home Decor,WHITE HANGING HEART T-LIGHT HOLDER,2,2.77,EU,2023-11-08
ORD-04563,CUST-00671,2022-04-17,Pending,Apple Pay,Clothing,FELTCRAFT CUSHION FLOWER,1,10.84,EU,2022-04-17
ORD-04564,CUST-00672,2022-11-04,Delivered,Credit Card,Home Decor,HAND WARMER RED POLKA DOT,1,3.41,UK,2022-11-04
ORD-04565,CUST-00592,2022-03-06,Delivered,PayPal,Bathroom,DOORMAT ENGLAND,1,5.31,EU,2022-03-06
ORD-04566,CUST-00579,2023-08-27,Pending,Debit Card,Stationery,"PAPER CRAFT , BABY BOY",3,3.31,UK,2023-08-27
ORD-04567,CUST-00779,2023-04-04,Delivered,Bank Transfer,Kitchen,LUNCH BAG WITH BLACK CAT,1,1.54,EU,2023-04-04
ORD-04568,CUST-00399,2024-05-01,Shipped,Apple Pay,Stationery,"PAPER CRAFT , BABY GIRL",1,3.21,UK,2024-05-01
ORD-04569,CUST-00592,2024-07-04,Shipped,PayPal,Garden,GARDENERS KNEELER DESK,12,9.15,EU,2024-07-04
ORD-04570,CUST-00018,2024-09-24,Delivered,Debit Card,Jewelry,BLACK SKULL GIFT BAG,1,1.57,UK,2024-09-24
ORD-04571,CUST-00547,2023-10-31,Shipped,Apple Pay,Stationery,GREETING CARD SAFARI,1,1.38,UK,2023-10-31
ORD-04572,CUST-00103,2023-12-09,Delivered,Debit Card,Toys,VINTAGE CHRISTMAS PAPER GIFT BAG,1,1.41,UK,2023-12-09
ORD-04573,CUST-00649,2023-12-24,Pending,Bank Transfer,Jewelry,HEART OF WICKER LARGE,12,5.67,EU,2023-12-24
ORD-04574,CUST-00771,2022-01-05,Delivered,PayPal,Garden,BIRD HOUSE WOODLAND,1,9.45,UK,2022-01-05
ORD-04575,CUST-00956,2022-05-01,Shipped,Credit Card,Bathroom,DOORMAT SPOTTY,3,5.27,UK,2022-05-01
ORD-04576,CUST-00080,2023-03-25,Delivered,Bank Transfer,Toys,WOODEN STAR CHRISTMAS SCANDI,3,1.79,UK,2023-03-25
ORD-04577,CUST-00863,2023-12-23,Delivered,Apple Pay,Stationery,"PAPER CRAFT , BABY BOY",2,3.18,EU,2023-12-23
ORD-04578,CUST-00566,2022-08-22,Pending,Debit Card,Jewelry,HEART OF WICKER SMALL,1,1.77,EU,2022-08-22
ORD-04579,CUST-00544,2022-02-04,Shipped,Apple Pay,Stationery,"PAPER CRAFT , BABY BOY",2,3.04,EU,2022-02-04
ORD-04580,CUST-00771,2022-08-03,Delivered,Bank Transfer,Home Decor,JUMBO BAG VINTAGE LEAF,1,5.70,UK,2022-08-03
ORD-04581,CUST-00449,2024-06-11,Delivered,PayPal,Toys,WOODEN HEART CHRISTMAS SCANDI,3,1.82,EU,2024-06-11
ORD-04582,CUST-00778,2023-01-23,Shipped,Bank Transfer,Jewelry,HEART OF WICKER SMALL,2,2.30,UK,2023-01-23
ORD-04583,CUST-00066,2024-05-11,Delivered,PayPal,Home Decor,ROSES REGENCY TEACUP AND SAUCER,24,3.69,UK,2024-05-11
ORD-04584,CUST-00715,2022-11-20,Shipped,PayPal,Garden,WATERING CAN PINK,1,6.69,EU,2022-11-20
ORD-04585,CUST-00784,2024-09-22,Delivered,Apple Pay,Home Decor,JUMBO BAG VINTAGE LEAF,2,5.52,EU,2024-09-22
ORD-04586,CUST-00545,2024-01-08,Delivered,Apple Pay,Kitchen,LUNCH BOX WITH CUTLERY,48,3.74,EU,2024-01-08
ORD-04587,CUST-00588,2023-01-10,Cancelled,Credit Card,Kitchen,JUMBO BAG RED RETROSPOT,4,5.67,EU,2023-01-10
ORD-04588,CUST-00839,2024-07-03,Shipped,Debit Card,Kitchen,LUNCH BAG SUKI DESIGN,2,1.49,EU,2024-07-03
ORD-04589,CUST-00557,2022-10-21,Delivered,Bank Transfer,Garden,PLANT POT HOLDER,1,3.06,EU,2022-10-21
ORD-04590,CUST-00038,2024-02-08,Delivered,Apple Pay,Jewelry,BLACK SKULL GIFT BAG,2,1.59,EU,2024-02-08
ORD-04591,CUST-00010,2022-08-03,Refunded,Apple Pay,Jewelry,HEART OF WICKER SMALL,3,2.05,UK,2022-08-03
ORD-04592,CUST-00229,2022-07-01,Delivered,PayPal,Bathroom,BATH BOMB FIZZER SHEA BUTTER,2,1.61,UK,2022-07-01
ORD-04593,CUST-00522,2022-11-03,Delivered,PayPal,Stationery,"PAPER CRAFT , BABY GIRL",1,3.47,UK,2022-11-03
ORD-04594,CUST-00386,2024-03-07,Delivered,Debit Card,Home Decor,ROSES REGENCY TEACUP AND SAUCER,4,4.34,EU,2024-03-07
ORD-04595,CUST-00251,2022-05-22,Shipped,PayPal,Bathroom,DOORMAT SPOTTY,3,5.77,UK,2022-05-22
ORD-04596,CUST-00463,2024-06-20,Delivered,Bank Transfer,Kitchen,JUMBO BAG RED RETROSPOT,2,4.93,UK,2024-06-20
ORD-04597,CUST-00874,2023-02-17,Shipped,Apple Pay,Toys,FELTCRAFT GIRL AMELIE KIT,24,9.77,UK,2023-02-17
ORD-04598,CUST-00008,2022-10-03,Refunded,Debit Card,Jewelry,WHITE SKULL GIFT BAG,1,1.38,UK,2022-10-03
ORD-04599,CUST-00476,2024-02-05,Delivered,Debit Card,Kitchen,JUMBO SHOPPER VINTAGE RED PAISLEY,2,7.64,UK,2024-02-05
ORD-04600,CUST-00733,2023-08-17,Cancelled,PayPal,Clothing,WORLD WAR 2 GLIDERS ASSTD DESIGNS,3,3.21,EU,2023-08-17
ORD-04601,CUST-00493,2024-07-02,Refunded,Bank Transfer,Stationery,PAPER CHAIN KIT VINTAGE CHRISTMAS,4,1.38,UK,2024-07-02
ORD-04602,CUST-00026,2022-10-13,Delivered,Bank Transfer,Home Decor,SET OF 3 BUTTERFLY COOKIE CUTTERS,4,1.96,UK,2022-10-13
ORD-04603,CUST-00771,2023-08-08,Refunded,Debit Card,Clothing,WORLD WAR 2 GLIDERS ASSTD DESIGNS,1,3.12,UK,2023-08-08
ORD-04604,CUST-00941,2024-01-12,Delivered,PayPal,Kitchen,LUNCH BAG SUKI DESIGN,6,1.37,UK,2024-01-12
ORD-04605,CUST-00093,2023-12-20,Shipped,Apple Pay,Clothing,FELTCRAFT CUSHION FLOWER,48,11.74,EU,2023-12-20
ORD-04606,CUST-00772,2024-05-25,Shipped,PayPal,Clothing,WORLD WAR 2 GLIDERS ASSTD DESIGNS,1,3.49,UK,2024-05-25
ORD-04607,CUST-00247,2022-04-08,Cancelled,PayPal,Clothing,WOOLLY HOPPIE WHITE HEART,3,4.35,EU,2022-04-08
ORD-04608,CUST-00282,2023-07-07,Delivered,PayPal,Garden,GARDEN TOOL SET 3PC,2,11.91,UK,2023-07-07
ORD-04609,CUST-00552,2022-03-29,Shipped,Credit Card,Toys,FELTCRAFT GIRL AMELIE KIT,12,10.52,UK,2022-03-29
ORD-04610,CUST-00053,2022-07-27,Cancelled,Debit Card,Home Decor,SET OF 6 SKULLS GIFT BAGS,2,1.21,EU,2022-07-27
ORD-04611,CUST-00518,2023-11-15,Shipped,Apple Pay,Kitchen,LUNCH BOX WITH CUTLERY,2,3.59,EU,2023-11-15
ORD-04612,CUST-00010,2024-02-13,Delivered,Bank Transfer,Bathroom,DOORMAT SPOTTY,48,5.32,UK,2024-02-13
ORD-04613,CUST-00369,2023-05-31,Delivered,Bank Transfer,Stationery,"PAPER CRAFT , BABY BOY",1,3.39,UK,2023-05-31
ORD-04614,CUST-00670,2024-01-27,Delivered,Credit Card,Kitchen,LUNCH BAG WITH BLACK CAT,1,1.37,EU,2024-01-27
ORD-04615,CUST-00538,2024-07-17,Delivered,Bank Transfer,Stationery,PAPER CHAIN KIT VINTAGE CHRISTMAS,1,1.54,UK,2024-07-17
ORD-04616,CUST-00300,2022-02-21,Delivered,Apple Pay,Jewelry,WHITE SKULL GIFT BAG,1,1.50,EU,2022-02-21
ORD-04617,CUST-00844,2022-06-24,Delivered,Apple Pay,Toys,FELTCRAFT PRINCESS CHARLOTTE DOLL,1,8.11,EU,2022-06-24
ORD-04618,CUST-00450,2023-10-18,Shipped,Bank Transfer,Home Decor,JUMBO BAG VINTAGE LEAF,3,5.63,EU,2023-10-18
ORD-04619,CUST-00956,2023-02-11,Shipped,Credit Card,Jewelry,REGENCY TEACUP AND SAUCER,1,3.61,UK,2023-02-11
ORD-04620,CUST-00873,2023-04-26,Shipped,Bank Transfer,Toys,FELTCRAFT BUTTERFLY PURSE,1,5.43,EU,2023-04-26
ORD-04621,CUST-00991,2024-08-25,Shipped,Bank Transfer,Kitchen,LUNCH BOX WITH CUTLERY,3,3.39,UK,2024-08-25
ORD-04622,CUST-00320,2022-10-18,Delivered,Bank Transfer,Jewelry,HEART OF WICKER SMALL,1,2.24,EU,2022-10-18
ORD-04623,CUST-00289,2024-04-06,Refunded,PayPal,Jewelry,PACK OF 6 SKULL PAPER CUPS,1,1.16,EU,2024-04-06
ORD-04624,CUST-00874,2023-11-28,Pending,Credit Card,Jewelry,BLACK SKULL GIFT BAG,4,1.68,UK,2023-11-28
ORD-04625,CUST-00063,2023-02-26,Shipped,Bank Transfer,Clothing,FELTCRAFT CUSHION FLOWER,48,9.25,UK,2023-02-26
ORD-04626,CUST-00442,2023-06-21,Shipped,PayPal,Home Decor,JUMBO BAG VINTAGE LEAF,48,5.90,EU,2023-06-21
ORD-04627,CUST-00314,2023-10-13,Shipped,Apple Pay,Kitchen,JUMBO BAG STRAWBERRY,1,4.46,EU,2023-10-13
ORD-04628,CUST-00936,2022-12-27,Pending,Credit Card,Garden,BIRD HOUSE WOODLAND,1,11.63,UK,2022-12-27
ORD-04629,CUST-00650,2022-03-23,Pending,Bank Transfer,Home Decor,WHITE HANGING HEART T-LIGHT HOLDER,3,3.12,EU,2022-03-23
ORD-04630,CUST-00766,2022-07-07,Delivered,Credit Card,Home Decor,HAND WARMER RED POLKA DOT,4,3.85,UK,2022-07-07
ORD-04631,CUST-00304,2023-03-29,Shipped,PayPal,Stationery,PAPER CHAIN KIT VINTAGE CHRISTMAS,3,1.58,EU,2023-03-29
ORD-04632,CUST-00205,2024-07-19,Delivered,Bank Transfer,Toys,VINTAGE CHRISTMAS PAPER GIFT BAG,6,1.58,EU,2024-07-19
ORD-04633,CUST-00913,2024-09-14,Pending,Bank Transfer,Kitchen,LUNCH BAG WITH BLACK CAT,24,1.43,UK,2024-09-14
ORD-04634,CUST-00642,2023-04-27,Delivered,Debit Card,Toys,WOODEN HEART CHRISTMAS SCANDI,3,1.92,EU,2023-04-27
ORD-04635,CUST-00869,2022-02-27,Delivered,PayPal,Kitchen,LUNCH BOX WITH CUTLERY,24,3.86,UK,2022-02-27
ORD-04636,CUST-00157,2022-12-21,Shipped,PayPal,Home Decor,SET OF 3 BUTTERFLY COOKIE CUTTERS,6,2.09,UK,2022-12-21
ORD-04637,CUST-00868,2023-10-20,Cancelled,Bank Transfer,Home Decor,WHITE HANGING HEART T-LIGHT HOLDER,2,3.36,UK,2023-10-20
ORD-04638,CUST-00775,2022-06-22,Shipped,Credit Card,Home Decor,REGENCY CAKESTAND 3 TIER,3,12.91,UK,2022-06-22
ORD-04639,CUST-00355,2023-03-12,Delivered,Credit Card,Jewelry,WHITE SKULL GIFT BAG,24,1.32,UK,2023-03-12
ORD-04640,CUST-00259,2023-11-04,Shipped,Credit Card,Toys,FELTCRAFT PRINCESS CHARLOTTE DOLL,2,10.55,UK,2023-11-04
ORD-04641,CUST-00512,2024-02-18,Shipped,PayPal,Clothing,MINI PAINT SET VINTAGE,1,3.06,EU,2024-02-18
ORD-04642,CUST-00754,2024-06-06,Delivered,Debit Card,Kitchen,JUMBO BAG STRAWBERRY,1,5.82,UK,2024-06-06
ORD-04643,CUST-00300,2022-01-06,Delivered,Debit Card,Clothing,MINI PAINT SET VINTAGE,6,2.81,EU,2022-01-06
ORD-04644,CUST-00520,2024-03-16,Delivered,Credit Card,Jewelry,REGENCY TEACUP AND SAUCER,24,3.46,UK,2024-03-16
ORD-04645,CUST-00522,2022-05-23,Pending,Bank Transfer,Jewelry,PACK OF 6 SKULL PAPER PLATES,12,1.38,UK,2022-05-23
ORD-04646,CUST-00894,2024-04-14,Shipped,Apple Pay,Stationery,PAPER CHAIN KIT 50'S CHRISTMAS,3,1.36,EU,2024-04-14
ORD-04647,CUST-00441,2022-12-02,Delivered,Bank Transfer,Home Decor,REGENCY CAKESTAND 3 TIER,2,11.65,UK,2022-12-02
ORD-04648,CUST-00755,2024-02-07,Cancelled,Credit Card,Home Decor,SET OF 6 SKULLS GIFT BAGS,48,1.18,EU,2024-02-07
ORD-04649,CUST-00238,2024-04-17,Refunded,Debit Card,Jewelry,HEART OF WICKER SMALL,1,1.79,UK,2024-04-17
ORD-04650,CUST-00375,2022-09-14,Delivered,Debit Card,Home Decor,HAND WARMER RED POLKA DOT,4,3.22,EU,2022-09-14
ORD-04651,CUST-00808,2022-10-16,Shipped,Debit Card,Bathroom,BATH BUILDING BLOCK WORD,3,6.26,EU,2022-10-16
ORD-04652,CUST-00494,2023-09-03,Delivered,PayPal,Jewelry,BLACK SKULL GIFT BAG,2,1.42,EU,2023-09-03
ORD-04653,CUST-00159,2023-06-22,Pending,Debit Card,Clothing,FELTCRAFT DOLL MEGGY,3,9.01,UK,2023-06-22
ORD-04654,CUST-00027,2022-04-09,Shipped,Bank Transfer,Toys,FELTCRAFT GIRL AMELIE KIT,2,8.74,EU,2022-04-09
ORD-04655,CUST-00672,2022-02-17,Delivered,Credit Card,Bathroom,BATH BUILDING BLOCK WORD,6,6.41,UK,2022-02-17
ORD-04656,CUST-00341,2023-11-19,Delivered,Bank Transfer,Kitchen,JUMBO BAG RED RETROSPOT,6,4.86,EU,2023-11-19
ORD-04657,CUST-00677,2022-11-19,Pending,Debit Card,Kitchen,LUNCH BAG RED RETROSPOT,2,1.32,EU,2022-11-19
ORD-04658,CUST-00934,2022-03-02,Delivered,Bank Transfer,Home Decor,SET OF 3 BUTTERFLY COOKIE CUTTERS,2,1.85,UK,2022-03-02
ORD-04659,CUST-00260,2022-08-26,Delivered,Credit Card,Bathroom,DOORMAT ENGLAND,1,5.30,EU,2022-08-26
ORD-04660,CUST-00483,2024-01-02,Pending,Debit Card,Kitchen,LUNCH BAG SUKI DESIGN,2,1.41,EU,2024-01-02
ORD-04661,CUST-00728,2024-06-30,Delivered,PayPal,Bathroom,BATH BOMB FIZZER SHEA BUTTER,2,1.53,UK,2024-06-30
ORD-04662,CUST-00938,2023-05-14,Delivered,Bank Transfer,Toys,FELTCRAFT GIRL AMELIE KIT,2,9.87,UK,2023-05-14
ORD-04663,CUST-00301,2024-08-26,Pending,Debit Card,Bathroom,DOORMAT UNION JACK,3,5.06,EU,2024-08-26
ORD-04664,CUST-00225,2022-10-27,Delivered,Bank Transfer,Stationery,PAPER CHAIN KIT 50'S CHRISTMAS,2,1.33,UK,2022-10-27
ORD-04665,CUST-00270,2023-07-11,Pending,Bank Transfer,Kitchen,LUNCH BAG RED RETROSPOT,1,1.55,EU,2023-07-11
ORD-04666,CUST-00530,2022-12-31,Delivered,Debit Card,Jewelry,HEART OF WICKER SMALL,1,2.13,UK,2022-12-31
ORD-04667,CUST-00810,2022-10-16,Pending,Debit Card,Toys,FELTCRAFT PRINCESS CHARLOTTE DOLL,4,9.63,UK,2022-10-16
ORD-04668,CUST-00595,2022-01-19,Pending,Apple Pay,Bathroom,BATH BUILDING BLOCK WORD,6,5.56,EU,2022-01-19
ORD-04669,CUST-00793,2023-01-18,Pending,Bank Transfer,Clothing,FELTCRAFT CUSHION FLOWER,2,11.86,UK,2023-01-18
ORD-04670,CUST-00429,2022-02-22,Shipped,Credit Card,Toys,FELTCRAFT BUTTERFLY PURSE,1,6.35,UK,2022-02-22
ORD-04671,CUST-00438,2023-04-16,Shipped,PayPal,Home Decor,ROSES REGENCY TEACUP AND SAUCER,2,3.96,UK,2023-04-16
ORD-04672,CUST-00855,2022-09-07,Delivered,PayPal,Jewelry,BLACK SKULL GIFT BAG,3,1.41,UK,2022-09-07
ORD-04673,CUST-00161,2022-08-24,Delivered,Debit Card,Jewelry,HEART OF WICKER LARGE,6,5.86,UK,2022-08-24
ORD-04674,CUST-00012,2023-01-02,Shipped,PayPal,Home Decor,SET OF 3 BUTTERFLY COOKIE CUTTERS,48,2.20,UK,2023-01-02
ORD-04675,CUST-00139,2022-02-12,Delivered,Apple Pay,Clothing,FELTCRAFT PETAL BAG,4,6.87,UK,2022-02-12
ORD-04676,CUST-00355,2024-05-06,Delivered,Debit Card,Home Decor,ROSES REGENCY TEACUP AND SAUCER,1,4.28,UK,2024-05-06
ORD-04677,CUST-00298,2022-09-18,Delivered,Apple Pay,Clothing,FELTCRAFT CUSHION FLOWER,12,9.23,UK,2022-09-18
ORD-04678,CUST-00501,2022-10-06,Delivered,Debit Card,Clothing,FELTCRAFT DOLL MEGGY,2,10.68,UK,2022-10-06
ORD-04679,CUST-00689,2022-10-10,Delivered,Apple Pay,Jewelry,BLACK SKULL GIFT BAG,2,1.51,EU,2022-10-10
ORD-04680,CUST-00041,2022-03-11,Delivered,PayPal,Jewelry,PACK OF 6 SKULL PAPER CUPS,48,1.30,EU,2022-03-11
ORD-04681,CUST-00843,2023-05-06,Cancelled,Debit Card,Garden,BIRD HOUSE WOODLAND,48,9.96,EU,2023-05-06
ORD-04682,CUST-00625,2023-11-11,Shipped,PayPal,Garden,BIRD HOUSE WOODLAND,1,11.73,EU,2023-11-11
ORD-04683,CUST-00022,2023-02-16,Delivered,Apple Pay,Garden,GARDEN TOOL SET 3PC,2,15.18,EU,2023-02-16
ORD-04684,CUST-00099,2022-10-28,Delivered,Bank Transfer,Kitchen,JUMBO BAG RED RETROSPOT,3,5.56,UK,2022-10-28
ORD-04685,CUST-00990,2024-06-30,Shipped,Bank Transfer,Garden,GARDENERS KNEELER DESK,2,8.68,UK,2024-06-30
ORD-04686,CUST-00877,2024-07-08,Delivered,Apple Pay,Clothing,FELTCRAFT CUSHION FLOWER,24,11.36,EU,2024-07-08
ORD-04687,CUST-00468,2024-01-07,Delivered,Apple Pay,Jewelry,REGENCY TEACUP AND SAUCER,2,3.45,EU,2024-01-07
ORD-04688,CUST-00603,2022-07-05,Shipped,Debit Card,Kitchen,LUNCH BAG RED RETROSPOT,2,1.53,UK,2022-07-05
ORD-04689,CUST-00316,2023-07-05,Delivered,Bank Transfer,Clothing,MINI PAINT SET VINTAGE,1,2.68,EU,2023-07-05
ORD-04690,CUST-00570,2022-04-24,Cancelled,Bank Transfer,Clothing,FELTCRAFT CUSHION FLOWER,2,11.74,UK,2022-04-24
ORD-04691,CUST-00336,2022-03-10,Delivered,Debit Card,Toys,WOODEN STAR CHRISTMAS SCANDI,4,2.08,UK,2022-03-10
ORD-04692,CUST-00862,2023-05-18,Delivered,Apple Pay,Jewelry,PACK OF 6 SKULL PAPER PLATES,12,1.19,UK,2023-05-18
ORD-04693,CUST-00657,2022-06-18,Shipped,Apple Pay,Toys,FELTCRAFT PRINCESS CHARLOTTE DOLL,3,10.50,UK,2022-06-18
ORD-04694,CUST-00066,2023-06-27,Shipped,PayPal,Jewelry,HEART OF WICKER LARGE,12,4.49,UK,2023-06-27
ORD-04695,CUST-00694,2022-07-17,Delivered,Debit Card,Toys,FELTCRAFT BUTTERFLY PURSE,6,6.92,EU,2022-07-17
ORD-04696,CUST-00064,2024-07-09,Delivered,Credit Card,Clothing,FELTCRAFT CUSHION FLOWER,6,9.60,EU,2024-07-09
ORD-04697,CUST-00543,2023-05-21,Pending,Credit Card,Garden,GARDENERS KNEELER DESK,2,8.12,UK,2023-05-21
ORD-04698,CUST-00446,2023-07-15,Delivered,Credit Card,Clothing,MINI PAINT SET VINTAGE,3,2.88,EU,2023-07-15
ORD-04699,CUST-00278,2024-02-04,Delivered,Credit Card,Clothing,FELTCRAFT PETAL BAG,2,5.36,UK,2024-02-04
ORD-04700,CUST-00804,2022-09-02,Delivered,Credit Card,Stationery,"PAPER CRAFT , BABY BOY",2,2.69,EU,2022-09-02
ORD-04701,CUST-00053,2022-02-11,Delivered,Apple Pay,Clothing,FELTCRAFT DOLL MEGGY,2,10.66,EU,2022-02-11
ORD-04702,CUST-00498,2022-06-15,Shipped,Apple Pay,Home Decor,REGENCY CAKESTAND 3 TIER,3,13.48,UK,2022-06-15
ORD-04703,CUST-00516,2022-11-09,Shipped,Debit Card,Jewelry,REGENCY TEACUP AND SAUCER,12,4.22,EU,2022-11-09
ORD-04704,CUST-00761,2023-05-13,Delivered,Apple Pay,Bathroom,DOORMAT UNION JACK,1,5.33,UK,2023-05-13
ORD-04705,CUST-00153,2024-07-30,Delivered,Debit Card,Garden,WATERING CAN PINK,1,6.88,EU,2024-07-30
ORD-04706,CUST-00832,2022-11-26,Refunded,Bank Transfer,Stationery,PAPER CHAIN KIT VINTAGE CHRISTMAS,2,1.66,UK,2022-11-26
ORD-04707,CUST-00751,2024-05-06,Delivered,Debit Card,Garden,WATERING CAN PINK,3,6.85,EU,2024-05-06
ORD-04708,CUST-00978,2022-03-03,Delivered,PayPal,Jewelry,REGENCY TEACUP AND SAUCER,2,3.45,EU,2022-03-03
ORD-04709,CUST-00193,2023-10-26,Delivered,Credit Card,Jewelry,PACK OF 6 SKULL PAPER PLATES,4,1.18,EU,2023-10-26
ORD-04710,CUST-00816,2022-05-04,Delivered,Debit Card,Stationery,"PAPER CRAFT , BABY GIRL",4,3.09,EU,2022-05-04
ORD-04711,CUST-00732,2023-05-02,Shipped,Debit Card,Stationery,PAPER CHAIN KIT 50'S CHRISTMAS,1,1.58,UK,2023-05-02
ORD-04712,CUST-00718,2022-06-11,Shipped,Credit Card,Home Decor,HAND WARMER UNION JACK FLG,1,4.03,EU,2022-06-11
ORD-04713,CUST-00048,2023-02-23,Delivered,Bank Transfer,Bathroom,DOORMAT ENGLAND,1,5.79,UK,2023-02-23
ORD-04714,CUST-00477,2022-01-01,Delivered,Debit Card,Garden,PLANT POT HOLDER,1,3.34,UK,2022-01-01
ORD-04715,CUST-00903,2023-12-07,Delivered,Bank Transfer,Stationery,"PAPER CRAFT , BABY BOY",3,3.28,UK,2023-12-07
ORD-04716,CUST-00441,2023-02-25,Delivered,PayPal,Home Decor,SET OF 3 BUTTERFLY COOKIE CUTTERS,4,1.95,UK,2023-02-25
ORD-04717,CUST-00183,2023-09-15,Cancelled,PayPal,Clothing,WORLD WAR 2 GLIDERS ASSTD DESIGNS,2,3.16,UK,2023-09-15
ORD-04718,CUST-00216,2024-07-19,Delivered,Bank Transfer,Toys,VINTAGE CHRISTMAS PAPER GIFT BAG,3,1.35,UK,2024-07-19
ORD-04719,CUST-00408,2024-06-24,Delivered,Debit Card,Kitchen,LUNCH BAG WITH BLACK CAT,24,1.38,EU,2024-06-24
ORD-04720,CUST-00756,2023-02-10,Delivered,Debit Card,Garden,PLANT POT HOLDER,2,3.50,UK,2023-02-10
ORD-04721,CUST-00589,2023-03-08,Shipped,Bank Transfer,Kitchen,JUMBO BAG STRAWBERRY,2,4.91,EU,2023-03-08
ORD-04722,CUST-00130,2023-01-29,Delivered,Apple Pay,Garden,GARDEN TOOL SET 3PC,2,14.86,EU,2023-01-29
ORD-04723,CUST-00162,2023-09-28,Pending,Credit Card,Jewelry,BLACK SKULL GIFT BAG,1,1.39,UK,2023-09-28
ORD-04724,CUST-00328,2023-11-11,Delivered,Bank Transfer,Clothing,FELTCRAFT CUSHION FLOWER,6,10.00,EU,2023-11-11
ORD-04725,CUST-00933,2023-10-01,Delivered,Bank Transfer,Kitchen,JUMBO BAG STRAWBERRY,1,4.50,EU,2023-10-01
ORD-04726,CUST-00232,2024-02-29,Delivered,Bank Transfer,Kitchen,JUMBO SHOPPER VINTAGE RED PAISLEY,12,6.58,UK,2024-02-29
ORD-04727,CUST-00394,2022-10-21,Delivered,PayPal,Stationery,"PAPER CRAFT , BABY BOY",2,3.51,UK,2022-10-21
ORD-04728,CUST-00240,2023-10-05,Refunded,Credit Card,Clothing,FELTCRAFT PETAL BAG,3,5.85,EU,2023-10-05
ORD-04729,CUST-00709,2022-12-09,Shipped,Debit Card,Stationery,PAPER CHAIN KIT VINTAGE CHRISTMAS,48,1.43,UK,2022-12-09
ORD-04730,CUST-00968,2023-04-23,Delivered,Credit Card,Toys,VINTAGE CHRISTMAS PAPER GIFT BAG,4,1.70,UK,2023-04-23
ORD-04731,CUST-00375,2024-09-17,Delivered,PayPal,Toys,FELTCRAFT BUTTERFLY PURSE,12,5.78,EU,2024-09-17
ORD-04732,CUST-00464,2024-03-05,Delivered,Apple Pay,Home Decor,SET OF 6 SKULLS GIFT BAGS,1,1.21,EU,2024-03-05
ORD-04733,CUST-00776,2022-12-07,Delivered,Debit Card,Jewelry,BLACK SKULL GIFT BAG,3,1.43,EU,2022-12-07
ORD-04734,CUST-00419,2022-01-12,Refunded,PayPal,Kitchen,LUNCH BAG SUKI DESIGN,2,1.32,UK,2022-01-12
ORD-04735,CUST-00682,2024-09-14,Refunded,Apple Pay,Garden,WATERING CAN PINK,48,5.37,UK,2024-09-14
ORD-04736,CUST-00969,2023-05-20,Delivered,PayPal,Garden,WATERING CAN PINK,1,6.07,UK,2023-05-20
ORD-04737,CUST-00297,2024-08-08,Delivered,Apple Pay,Kitchen,JUMBO SHOPPER VINTAGE RED PAISLEY,1,6.65,EU,2024-08-08
ORD-04738,CUST-00858,2022-06-27,Cancelled,PayPal,Clothing,WORLD WAR 2 GLIDERS ASSTD DESIGNS,3,3.04,UK,2022-06-27
ORD-04739,CUST-00575,2022-09-10,Shipped,Credit Card,Stationery,PAPER CHAIN KIT 50'S CHRISTMAS,3,1.69,UK,2022-09-10
ORD-04740,CUST-00036,2022-12-21,Pending,Credit Card,Garden,BIRD HOUSE WOODLAND,3,9.95,UK,2022-12-21
ORD-04741,CUST-00495,2023-04-03,Delivered,PayPal,Clothing,MINI PAINT SET VINTAGE,48,3.43,EU,2023-04-03
ORD-04742,CUST-00078,2022-09-14,Delivered,Debit Card,Jewelry,PACK OF 6 SKULL PAPER PLATES,1,1.45,EU,2022-09-14
ORD-04743,CUST-00069,2024-02-23,Delivered,PayPal,Home Decor,JUMBO BAG VINTAGE LEAF,2,4.75,UK,2024-02-23
ORD-04744,CUST-00543,2023-05-20,Delivered,Debit Card,Jewelry,BLACK SKULL GIFT BAG,1,1.33,UK,2023-05-20
ORD-04745,CUST-00115,2022-04-02,Shipped,Bank Transfer,Home Decor,ROSES REGENCY TEACUP AND SAUCER,24,3.84,UK,2022-04-02
ORD-04746,CUST-00079,2024-07-26,Delivered,PayPal,Garden,GARDENERS KNEELER DESK,1,8.82,EU,2024-07-26
ORD-04747,CUST-00255,2023-11-23,Delivered,Bank Transfer,Kitchen,LUNCH BOX WITH CUTLERY,6,3.52,EU,2023-11-23
ORD-04748,CUST-00041,2022-01-03,Pending,Apple Pay,Clothing,FELTCRAFT PETAL BAG,4,5.52,EU,2022-01-03
ORD-04749,CUST-00708,2022-03-16,Delivered,Apple Pay,Kitchen,LUNCH BAG RED RETROSPOT,1,1.62,UK,2022-03-16
ORD-04750,CUST-00280,2024-06-19,Refunded,PayPal,Home Decor,HAND WARMER RED POLKA DOT,6,3.62,UK,2024-06-19
ORD-04751,CUST-00253,2023-07-22,Delivered,Credit Card,Stationery,"PAPER CRAFT , BABY BOY",6,3.49,UK,2023-07-22
ORD-04752,CUST-00829,2023-05-15,Delivered,Apple Pay,Kitchen,LUNCH BAG WITH BLACK CAT,12,1.53,UK,2023-05-15
ORD-04753,CUST-00256,2022-01-19,Shipped,Apple Pay,Home Decor,WHITE HANGING HEART T-LIGHT HOLDER,4,3.12,UK,2022-01-19
ORD-04754,CUST-00826,2024-05-23,Delivered,Apple Pay,Jewelry,PACK OF 6 SKULL PAPER PLATES,3,1.13,EU,2024-05-23
ORD-04755,CUST-00043,2022-08-10,Shipped,Credit Card,Toys,FELTCRAFT PRINCESS CHARLOTTE DOLL,1,8.10,EU,2022-08-10
ORD-04756,CUST-00349,2023-12-13,Delivered,Credit Card,Home Decor,HAND WARMER RED POLKA DOT,3,3.80,EU,2023-12-13
ORD-04757,CUST-00348,2022-12-16,Refunded,Apple Pay,Garden,BIRD HOUSE WOODLAND,48,11.07,EU,2022-12-16
ORD-04758,CUST-00738,2023-08-28,Pending,Debit Card,Jewelry,REGENCY TEACUP AND SAUCER,2,4.28,UK,2023-08-28
ORD-04759,CUST-00985,2022-04-10,Delivered,Bank Transfer,Kitchen,LUNCH BAG RED RETROSPOT,6,1.74,EU,2022-04-10
ORD-04760,CUST-00583,2024-09-10,Delivered,Debit Card,Bathroom,DOORMAT SPOTTY,2,5.78,UK,2024-09-10
ORD-04761,CUST-00935,2024-04-29,Delivered,PayPal,Bathroom,DOORMAT ENGLAND,24,5.88,UK,2024-04-29
ORD-04762,CUST-00148,2024-01-12,Delivered,Apple Pay,Toys,VINTAGE CHRISTMAS PAPER GIFT BAG,1,1.61,EU,2024-01-12
ORD-04763,CUST-00537,2023-04-14,Delivered,PayPal,Home Decor,ROSES REGENCY TEACUP AND SAUCER,2,3.55,UK,2023-04-14
ORD-04764,CUST-00637,2022-09-27,Delivered,PayPal,Toys,VINTAGE CHRISTMAS PAPER GIFT BAG,6,1.65,UK,2022-09-27
ORD-04765,CUST-00614,2024-06-01,Delivered,Credit Card,Kitchen,JUMBO BAG STRAWBERRY,12,5.03,UK,2024-06-01
ORD-04766,CUST-00251,2024-02-02,Delivered,Bank Transfer,Home Decor,SET OF 6 SKULLS GIFT BAGS,1,1.44,UK,2024-02-02
ORD-04767,CUST-00992,2024-06-11,Pending,Bank Transfer,Clothing,WOOLLY HOPPIE WHITE HEART,2,4.18,UK,2024-06-11
ORD-04768,CUST-00401,2023-06-09,Delivered,Debit Card,Garden,PLANT POT HOLDER,2,3.42,EU,2023-06-09
ORD-04769,CUST-00024,2024-05-19,Pending,Debit Card,Bathroom,DOORMAT ENGLAND,48,5.38,UK,2024-05-19
ORD-04770,CUST-00950,2022-10-25,Delivered,Bank Transfer,Toys,VINTAGE CHRISTMAS PAPER GIFT BAG,3,1.63,EU,2022-10-25
ORD-04771,CUST-00278,2024-06-15,Delivered,Apple Pay,Garden,PLANT POT HOLDER,1,3.00,UK,2024-06-15
ORD-04772,CUST-00899,2024-02-27,Pending,Debit Card,Garden,GARDENERS KNEELER DESK,1,9.27,EU,2024-02-27
ORD-04773,CUST-00024,2024-07-03,Delivered,Apple Pay,Toys,WOODEN STAR CHRISTMAS SCANDI,48,2.34,UK,2024-07-03
ORD-04774,CUST-00940,2022-07-10,Delivered,Debit Card,Toys,WOODEN HEART CHRISTMAS SCANDI,2,1.81,UK,2022-07-10
ORD-04775,CUST-00686,2024-03-08,Shipped,PayPal,Jewelry,PACK OF 6 SKULL PAPER CUPS,2,1.44,UK,2024-03-08
ORD-04776,CUST-00329,2022-01-14,Delivered,Apple Pay,Toys,FELTCRAFT PRINCESS CHARLOTTE DOLL,2,9.41,UK,2022-01-14
ORD-04777,CUST-00205,2022-02-07,Delivered,PayPal,Jewelry,PACK OF 6 SKULL PAPER CUPS,1,1.46,EU,2022-02-07
ORD-04778,CUST-00278,2022-05-25,Delivered,Bank Transfer,Jewelry,WHITE SKULL GIFT BAG,6,1.43,UK,2022-05-25
ORD-04779,CUST-00528,2023-06-07,Pending,Debit Card,Toys,FELTCRAFT GIRL AMELIE KIT,2,9.52,UK,2023-06-07
ORD-04780,CUST-00016,2023-09-20,Shipped,PayPal,Stationery,"PAPER CRAFT , BABY GIRL",3,2.99,EU,2023-09-20
ORD-04781,CUST-00681,2023-04-15,Delivered,Debit Card,Jewelry,HEART OF WICKER SMALL,2,1.84,UK,2023-04-15
ORD-04782,CUST-00143,2024-04-05,Shipped,PayPal,Bathroom,BATH BUILDING BLOCK WORD,2,5.78,EU,2024-04-05
ORD-04783,CUST-00237,2024-01-28,Delivered,PayPal,Bathroom,BATH BOMB FIZZER SHEA BUTTER,1,1.39,UK,2024-01-28
ORD-04784,CUST-00989,2023-07-29,Delivered,Credit Card,Garden,GARDEN TOOL SET 3PC,3,13.48,EU,2023-07-29
ORD-04785,CUST-00165,2024-05-31,Delivered,Credit Card,Kitchen,LUNCH BAG WITH BLACK CAT,12,1.31,EU,2024-05-31
ORD-04786,CUST-00695,2023-01-07,Delivered,Credit Card,Home Decor,HAND WARMER UNION JACK FLG,2,3.62,EU,2023-01-07
ORD-04787,CUST-00137,2022-10-21,Shipped,Debit Card,Clothing,FELTCRAFT PETAL BAG,2,6.71,EU,2022-10-21
ORD-04788,CUST-00796,2024-06-20,Delivered,PayPal,Garden,WATERING CAN PINK,4,5.85,UK,2024-06-20
ORD-04789,CUST-00714,2022-08-11,Shipped,Debit Card,Bathroom,BATH BUILDING BLOCK WORD,3,5.41,UK,2022-08-11
ORD-04790,CUST-00754,2024-05-08,Delivered,Bank Transfer,Clothing,WORLD WAR 2 GLIDERS ASSTD DESIGNS,1,3.12,UK,2024-05-08
ORD-04791,CUST-00990,2024-06-28,Delivered,Bank Transfer,Stationery,GREETING CARD SAFARI,12,1.36,UK,2024-06-28
ORD-04792,CUST-00983,2023-10-12,Pending,Credit Card,Clothing,FELTCRAFT PETAL BAG,1,6.22,EU,2023-10-12
ORD-04793,CUST-00730,2022-10-30,Pending,Debit Card,Kitchen,LUNCH BAG RED RETROSPOT,1,1.68,EU,2022-10-30
ORD-04794,CUST-00522,2023-07-26,Shipped,Credit Card,Bathroom,BATH BOMB FIZZER SHEA BUTTER,1,1.51,UK,2023-07-26
ORD-04795,CUST-00812,2023-12-30,Delivered,Apple Pay,Kitchen,JUMBO SHOPPER VINTAGE RED PAISLEY,3,7.19,UK,2023-12-30
ORD-04796,CUST-00772,2024-08-13,Delivered,PayPal,Garden,PLANT POT HOLDER,3,2.82,UK,2024-08-13
ORD-04797,CUST-00146,2024-08-21,Delivered,Debit Card,Kitchen,LUNCH BAG WITH BLACK CAT,2,1.56,UK,2024-08-21
ORD-04798,CUST-00271,2023-05-04,Delivered,Debit Card,Kitchen,LUNCH BAG WITH BLACK CAT,2,1.64,EU,2023-05-04
ORD-04799,CUST-00467,2022-12-14,Pending,Credit Card,Stationery,GREETING CARD SAFARI,1,1.29,EU,2022-12-14
ORD-04800,CUST-00675,2022-04-06,Pending,PayPal,Toys,FELTCRAFT GIRL AMELIE KIT,3,8.98,UK,2022-04-06
ORD-04801,CUST-00539,2023-12-30,Shipped,Apple Pay,Bathroom,DOORMAT SPOTTY,2,4.51,UK,2023-12-30
ORD-04802,CUST-00236,2023-07-02,Delivered,Apple Pay,Jewelry,PACK OF 6 SKULL PAPER PLATES,6,1.39,UK,2023-07-02
ORD-04803,CUST-00895,2024-02-16,Delivered,PayPal,Bathroom,DOORMAT SPOTTY,1,5.62,EU,2024-02-16
ORD-04804,CUST-00474,2024-06-24,Delivered,Apple Pay,Garden,GARDEN TOOL SET 3PC,24,14.09,UK,2024-06-24
ORD-04805,CUST-00253,2022-11-15,Delivered,Bank Transfer,Garden,WATERING CAN PINK,4,6.77,UK,2022-11-15
ORD-04806,CUST-00058,2024-04-29,Shipped,Apple Pay,Garden,BIRD HOUSE WOODLAND,3,11.80,UK,2024-04-29
ORD-04807,CUST-00182,2023-10-17,Pending,PayPal,Toys,FELTCRAFT GIRL AMELIE KIT,2,8.41,EU,2023-10-17
ORD-04808,CUST-00318,2023-11-13,Delivered,Bank Transfer,Stationery,PAPER CHAIN KIT VINTAGE CHRISTMAS,1,1.49,EU,2023-11-13
ORD-04809,CUST-00607,2023-10-23,Delivered,Credit Card,Bathroom,DOORMAT ENGLAND,2,5.92,EU,2023-10-23
ORD-04810,CUST-00533,2022-08-09,Delivered,Credit Card,Clothing,MINI PAINT SET VINTAGE,3,3.35,EU,2022-08-09
ORD-04811,CUST-00895,2024-01-06,Shipped,PayPal,Home Decor,SET OF 6 SKULLS GIFT BAGS,12,1.25,EU,2024-01-06
ORD-04812,CUST-00805,2022-04-28,Delivered,PayPal,Jewelry,PACK OF 6 SKULL PAPER PLATES,1,1.49,EU,2022-04-28
ORD-04813,CUST-00767,2022-12-07,Refunded,Credit Card,Stationery,"PAPER CRAFT , BABY BOY",1,3.50,EU,2022-12-07
ORD-04814,CUST-00090,2023-05-15,Delivered,Debit Card,Jewelry,HEART OF WICKER LARGE,1,4.77,UK,2023-05-15
ORD-04815,CUST-00411,2023-08-21,Shipped,PayPal,Clothing,WOOLLY HOPPIE WHITE HEART,1,4.40,EU,2023-08-21
ORD-04816,CUST-00300,2023-11-27,Delivered,Credit Card,Jewelry,PACK OF 6 SKULL PAPER CUPS,24,1.45,EU,2023-11-27
ORD-04817,CUST-00725,2024-04-09,Delivered,Debit Card,Toys,WOODEN STAR CHRISTMAS SCANDI,3,2.12,UK,2024-04-09
ORD-04818,CUST-00021,2022-01-24,Delivered,Credit Card,Home Decor,HAND WARMER RED POLKA DOT,3,3.71,UK,2022-01-24
ORD-04819,CUST-00761,2023-11-15,Delivered,Credit Card,Bathroom,BATH BOMB FIZZER SHEA BUTTER,1,1.66,UK,2023-11-15
ORD-04820,CUST-00405,2022-11-28,Delivered,Credit Card,Home Decor,JUMBO BAG VINTAGE LEAF,2,4.93,EU,2022-11-28
ORD-04821,CUST-00260,2023-08-02,Delivered,Bank Transfer,Jewelry,PACK OF 6 SKULL PAPER PLATES,6,1.41,EU,2023-08-02
ORD-04822,CUST-00101,2024-04-03,Pending,Apple Pay,Jewelry,WHITE SKULL GIFT BAG,4,1.60,EU,2024-04-03
ORD-04823,CUST-00009,2022-12-28,Delivered,Bank Transfer,Home Decor,WHITE HANGING HEART T-LIGHT HOLDER,4,3.21,EU,2022-12-28
ORD-04824,CUST-00922,2023-05-11,Delivered,PayPal,Home Decor,JUMBO BAG VINTAGE LEAF,1,5.43,EU,2023-05-11
ORD-04825,CUST-00898,2023-03-10,Shipped,Debit Card,Clothing,FELTCRAFT DOLL MEGGY,4,10.63,UK,2023-03-10
ORD-04826,CUST-00635,2022-02-15,Cancelled,PayPal,Bathroom,DOORMAT SPOTTY,6,4.75,UK,2022-02-15
ORD-04827,CUST-00118,2024-01-31,Shipped,Debit Card,Stationery,GREETING CARD SAFARI,1,1.30,UK,2024-01-31
ORD-04828,CUST-00669,2024-02-17,Cancelled,PayPal,Home Decor,SET OF 3 BUTTERFLY COOKIE CUTTERS,12,1.90,EU,2024-02-17
ORD-04829,CUST-00238,2023-11-28,Delivered,Bank Transfer,Stationery,"PAPER CRAFT , BABY GIRL",2,3.25,UK,2023-11-28
ORD-04830,CUST-00218,2022-05-14,Shipped,PayPal,Bathroom,BATH BOMB FIZZER SHEA BUTTER,24,1.65,UK,2022-05-14
ORD-04831,CUST-00545,2022-03-13,Pending,Apple Pay,Toys,WOODEN STAR CHRISTMAS SCANDI,2,1.88,EU,2022-03-13
ORD-04832,CUST-00449,2024-07-23,Delivered,Debit Card,Jewelry,HEART OF WICKER SMALL,1,1.76,EU,2024-07-23
ORD-04833,CUST-00889,2022-03-29,Cancelled,Apple Pay,Toys,VINTAGE CHRISTMAS PAPER GIFT BAG,1,1.65,UK,2022-03-29
ORD-04834,CUST-00611,2023-02-08,Shipped,Bank Transfer,Home Decor,HAND WARMER RED POLKA DOT,2,3.32,EU,2023-02-08
ORD-04835,CUST-00619,2023-05-01,Shipped,Credit Card,Clothing,MINI PAINT SET VINTAGE,2,3.25,EU,2023-05-01
ORD-04836,CUST-00471,2024-02-26,Shipped,Bank Transfer,Kitchen,LUNCH BAG SUKI DESIGN,6,1.38,EU,2024-02-26
ORD-04837,CUST-00434,2024-01-23,Pending,Debit Card,Toys,VINTAGE CHRISTMAS PAPER GIFT BAG,4,1.41,EU,2024-01-23
ORD-04838,CUST-00357,2024-05-17,Cancelled,PayPal,Clothing,MINI PAINT SET VINTAGE,1,3.48,EU,2024-05-17
ORD-04839,CUST-00733,2023-04-02,Delivered,Bank Transfer,Kitchen,LUNCH BOX WITH CUTLERY,12,3.74,EU,2023-04-02
ORD-04840,CUST-00502,2024-09-19,Delivered,Credit Card,Home Decor,SET OF 3 BUTTERFLY COOKIE CUTTERS,2,1.76,EU,2024-09-19
ORD-04841,CUST-00765,2023-12-07,Shipped,Apple Pay,Kitchen,JUMBO BAG RED RETROSPOT,4,4.72,UK,2023-12-07
ORD-04842,CUST-00305,2024-01-14,Delivered,Credit Card,Stationery,GREETING CARD SAFARI,12,1.23,UK,2024-01-14
ORD-04843,CUST-00188,2023-12-16,Delivered,Apple Pay,Clothing,WOOLLY HOPPIE WHITE HEART,2,3.67,UK,2023-12-16
ORD-04844,CUST-00210,2022-04-20,Delivered,Bank Transfer,Jewelry,REGENCY TEACUP AND SAUCER,2,4.42,EU,2022-04-20
ORD-04845,CUST-00181,2022-09-19,Shipped,Credit Card,Stationery,"PAPER CRAFT , BABY BOY",2,3.27,EU,2022-09-19
ORD-04846,CUST-00598,2022-12-11,Shipped,Bank Transfer,Garden,GARDENERS KNEELER DESK,1,8.60,UK,2022-12-11
ORD-04847,CUST-00223,2023-02-04,Pending,Credit Card,Home Decor,HAND WARMER UNION JACK FLG,1,3.45,UK,2023-02-04
ORD-04848,CUST-00812,2022-09-23,Pending,Apple Pay,Kitchen,JUMBO BAG RED RETROSPOT,2,4.57,UK,2022-09-23
ORD-04849,CUST-00474,2024-05-17,Delivered,PayPal,Clothing,FELTCRAFT PETAL BAG,48,6.80,UK,2024-05-17
ORD-04850,CUST-00860,2023-11-01,Shipped,Debit Card,Toys,VINTAGE CHRISTMAS PAPER GIFT BAG,1,1.39,UK,2023-11-01
ORD-04851,CUST-00895,2023-11-18,Delivered,Apple Pay,Clothing,WORLD WAR 2 GLIDERS ASSTD DESIGNS,4,3.32,EU,2023-11-18
ORD-04852,CUST-00426,2023-10-06,Delivered,Apple Pay,Garden,WATERING CAN PINK,24,6.22,UK,2023-10-06
ORD-04853,CUST-00325,2023-04-17,Delivered,Credit Card,Jewelry,PACK OF 6 SKULL PAPER PLATES,4,1.27,UK,2023-04-17
ORD-04854,CUST-00343,2024-01-02,Delivered,Bank Transfer,Garden,WATERING CAN PINK,1,6.41,UK,2024-01-02
ORD-04855,CUST-00092,2023-01-29,Delivered,Apple Pay,Home Decor,JUMBO BAG VINTAGE LEAF,4,5.82,UK,2023-01-29
ORD-04856,CUST-00953,2022-07-07,Refunded,Bank Transfer,Kitchen,LUNCH BAG RED RETROSPOT,2,1.61,UK,2022-07-07
ORD-04857,CUST-00010,2022-08-11,Delivered,Credit Card,Kitchen,JUMBO BAG RED RETROSPOT,4,5.31,UK,2022-08-11
ORD-04858,CUST-00218,2023-04-28,Delivered,Bank Transfer,Kitchen,LUNCH BAG WITH BLACK CAT,2,1.55,UK,2023-04-28
ORD-04859,CUST-00021,2023-07-13,Delivered,PayPal,Home Decor,REGENCY CAKESTAND 3 TIER,1,13.14,UK,2023-07-13
ORD-04860,CUST-00078,2022-05-19,Delivered,Credit Card,Garden,WATERING CAN PINK,2,5.50,EU,2022-05-19
ORD-04861,CUST-00539,2023-01-19,Pending,Apple Pay,Bathroom,DOORMAT UNION JACK,1,5.38,UK,2023-01-19
ORD-04862,CUST-00362,2023-11-14,Refunded,PayPal,Stationery,PAPER CHAIN KIT VINTAGE CHRISTMAS,6,1.51,UK,2023-11-14
ORD-04863,CUST-00345,2023-12-11,Shipped,Debit Card,Toys,FELTCRAFT BUTTERFLY PURSE,3,5.63,UK,2023-12-11
ORD-04864,CUST-00708,2022-01-27,Delivered,Bank Transfer,Toys,FELTCRAFT PRINCESS CHARLOTTE DOLL,2,9.37,UK,2022-01-27
ORD-04865,CUST-00200,2022-06-01,Delivered,Debit Card,Home Decor,WHITE HANGING HEART T-LIGHT HOLDER,6,2.79,UK,2022-06-01
ORD-04866,CUST-00623,2022-05-28,Delivered,Bank Transfer,Home Decor,SET OF 6 SKULLS GIFT BAGS,6,1.26,UK,2022-05-28
ORD-04867,CUST-00540,2024-07-04,Shipped,Apple Pay,Jewelry,HEART OF WICKER LARGE,2,5.01,UK,2024-07-04
ORD-04868,CUST-00665,2023-02-25,Delivered,PayPal,Stationery,PAPER CHAIN KIT VINTAGE CHRISTMAS,2,1.72,UK,2023-02-25
ORD-04869,CUST-00871,2023-11-24,Shipped,Credit Card,Clothing,FELTCRAFT PETAL BAG,2,6.09,EU,2023-11-24
ORD-04870,CUST-00466,2022-04-16,Delivered,Credit Card,Clothing,WOOLLY HOPPIE WHITE HEART,1,3.96,UK,2022-04-16
ORD-04871,CUST-00564,2023-07-14,Pending,Apple Pay,Garden,PLANT POT HOLDER,4,2.70,EU,2023-07-14
ORD-04872,CUST-00492,2024-08-16,Cancelled,Credit Card,Garden,GARDENERS KNEELER DESK,2,7.90,EU,2024-08-16
ORD-04873,CUST-00766,2022-01-13,Shipped,Credit Card,Clothing,WOOLLY HOPPIE WHITE HEART,2,3.50,UK,2022-01-13
ORD-04874,CUST-00112,2024-06-30,Delivered,Bank Transfer,Home Decor,WHITE HANGING HEART T-LIGHT HOLDER,3,3.22,EU,2024-06-30
ORD-04875,CUST-00499,2022-09-17,Delivered,Credit Card,Jewelry,HEART OF WICKER SMALL,2,2.32,UK,2022-09-17
ORD-04876,CUST-00603,2024-01-18,Delivered,Bank Transfer,Home Decor,SET OF 3 BUTTERFLY COOKIE CUTTERS,2,2.23,UK,2024-01-18
ORD-04877,CUST-00386,2022-10-30,Shipped,PayPal,Home Decor,ROSES REGENCY TEACUP AND SAUCER,12,4.26,EU,2022-10-30
ORD-04878,CUST-00249,2023-03-30,Shipped,Apple Pay,Home Decor,SET OF 6 SKULLS GIFT BAGS,1,1.43,UK,2023-03-30
ORD-04879,CUST-00419,2024-07-04,Delivered,Debit Card,Home Decor,SET OF 6 SKULLS GIFT BAGS,1,1.30,UK,2024-07-04
ORD-04880,CUST-00813,2023-05-30,Pending,Credit Card,Clothing,WORLD WAR 2 GLIDERS ASSTD DESIGNS,2,3.44,EU,2023-05-30
ORD-04881,CUST-00354,2022-07-31,Delivered,Bank Transfer,Home Decor,WHITE HANGING HEART T-LIGHT HOLDER,1,3.08,EU,2022-07-31
ORD-04882,CUST-00251,2024-09-13,Shipped,Apple Pay,Bathroom,DOORMAT ENGLAND,48,4.53,UK,2024-09-13
ORD-04883,CUST-00297,2022-09-16,Delivered,Bank Transfer,Home Decor,WHITE HANGING HEART T-LIGHT HOLDER,2,3.22,EU,2022-09-16
ORD-04884,CUST-00028,2023-08-01,Delivered,Apple Pay,Jewelry,HEART OF WICKER LARGE,2,5.81,UK,2023-08-01
ORD-04885,CUST-00078,2023-04-07,Shipped,Bank Transfer,Bathroom,DOORMAT UNION JACK,2,5.33,EU,2023-04-07
ORD-04886,CUST-00387,2024-08-16,Shipped,Credit Card,Home Decor,HAND WARMER UNION JACK FLG,3,3.81,EU,2024-08-16
ORD-04887,CUST-00622,2023-05-12,Refunded,Debit Card,Toys,FELTCRAFT BUTTERFLY PURSE,1,6.70,EU,2023-05-12
ORD-04888,CUST-00399,2023-10-24,Delivered,PayPal,Stationery,"PAPER CRAFT , BABY GIRL",2,3.20,UK,2023-10-24
ORD-04889,CUST-00537,2023-09-02,Delivered,PayPal,Stationery,"PAPER CRAFT , BABY BOY",6,3.10,UK,2023-09-02
ORD-04890,CUST-00925,2022-09-08,Pending,Apple Pay,Jewelry,BLACK SKULL GIFT BAG,12,1.50,UK,2022-09-08
ORD-04891,CUST-00549,2024-03-22,Delivered,Bank Transfer,Bathroom,BATH BOMB FIZZER SHEA BUTTER,48,1.42,EU,2024-03-22
ORD-04892,CUST-00067,2022-07-05,Shipped,PayPal,Stationery,"PAPER CRAFT , BABY GIRL",1,3.15,EU,2022-07-05
ORD-04893,CUST-00489,2023-10-18,Shipped,Debit Card,Toys,WOODEN STAR CHRISTMAS SCANDI,2,1.89,UK,2023-10-18
ORD-04894,CUST-00228,2023-01-14,Shipped,Credit Card,Toys,VINTAGE CHRISTMAS PAPER GIFT BAG,1,1.50,UK,2023-01-14
ORD-04895,CUST-00805,2023-07-31,Delivered,Bank Transfer,Jewelry,HEART OF WICKER LARGE,1,5.27,EU,2023-07-31
ORD-04896,CUST-00341,2023-07-05,Delivered,Debit Card,Garden,WATERING CAN PINK,2,6.91,EU,2023-07-05
ORD-04897,CUST-00130,2023-10-17,Delivered,Credit Card,Clothing,FELTCRAFT DOLL MEGGY,1,9.65,EU,2023-10-17
ORD-04898,CUST-00332,2024-01-28,Pending,Debit Card,Jewelry,PACK OF 6 SKULL PAPER PLATES,1,1.23,UK,2024-01-28
ORD-04899,CUST-00389,2022-11-27,Delivered,Credit Card,Garden,GARDENERS KNEELER DESK,3,7.83,EU,2022-11-27
ORD-04900,CUST-00586,2022-10-25,Delivered,Bank Transfer,Home Decor,SET OF 6 SKULLS GIFT BAGS,1,1.47,EU,2022-10-25
ORD-04901,CUST-00106,2024-08-18,Delivered,Credit Card,Kitchen,LUNCH BAG WITH BLACK CAT,1,1.41,UK,2024-08-18
ORD-04902,CUST-00794,2023-01-16,Delivered,Debit Card,Clothing,MINI PAINT SET VINTAGE,2,2.86,UK,2023-01-16
ORD-04903,CUST-00898,2022-11-18,Cancelled,Apple Pay,Clothing,FELTCRAFT CUSHION FLOWER,2,11.78,UK,2022-11-18
ORD-04904,CUST-00687,2024-04-10,Shipped,Debit Card,Toys,FELTCRAFT PRINCESS CHARLOTTE DOLL,1,9.12,EU,2024-04-10
ORD-04905,CUST-00748,2022-01-01,Delivered,Apple Pay,Clothing,FELTCRAFT CUSHION FLOWER,1,10.16,UK,2022-01-01
ORD-04906,CUST-00501,2023-06-01,Delivered,Apple Pay,Clothing,MINI PAINT SET VINTAGE,3,3.22,UK,2023-06-01
ORD-04907,CUST-00150,2023-04-22,Delivered,Bank Transfer,Clothing,WORLD WAR 2 GLIDERS ASSTD DESIGNS,6,3.53,UK,2023-04-22
ORD-04908,CUST-00254,2022-08-13,Delivered,Apple Pay,Kitchen,JUMBO BAG RED RETROSPOT,3,5.15,EU,2022-08-13
ORD-04909,CUST-00743,2023-02-26,Pending,Bank Transfer,Bathroom,BATH BUILDING BLOCK WORD,12,6.86,UK,2023-02-26
ORD-04910,CUST-00674,2022-11-30,Cancelled,Credit Card,Jewelry,PACK OF 6 SKULL PAPER CUPS,48,1.31,EU,2022-11-30
ORD-04911,CUST-00810,2022-10-12,Refunded,Credit Card,Clothing,MINI PAINT SET VINTAGE,1,3.22,UK,2022-10-12
ORD-04912,CUST-00455,2024-08-25,Delivered,Credit Card,Clothing,FELTCRAFT CUSHION FLOWER,1,10.15,UK,2024-08-25
ORD-04913,CUST-00703,2022-08-25,Delivered,Debit Card,Kitchen,JUMBO SHOPPER VINTAGE RED PAISLEY,1,7.18,EU,2022-08-25
ORD-04914,CUST-00415,2022-12-20,Shipped,Debit Card,Garden,PLANT POT HOLDER,1,3.11,EU,2022-12-20
ORD-04915,CUST-00017,2024-01-26,Shipped,Bank Transfer,Garden,GARDEN TOOL SET 3PC,3,14.26,EU,2024-01-26
ORD-04916,CUST-00124,2023-08-22,Delivered,Bank Transfer,Kitchen,JUMBO BAG STRAWBERRY,2,4.93,UK,2023-08-22
ORD-04917,CUST-00169,2022-04-03,Delivered,Apple Pay,Bathroom,DOORMAT UNION JACK,6,4.92,UK,2022-04-03
ORD-04918,CUST-00806,2023-06-03,Delivered,PayPal,Toys,FELTCRAFT BUTTERFLY PURSE,2,5.42,EU,2023-06-03
ORD-04919,CUST-00008,2022-07-25,Delivered,Credit Card,Toys,WOODEN HEART CHRISTMAS SCANDI,2,1.94,UK,2022-07-25
ORD-04920,CUST-00374,2023-10-04,Delivered,Bank Transfer,Home Decor,ROSES REGENCY TEACUP AND SAUCER,4,3.76,EU,2023-10-04
ORD-04921,CUST-00535,2022-02-04,Delivered,Credit Card,Home Decor,SET OF 3 BUTTERFLY COOKIE CUTTERS,12,2.31,EU,2022-02-04
ORD-04922,CUST-00358,2023-02-23,Delivered,Bank Transfer,Kitchen,JUMBO SHOPPER VINTAGE RED PAISLEY,6,8.03,EU,2023-02-23
ORD-04923,CUST-00187,2022-11-22,Shipped,Debit Card,Kitchen,JUMBO BAG STRAWBERRY,6,5.25,EU,2022-11-22
ORD-04924,CUST-00567,2022-07-07,Delivered,Apple Pay,Stationery,"PAPER CRAFT , BABY BOY",6,3.39,UK,2022-07-07
ORD-04925,CUST-00960,2024-04-13,Delivered,Debit Card,Garden,GARDEN TOOL SET 3PC,1,13.87,UK,2024-04-13
ORD-04926,CUST-00115,2022-06-24,Shipped,Debit Card,Bathroom,DOORMAT ENGLAND,48,5.53,UK,2022-06-24
ORD-04927,CUST-00485,2024-06-26,Delivered,Debit Card,Kitchen,LUNCH BAG RED RETROSPOT,2,1.31,UK,2024-06-26
ORD-04928,CUST-00580,2023-06-28,Shipped,Bank Transfer,Home Decor,HAND WARMER RED POLKA DOT,6,3.59,UK,2023-06-28
ORD-04929,CUST-00573,2024-05-31,Delivered,Apple Pay,Bathroom,BATH BOMB FIZZER SHEA BUTTER,4,1.52,UK,2024-05-31
ORD-04930,CUST-00952,2023-07-03,Shipped,PayPal,Kitchen,LUNCH BAG SUKI DESIGN,2,1.38,EU,2023-07-03
ORD-04931,CUST-00683,2023-05-08,Shipped,PayPal,Stationery,PAPER CHAIN KIT VINTAGE CHRISTMAS,1,1.48,EU,2023-05-08
ORD-04932,CUST-00578,2024-07-24,Delivered,PayPal,Garden,PLANT POT HOLDER,2,2.87,EU,2024-07-24
ORD-04933,CUST-00298,2024-02-02,Delivered,Bank Transfer,Kitchen,LUNCH BAG RED RETROSPOT,6,1.44,UK,2024-02-02
ORD-04934,CUST-00493,2022-10-28,Pending,PayPal,Jewelry,REGENCY TEACUP AND SAUCER,1,4.47,UK,2022-10-28
ORD-04935,CUST-00705,2023-05-30,Delivered,Credit Card,Clothing,FELTCRAFT PETAL BAG,3,6.45,UK,2023-05-30
ORD-04936,CUST-00644,2023-06-26,Delivered,Debit Card,Toys,FELTCRAFT PRINCESS CHARLOTTE DOLL,24,10.22,EU,2023-06-26
ORD-04937,CUST-00351,2024-03-14,Delivered,Debit Card,Toys,WOODEN HEART CHRISTMAS SCANDI,3,2.20,EU,2024-03-14
ORD-04938,CUST-00048,2022-04-27,Pending,PayPal,Toys,FELTCRAFT GIRL AMELIE KIT,1,8.83,UK,2022-04-27
ORD-04939,CUST-00088,2024-08-30,Cancelled,PayPal,Garden,WATERING CAN PINK,1,6.19,UK,2024-08-30
ORD-04940,CUST-00594,2023-06-20,Delivered,Bank Transfer,Bathroom,BATH BUILDING BLOCK WORD,1,6.03,EU,2023-06-20
ORD-04941,CUST-00785,2023-10-13,Shipped,Bank Transfer,Clothing,WOOLLY HOPPIE WHITE HEART,6,3.47,UK,2023-10-13
ORD-04942,CUST-00993,2022-01-18,Delivered,Bank Transfer,Stationery,"PAPER CRAFT , BABY GIRL",1,3.23,UK,2022-01-18
ORD-04943,CUST-00680,2024-06-11,Delivered,PayPal,Jewelry,BLACK SKULL GIFT BAG,2,1.32,EU,2024-06-11
ORD-04944,CUST-00566,2023-08-25,Pending,Bank Transfer,Bathroom,DOORMAT SPOTTY,1,5.41,EU,2023-08-25
ORD-04945,CUST-00024,2023-11-30,Pending,Bank Transfer,Stationery,PAPER CHAIN KIT 50'S CHRISTMAS,12,1.55,UK,2023-11-30
ORD-04946,CUST-00318,2022-12-07,Delivered,PayPal,Jewelry,HEART OF WICKER SMALL,6,2.12,EU,2022-12-07
ORD-04947,CUST-00757,2023-06-03,Cancelled,Debit Card,Clothing,WORLD WAR 2 GLIDERS ASSTD DESIGNS,12,3.23,EU,2023-06-03
ORD-04948,CUST-00808,2023-02-18,Shipped,Debit Card,Jewelry,BLACK SKULL GIFT BAG,2,1.55,EU,2023-02-18
ORD-04949,CUST-00892,2023-06-07,Cancelled,Credit Card,Home Decor,REGENCY CAKESTAND 3 TIER,2,12.72,UK,2023-06-07
ORD-04950,CUST-00497,2022-12-24,Pending,PayPal,Home Decor,HAND WARMER RED POLKA DOT,3,3.28,EU,2022-12-24
ORD-04951,CUST-00893,2023-10-25,Delivered,Apple Pay,Jewelry,BLACK SKULL GIFT BAG,4,1.42,EU,2023-10-25
ORD-04952,CUST-00646,2023-11-19,Delivered,Credit Card,Clothing,FELTCRAFT CUSHION FLOWER,2,11.05,EU,2023-11-19
ORD-04953,CUST-00748,2024-07-17,Cancelled,Apple Pay,Home Decor,HAND WARMER RED POLKA DOT,1,3.27,UK,2024-07-17
ORD-04954,CUST-00019,2024-01-12,Delivered,Apple Pay,Bathroom,DOORMAT UNION JACK,4,5.75,UK,2024-01-12
ORD-04955,CUST-00819,2024-05-12,Shipped,PayPal,Clothing,FELTCRAFT PETAL BAG,2,6.48,UK,2024-05-12
ORD-04956,CUST-00011,2023-03-25,Pending,Apple Pay,Clothing,WOOLLY HOPPIE WHITE HEART,3,3.50,UK,2023-03-25
ORD-04957,CUST-00515,2022-01-15,Refunded,Apple Pay,Stationery,"PAPER CRAFT , BABY BOY",1,3.10,UK,2022-01-15
ORD-04958,CUST-00992,2024-09-09,Delivered,Apple Pay,Kitchen,LUNCH BAG SUKI DESIGN,12,1.73,UK,2024-09-09
ORD-04959,CUST-00106,2023-10-04,Delivered,Bank Transfer,Home Decor,SET OF 6 SKULLS GIFT BAGS,12,1.21,UK,2023-10-04
ORD-04960,CUST-00618,2023-01-09,Pending,Bank Transfer,Kitchen,LUNCH BAG RED RETROSPOT,4,1.54,UK,2023-01-09
ORD-04961,CUST-00259,2022-06-07,Shipped,Debit Card,Garden,GARDENERS KNEELER DESK,1,8.13,UK,2022-06-07
ORD-04962,CUST-00115,2022-04-21,Pending,Bank Transfer,Kitchen,LUNCH BOX WITH CUTLERY,12,3.62,UK,2022-04-21
ORD-04963,CUST-00608,2024-06-06,Shipped,Apple Pay,Toys,VINTAGE CHRISTMAS PAPER GIFT BAG,2,1.38,UK,2024-06-06
ORD-04964,CUST-00364,2024-08-22,Shipped,PayPal,Toys,WOODEN HEART CHRISTMAS SCANDI,6,2.13,EU,2024-08-22
ORD-04965,CUST-00373,2023-10-26,Delivered,Bank Transfer,Home Decor,HAND WARMER RED POLKA DOT,3,3.69,UK,2023-10-26
ORD-04966,CUST-00123,2022-04-02,Delivered,Bank Transfer,Stationery,GREETING CARD SAFARI,24,1.37,EU,2022-04-02
ORD-04967,CUST-00097,2023-01-27,Cancelled,Credit Card,Stationery,"PAPER CRAFT , BABY GIRL",1,2.90,EU,2023-01-27
ORD-04968,CUST-00272,2022-12-07,Pending,PayPal,Bathroom,BATH BOMB FIZZER SHEA BUTTER,2,1.70,UK,2022-12-07
ORD-04969,CUST-00269,2022-10-18,Refunded,Apple Pay,Kitchen,LUNCH BAG RED RETROSPOT,2,1.49,UK,2022-10-18
ORD-04970,CUST-00758,2023-03-01,Delivered,PayPal,Jewelry,WHITE SKULL GIFT BAG,1,1.70,EU,2023-03-01
ORD-04971,CUST-00746,2024-05-09,Delivered,Credit Card,Garden,WATERING CAN PINK,1,6.53,UK,2024-05-09
ORD-04972,CUST-00856,2023-07-26,Pending,Apple Pay,Home Decor,SET OF 6 SKULLS GIFT BAGS,24,1.43,UK,2023-07-26
ORD-04973,CUST-00519,2023-09-10,Shipped,Apple Pay,Toys,WOODEN HEART CHRISTMAS SCANDI,6,1.83,UK,2023-09-10
ORD-04974,CUST-00828,2024-08-11,Shipped,Debit Card,Home Decor,ROSES REGENCY TEACUP AND SAUCER,2,4.04,EU,2024-08-11
ORD-04975,CUST-00320,2022-01-03,Delivered,Bank Transfer,Home Decor,JUMBO BAG VINTAGE LEAF,6,5.45,EU,2022-01-03
ORD-04976,CUST-00289,2022-09-25,Delivered,PayPal,Jewelry,REGENCY TEACUP AND SAUCER,4,3.72,EU,2022-09-25
ORD-04977,CUST-00004,2022-12-27,Shipped,Debit Card,Home Decor,REGENCY CAKESTAND 3 TIER,2,11.95,EU,2022-12-27
ORD-04978,CUST-00334,2022-07-22,Pending,Bank Transfer,Garden,PLANT POT HOLDER,2,2.73,UK,2022-07-22
ORD-04979,CUST-00738,2022-09-19,Cancelled,PayPal,Kitchen,LUNCH BOX WITH CUTLERY,12,3.61,UK,2022-09-19
ORD-04980,CUST-00353,2022-12-27,Shipped,Debit Card,Kitchen,JUMBO BAG STRAWBERRY,12,5.31,UK,2022-12-27
ORD-04981,CUST-00892,2023-05-08,Shipped,PayPal,Jewelry,WHITE SKULL GIFT BAG,2,1.37,UK,2023-05-08
ORD-04982,CUST-00412,2024-07-15,Shipped,Apple Pay,Toys,FELTCRAFT PRINCESS CHARLOTTE DOLL,3,8.22,EU,2024-07-15
ORD-04983,CUST-00945,2023-04-28,Pending,Bank Transfer,Home Decor,JUMBO BAG VINTAGE LEAF,4,5.11,EU,2023-04-28
ORD-04984,CUST-00193,2022-07-08,Delivered,Debit Card,Home Decor,SET OF 3 BUTTERFLY COOKIE CUTTERS,2,2.16,EU,2022-07-08
ORD-04985,CUST-00501,2022-09-12,Shipped,Bank Transfer,Toys,FELTCRAFT GIRL AMELIE KIT,24,10.02,UK,2022-09-12
ORD-04986,CUST-00163,2023-02-24,Pending,Bank Transfer,Stationery,"PAPER CRAFT , BABY BOY",1,2.79,UK,2023-02-24
ORD-04987,CUST-00938,2024-06-22,Delivered,Apple Pay,Clothing,FELTCRAFT DOLL MEGGY,2,8.84,UK,2024-06-22
ORD-04988,CUST-00813,2024-05-14,Shipped,Bank Transfer,Toys,VINTAGE CHRISTMAS PAPER GIFT BAG,12,1.56,EU,2024-05-14
ORD-04989,CUST-00551,2022-10-29,Delivered,Debit Card,Stationery,"PAPER CRAFT , BABY BOY",3,3.06,UK,2022-10-29
ORD-04990,CUST-01000,2022-07-18,Delivered,Debit Card,Jewelry,PACK OF 6 SKULL PAPER CUPS,1,1.35,UK,2022-07-18
ORD-04991,CUST-00428,2022-06-10,Refunded,Bank Transfer,Toys,WOODEN HEART CHRISTMAS SCANDI,2,2.27,UK,2022-06-10
ORD-04992,CUST-00419,2024-09-14,Delivered,PayPal,Toys,VINTAGE CHRISTMAS PAPER GIFT BAG,1,1.66,UK,2024-09-14
ORD-04993,CUST-00236,2023-10-24,Delivered,Debit Card,Stationery,PAPER CHAIN KIT 50'S CHRISTMAS,3,1.70,UK,2023-10-24
ORD-04994,CUST-00033,2024-01-01,Delivered,Debit Card,Home Decor,ROSES REGENCY TEACUP AND SAUCER,1,3.51,UK,2024-01-01
ORD-04995,CUST-00896,2022-12-16,Shipped,Credit Card,Kitchen,LUNCH BAG RED RETROSPOT,2,1.56,EU,2022-12-16
ORD-04996,CUST-00938,2022-07-13,Shipped,PayPal,Home Decor,SET OF 3 BUTTERFLY COOKIE CUTTERS,3,2.07,UK,2022-07-13
ORD-04997,CUST-00815,2023-06-09,Pending,Bank Transfer,Jewelry,REGENCY TEACUP AND SAUCER,24,4.19,EU,2023-06-09
ORD-04998,CUST-00413,2022-09-13,Delivered,Apple Pay,Bathroom,DOORMAT UNION JACK,3,4.47,EU,2022-09-13
ORD-04999,CUST-00060,2023-06-26,Delivered,Apple Pay,Kitchen,LUNCH BAG SUKI DESIGN,12,1.40,UK,2023-06-26
ORD-05000,CUST-00660,2022-12-29,Shipped,Debit Card,Garden,WATERING CAN PINK,48,5.48,UK,2022-12-29
